	tweet	sarcasm	sentiment	dialect	predictions
0	اخوي حانق يالغلا وشفيك معصب؟ عادي تراهم بشر يفطرون الصبح قلابة وتميس, تيك ات ايزي مان, RELAX  	False	NEG	msa	0
1	اف مو متعوده عليهم سته https://t.co/8igFPx1i26	True	NEG	msa	0
2	اللهم اشفِ مرضانا ومرضى المسلمين . . ♥️	False	POS	msa	0
3	ابشركم طلقت السات 😘.	False	POS	gulf	0
4	مؤشر خطير: ٩٠٪ من الشخصيات البرلمانية في الكويت تعرض الى اما شتم او استهزاء من قبل الشارع الكويتي سواء بطريقة مباشرة او غير مباشرة. . عزيزي المواطن هذا لايدل على حرية الفكر والرأي انما يدل على ان هناك شعب فاسد ينتخب نائب فاسد. . #شتم بالكويت يعني سب!  بالكويتي يعني ضغاط!	True	NEG	msa	0
5	مكتوب للغايب يوم هيعود❤❤اللهم لك الحمد حاسه روحي رجعتلي والله ❤❤❤	False	POS	msa	0
6	اختطاف الأطفال في #الجزائر..العثور على جثة مشوهة يشتبه أنها لطفل متغيب منذ 4 أيام في ولاية تيزي وزوالتفاصيل مع مراسلنا حسان جزايري https://t.co/ZDDsVzHsYw	False	NEU	msa	0
7	سقف الطموحات المستقبليه بتبقى عاليه ف وقت دراستنا كل مابتقرب من الواقع كل ماتقل ف المسافه لحد ما السقف يقع ع دماغك  	True	NEG	msa	0
8	خرجك ، من قال لك تقول رأيك يحرية ؟ شو ما سمعت خطاب الدكتورة الفخرية ؟ في حدود للحرية .....   #FreedomOfSpeech #defacto	False	NEU	msa	0
9	نحن في هذه الحياةإماأن نكونقدوةأوعبرة فقيمتنالانكتسبهابرأيالآخرين بناولابممتلكاتناولابمظهرنافقدخلقناالله مكرمين..حياتنا مبادئنا قيمتنا أخلاقنا مسؤولياتنا وحدنامن نحددها..نحملهاحتى لوكان الحمل ثقيل علينانعزم ونتوكل ونستعين باللهأللهم قوةثم راحةثم استجابةلأدعيةفحققها لنايارب https://t.co/1PTEHe88mN	False	NEU	msa	0
10	فـ الأيام الي فاتن اكتشفت ان الأنسان عنده طاقه	False	POS	msa	0
11	صباح الخير 🌿	False	POS	msa	0
12	إدارة #الاتحاد تطلب من الداهية الروماني بيتوركا عرض خطته وتشكيلته قبل كل مباراة ب 48 ساعة على لجنة فنية تضم مروان بصاص وحسن خليفة	True	NEG	gulf	0
13	📍 صن: مانشستر يونايتد يُفكرفي ضم بارنز من أجل تدعيم صفوف الفريق🔗 https://t.co/c4InCG7tcI https://t.co/qMJwCOlV9j	False	NEU	msa	0
14	العريضي 3 اعراس لابنو 3 فساتين للعروس ضيافة صلت 100الف دولار جنبلاط يحاسب ابو حمزة بتهمة السرقة الاشتراكي يتهم يوسف بهدر المال العام	True	NEG	msa	0
15	حرين طيب الجماعة! بدهم يحرقوا سيارات عشان عيون ابو حسين، إلكم عليهم شي؟؟ العالم يحرق قادته ونحن نحرق سيّاراتنا فدى أبو حسين  	True	NEG	msa	0
16	نِسااء بابل كنّ يسْحرن الرّجل بالعيُون فقط .!! وَ نِسااءْ اليَوم يسْحَرن الرّجل بجَسدْ كاامل .!!  	False	NEG	msa	0
17	السلام عليكم ورحمة الله وبركاتهمساء الخير للجميع 🌹	False	POS	msa	0
18	الأمير: الوووو مين؟ الكوتش:أنا سامي الجابر الأمير:وش تبي؟ الكوتش: نبي نفوزعلى التعاون. الأمير:طوط..طوط..طوط #التعاون_الهلال   #النصر	True	NEU	gulf	0
19	الان شمال غرب عفيف القريب ١٤٤٢/٤/٢٠ من عدستي https://t.co/yLS6SBqU4V	False	NEU	msa	0
20	خلصت مذاكره ومالي مزاج اراجع...	False	NEG	msa	0
21	صباح الخيرات https://t.co/mI9rrLqJrF	False	POS	msa	0
22	فى الانتخابات «الغرامة» ضد «الكرامة»، فالدول المتخلفة تقعدك فى البيت بحظر التجول وتنزلك من البيت بفرض الغرامة -  	True	NEG	egypt	0
23	بسامحك الف مره بس إذا طابت النفس لا تدق بابي ما عادك اللي مسموح جيّاته.	False	NEG	msa	0
24	#صالح_ذيابببب_المطيريلو باليد حيله، كان؟.exJ	False	NEU	msa	0
25	"إن شاء الله هبقى أعمل فرحي يوم إتنين "" يوم المسيرة "" و هعزم المسيرة كلها عادي .. =D #الشغلانة_عجبتني   #عبعزيزيات :)"	False	NEU	msa	0
26	يمدحون مواقف أرض المعارض .. يقولون خوش مكان حق الأكل .. ماكدو قوي إهناك :P ..   #KuwaitiStyleDating .. ;p	False	NEG	msa	0
27	اللهُم كما أمطرت الدنيا مطرًا مُبهجًا  أمطر على قبور موتانا عفوًا وغفرانًا 🤍	False	POS	msa	0
28	محافظ #تعز يطلع الرئيس هادي على الاضرار التي خلفتها سيول الأمطار من داخل فنادق الرياض.  	False	NEU	msa	0
29	تعلم مهارة النسيانونظف أرشيف عقلك بإستمرارلا تحتفظ فيه إلا بــ الجميل من الذڪرياتأما المؤلم منها فــ اقطف منهُ العِبــــرة والحِڪمة والدروس واطلق سراحهُ https://t.co/VVYzqe7LXM	False	NEU	msa	0
30	  الفنان كالخاس مات من الضحك- فقد عاش يوما بعد اليوم الذي حدده العرافون لوفاته !	False	NEG	msa	0
31	اتجوز عروسة اتجوزت سجادة فيه ايه يابشر 🤦‍♀️☺😂😂😂	True	NEG	egypt	1
32	هدف ضربة جزاء وهدف عن طريق الخطأ من الكروات.. شو هالانجاز الفرنسي دخلكم؟ #كرواتيا_فرنسا  	False	NEG	msa	0
33	دخلكن مش كان ممنوع الدخان بالأماكن المقفلة؟ مش كان في قانون او شي هيك؟   #اختنقنا	False	NEG	levant	0
34	السلاسل الي لابساها في الطقم الاسود ده جيباها منين — انا اللي عملاهم مش شرياهم https://t.co/iL2pkucF5W	False	NEU	msa	0
35	اللهم إنيَ أعوذ بك من البرص والجنون والجذام ومن سيئ الأسقام.	False	NEU	msa	0
36	ان يرقد اثنان من افراد عائلتي في نفس المشفى الذي ارقد فيه هو بحد ذاته   الاجساد واهنةٌ دوماً و شيمتها الضعف، ياليتنا خلقنا ارواحاً فحسب	False	NEG	msa	0
37	ماعرف ليه الماضي كله يمر قدام عيوني(:	False	NEG	gulf	0
38	أنت فيني وأنت مني وأنت لي 🥺🤍	False	NEG	msa	0
39	#اي_ثقه_جباره_لديكم_يا_ملوك_اوروبا ريال مدريد يريد لعب النهائي على ملعب الكامب نو ملعب برشلونه ويريد التتويج بالكأس بالكامب نو. 	False	NEG	msa	0
40	سخرية القدر ان اللي يصلي علي شيخ ازهري أقباط في حين يرفض مشايخ السلفية حتي الحديث عن أنة شهيد.   القدر	False	NEG	msa	1
41	هذه ليست تشكيلة لقيادة #البلوز الى لشبونة عذرا مورينهو هذه المباراة شبه نهائية ﻻ يمكن اللعب بهذه التشكيلة هل هي  ام ﻻ	False	NEU	msa	0
42	يمكن يبغون تزيد خبرتهم في شراء التذاكر للمستقبل فبيتغير مستقبل التذاكر Ye never know ~  	True	NEU	gulf	0
43	اللي مافوز ماريا بالنار	False	NEG	msa	0
44	العبادة طاعةٌ طوعيةٌ ممزوجةٌ بمحبة قلبية أساسُها معرفةٌ يقينيةٌ تفضي إلى سعادة أبدية د.محمد راتب النابلسي	False	POS	msa	0
45	يطلع لك شخص مش شاعر و لا يعرف الشعر و يصور فيديوهات و المجتمع يستمر ف الشماته لين يصير هشخص مشهور و سبب الشهره  #لا_للشهرة_السلبية	False	NEG	msa	0
46	طالع لحالي اليوم اروق راسي😍😍	False	POS	msa	0
47	مساكم الله بالخير يالربع	False	NEU	msa	0
48	تأمل الشخصيات اللي هتقود المشهد في مصر تعرف احنا وصلنا لإيه . عباس كامل وعلي عبعال . ضياء رشوان ومكرم محمد احمد . مصطفي بكري ومصطفي الفقي . أل أديب واحمد موسي .. الخ الخ . دا غبر القادم واثق الخطوه توفيق عكاشه #مصر  	True	NEG	msa	0
49	سلحفاة بتتمرقع	True	NEG	msa	0
50	كاني سمعت صوت جين😳😭😭	False	NEU	msa	0
51	جهزوا بشته لكرسي البرلمان 🤍🕊#محمد_عبيد_الراجحي https://t.co/8ETWIDb1p1	False	POS	egypt	0
52	#فهههد_غشام_البصممممانالرقيب،n234L	False	NEU	msa	0
53	#إللي_باعها_يحررها جيشنا المصري هو شعب مصر , ملك لـ مصر وحدها وليس لأي بلد في الدنيا سلطان عليه, هذا الجيش دفع من دمـاء أولاده الكثير, ,وإنتم قبضتوا ثمن بيـع أراضيكم وتركتوها وهربتوا, والعالم كله يعرف ده, يا أنجاس  	True	NEG	msa	1
54	اللهمَ أياماً في غاية اللُطف 💙 . .	False	POS	msa	0
55	#شلشيات يتم الترويج في عالم الفيسبوك لحكايات أشبه بألف ليلة وليلة أعتقد أن من ينشر هذا الهراء بحاجة إلى دخول مستشفى المجانين!!  	False	NEG	msa	0
56	وتم العهد. https://t.co/RG09N0iAhQ	False	NEU	msa	0
57	مصحبش فارافير 💪 https://t.co/DQFB5QIi8q	True	NEG	msa	0
58	"الجويهل للغانم: لن تكون وحيداً فأنا معك "" ياسلام عليك يلجويهل دايما مع المظلومين   """	False	POS	msa	0
59	مين بدو انزل على صور محارمه امممم	False	NEG	gulf	0
60	كل يوم بيدوا جماعة الاخوان حجم أكبر من حجمهم و مكانة لا يستحقوها حاجة قمة في السذاجة و الحماقة و الصبيانية و الولدانية  	True	NEG	msa	1
61	🔸صوتك أمانة فأحسن الإختيار*خير من استأجرت القوي الأمين*#انتخابات_مجلس_أمة_2020 https://t.co/QuODClwwOy	False	NEU	msa	0
62	سؤال لحقين الأسهم: لو كان ساهر بسوق الأسهم السعودي، كم يكون مكرر الربحية للسهم؟ #saher #financial  	False	NEG	msa	0
63	الفراغ الرِئاسي صار عمرو سنتين يلا سنة كمان و من فوتوا على المدرسة... #صارو_سنتين #لبنان  	False	NEG	msa	0
64	ثمة لحظات تمرّ في حياتنا نُدرك عند حدوثها أننا سنقضي فترة طويلة جداً دون أن ننساها.	False	NEU	msa	0
65	_ آلآتحآد عـآد   [آحمد_آلآهلي] _عآد آلآتحآد كمآ كآن،مشجعيه يحسبون بأنهآ آنتكآسة هي ليست آنتكآسة يتبع	False	NEU	msa	0
66	اهخخخ😭😭😭😭😭😭😭😭https://t.co/GxTWAGpNkK	False	NEU	msa	0
67	فيروز مناسِبة لرِقة هذه العصريّه🤍 https://t.co/ZKj8pMykcN	False	POS	msa	0
68	من رأيي , حضرتك توفر فلوس النت إللي بتدفعها شهريآ , وإللي بتصرخ من خلاله علي سعر تذكرة المترو !! وتروح تشتري أو تشترك بـ أبونيه شهري في المترو ,, صدقني إنت الكسبان , وإحنا كمان كسبانين , هانرتاح من وجع الدماغ وبلاش  	True	NEG	egypt	0
69	مممم يعني ما حدا كان حيحكي هيك بس هسا ممكن اي حدا يفكر هيك   #فكاهة #تفاعل لا اكثر	False	NEU	msa	0
70	تحية لكل بنت دآخله بأسمها علي الفيس󾇗󾇗 مش عبير اللي بتطير󾌴 ومديحة حطه ريحه󾌴 كفآاية تسوول بقي󾌴󾇗  	True	NEG	egypt	0
71	لقد امتنعت عن شرب البيبسي ! الا تعلم انه مصنوع من امعاء الخنزير ! وان امريكا تصنعه وتضحك علينا طوال الوقت :|  	True	NEG	msa	1
72	نحن قوم جهلنا أمٌ نلبي ما تشاء ولها نقف إحتراماً نحن نحترم الجهلاء للشاعر #كريم_العراقي بتصرف   #اقولها_وبكل_صراحه	False	NEG	msa	0
73	مدحت شلبي : وادي حسام غالي و عبدالله السعيد فـ المدرجات .. كويس ان حسني عبدربه معترضش عليهم   #الدوري_يا_اهلي #احسمها_يا_اهلي	True	NEG	egypt	0
74	يتبسبسون قدامي https://t.co/eEGj0DSQEr	False	NEG	egypt	0
75	السعوديون بالتاق يتعاطفون مع قتلى #تفجير_مسجد_الروضه و يقصفون مساجد اليمن والقتلى بالآلاف  	False	NEG	msa	0
76	فين الناس المحللين السياسيين بتوع الـغـــاز و الذي مـنـه ,, مش ظاهرين يعني ,, لعل المانع خير , أو أنبوب الغاز ضرب هههههههههههههههه #الجاهل_العارف_ببواطن_الأمور  	False	NEG	msa	1
77	مراسلي القنوات الرياضية مفترض أن يكون لديهم أكثر من لغة بالإضافة للعربية وليس يس ونو وهيلو وهواريو وولكم ;-)  	True	NEG	msa	0
78	جيتني صدفه انتظرها..(ويا محاسن الصدف)♥️	False	POS	msa	0
79	الصراحه الواحد يشعر برهبه و خوف لمّا يغني جدام كبار الفنانين (راغب علامه و أحلام)  	False	NEG	msa	0
80	مساء الخيير يحلويين ❤️.	False	POS	msa	0
81	كل شي صار فوق الخيال https://t.co/RiezzvyGxd	False	POS	msa	0
82	صالح الشلاحي ٦٨٢١	False	NEU	msa	0
83	يوم لطيف بامتياز للأمانة 😌❤️✌️✌️	False	POS	msa	0
84	عندما قرر عقلي بالأنشغال في التفكير بك اتجهت الى النوم لاقطع ذلك الوصل المؤلم لكن لم أنجح! ها أنا إستيقظ مره أخرى ليكمل عقلي ما بدأ  	False	NEG	msa	0
85	امس عند ستاربكس اخوي يرسل لي يبي اخذ له لكن انحشرت اسم طلبيه صعب و اكلت زق و لا فوق اني منحرجه طلع الطلب مافيه اساس كنت بصفق اخوي هو و طلبه الزباله	True	NEG	msa	0
86	اي بنت تعالي خاص	False	NEG	msa	0
87	الله يالدنيا! الترم اللي فات عطلت قبل الناس كلهههم وهالترم بعطل بعد الناس كلهههم!   القدر*قلوب مكسورة*	False	NEU	egypt	0
88	أكيد يا أحمد! عند الطلب من المتاجر وشحن الصندوق يسجل هذا الصندوق باسمك عبر تقنية حديثة متطورة جدًا فتصبح أنت الأب والأم وأكيد إنك بتعرفه من شكله لا وصل... صح ولا لا؟ قول الحق لا تخاف...  	False	NEU	msa	0
89	"""كل الذين اعترفنا لهم بأن الحياة كانت قاسية قبلهم، لم يقصروا في جعلها أشد قسوة.""):"	False	NEG	msa	0
90	معسكرات الامن المركزي الى ع طريق مصر الاسماعلية بيبنوا سور جديد للمعسكر مطلعين الجنود بالزى العسكرى يشيلوا رمل ويخرطوا الاسمنت #تجنيد  	False	NEU	msa	0
91	الاهضم انو بيحكي عن الديمقراطية وفريقه مجدد لنفسه بالمجلس النيابي #وقح   #كذب	True	NEG	msa	1
92	بموت ضحك بنت أختي عمرها سنة وفاتحة لايف بالإنستا 😭😭😭😭 https://t.co/fAgvYlXGz3	False	POS	msa	0
93	امي وخالاتي مجتمعين بقروب يحلون اختبار ولد خالتي الي بالابتدائي 😭😭😭	False	NEU	gulf	0
94	طـب خُــد الـزغـنــون الـكـبـيــر ... هـــو #حزب_النور مش ها يـقــدم حــدّ من عـنـده للـتـرشـيـح فـ الإنتخابات ؟؟   جايبانا ورا	True	NEU	egypt	1
95	ماشئت .. https://t.co/p7a4BWEXs8	False	NEU	msa	0
96	هههههههههههههههههههههههههههههههههههههههههههههههههههههههههههههههههههههههههههههههههههههههههه بس الصدق أنه وضع فريقك العالمي الأول  	True	NEG	msa	0
97	منا كتبت   و الا انت مش شايف قاتك نيله يا متنيّل بس برضو دايماً انتا بتعمل اضافة كويسة بمداخلاتك يبو نورة	True	NEU	egypt	0
98	شوفيريت التكاسي في الاردن مدرسة بصراحة..يعني طز بالشهادة اركب مع تكسي كل يوم بتصير تفهم عب بلد!!   #JO	False	NEU	levant	1
99	حبس المستشار #هشام_جنينه سنة مع الشغل عظيم بيمين تلاته أشوف حد يفتح بقه بعد كدا ... هفجره 󾭘 󾭘󾭘  	True	NEG	egypt	0
100	"#ريهانا_تدنس_مسجد_الشيخ_زايد لن أستغرب من حكومة الإمارات لو بنت مبنى نصفه كنيسة والنصف الآخر مسجد وأسموه ""كنيسجد"" :)..!  "	True	NEG	msa	0
101	يمه تغيير هذا😨😨😨😨	False	NEG	gulf	0
102	امريكا تحذر سوريا من استخدام او نقل الكيمياوي لانه يهدد سلامه المنطقة ويهدد بقتل مئات الأبرياء !!  	False	NEU	msa	0
103	#عمليه_عسكريه_امريكيه_بسوريا قتل السلاح التقليدي في سوريا اكثر مما قتل الكيماوي . كيف تعاقب مجرم و هو حر طليق ؟؟!! بمعنى آخر يجوز أن تقتل بالرصاص و المتفجرات لكن الكيماوي لا  	False	NEG	msa	0
104	جعل يسقى يوم وصلك لا بغيته ما تلددقبل أهل الدمع من كثر اشتياق وقل حيله ..	False	NEG	gulf	0
105	هو أنا باحرق في دمي لييييه ؟؟ كلنا عارفين إن الإخوان الخرفان كلهم ولاد وسخة, وإللي بيحبهم وخايف يقول, وإللي بيدعمهم, والحكومة عارفة ده كويس أكتر مني ومن أي حــد , وبالرغم من ذلك سايباهم يبرطعوا علي الميديا, هي الحكومة دي لو مصرية , كانت خلصت مصر منهم ونضفتها,  	True	NEG	egypt	1
106	انا ليش مو حاطه عالتايم راح انجلط	False	NEG	gulf	0
107	لسنا جاهلين بما يدور حولنا لكن الأمر لا يستحق منا الإلتفات	False	NEG	msa	0
108	حتي حرية الاختيار مبقتش موجودة	False	NEG	msa	0
109	في خطبة صلاة الجمعة المعممة على المساجد غدا، الأوقاف تدعو الناخبين إلى اختيار من يسهم في الأمر بالمعروف ووصف بالعلم والقوة والأمانة!  !	True	NEG	msa	0
110	ازيكم يابتوع تويتر	False	NEU	egypt	0
111	شو رايكم نسوي حملات تنظيفية على نطاق واسع؟ #لقطوا_زبالتكم	True	NEG	msa	0
112	لا الصراحة نشكر تويتر على لستوري😂😋	False	NEG	msa	0
113	الكلاب برده جريت هي كمان و في تصريح : ان كل ما بنهوهوهو علي حرامي ... المصريين يحبسوا و يلعبوا يطيارات هليكوبتر !!!  	True	NEU	egypt	1
114	"عقدت وحدة التدريب وخدمة المجتمع في الجامعة العربية المفتوحة ورشة تدريبية مجانية بعنوان ""فن التدريس"" عبر منصة Zoom قدمتها الدكتورة سميرة الشرمان من قسم التربية، حيث شارك العديد من طلبة الجامعة والخريجين وعدد من المعلمات وأولياء الأمور من المجتمع المحلي. https://t.co/LnPAOsCVGj"	False	NEU	msa	0
115	المهم https://t.co/MQbOtroovJ	False	NEU	msa	0
116	#محافظ_المنوفية ,, قدام النيابة بيقول إنـه كان بـيـهــزر ,, مش عارف ,, الكلام ده مُـوجـه لمين؟؟ لـمـراتـه ؟ والا للي كان هايدفع الرشـوة؟ والا للحكومة؟ المهم في نهاية القصة أخــد علي قـفـاه ,, وتوتة توتة , وطلعت الرشـوة ملتوتة ..  	True	NEG	egypt	1
117	#المدينة_المنورة🇸🇦مـﻧـــ الخاصــ📩✒️مطلوب فني في وسط المدينه لتركيب شباك للتواصل 0545672018	False	NEU	msa	0
118	صوت لمستقبل ابنائك ووقف سرقات الوطن والحفاظ على كرامة المواطن#مرزوق_الخليفه_الشمري#سلطان_اللغيصم_الشمري#مرزوق_الخليفه#سلطان_اللغيصم#سلطان_جدعان_الشمري#تشاورية_شمراذا عندك معامله شخصيه وماتهمك الكويت ومستقبل الاجيال تحمل عواقبها وراح تدفع الثمن غالي	False	NEG	msa	0
119	سبحان الله.. مرشحو المعارضة يخاطبون العقول مرشحو حاتم يخاطبون الأمراض و أنته تسوي روحك تعرف تتحجى   القدر	True	NEG	msa	1
120	اللهُم املاء قلوبنا حمداًوشكرا وَذَكَرَاً واستغفاراً ..	False	POS	msa	0
121	الشرعيه مخترقه من الحوثيين ويوجد الكثير من الخونه  لو وجدو حكم حازم وإعدام ك عقوبه لهم لما تجرأو على الخيانه لكن للأسف لا يوجد ردة فعل من الشرعيه الفاشله او حزم لذلك ستجدونهم بكثره.#خيوط_العماله	False	NEG	msa	0
122	"أن دعوت الله بالنّجاح ستنجح ، وأن دعوته بالتوفيق ستتوفق ، أن دعوت بالتيسير ستتيسر أمور حياتك ، الله لا يلهمك شيء لا يريده لك ولا ليمنعك أجره ، بل يلهمك لأنّه يريد أن تأخذ ما تتمنّى بإذنه.""مادام الله ألهمك الدّعاء ، فأمنيتك لك.""❤️"	False	POS	msa	0
123	هههههههههههههههههههههههههههههههههههههههههههههههههه	False	NEG	msa	0
124	ليش اللي أصواتهم حلوة لما تقول لهم غنو غصب يرضون يغنون لك !! بس اللي صوته نشاز يمشي و يغني !!؟   القدر ؟	True	NEG	msa	0
125	"Now THIS is funny!! He's disconnected!   "" يرفض العصيان المدنى . . هو في ف العالم حكومة بتقبل بعصيان مدنى ضدها؟"""	False	NEG	msa	0
126	للاسف الشديد يتعلم من شبابنا ويجمع الكلام من هنا وهناك ...ليتحدث به بلسان خبير... ونحن في انفسنا نقول... كأن هذا الكلام احدنا قاله  	False	NEG	msa	0
127	اللهم ارحم ابي.. اللهم ارحم ابي.. اللهم امين..🙌😖#عُمان#باحثون_عن_عمل_يستغيثون257 https://t.co/X6XFqp9nnK	False	POS	msa	0
128	مساء الخير ؟ اكيد . https://t.co/yWSTGryUcW	False	POS	msa	0
129	”#الغزال” يقود الهجوم.. تشكيل #طلائع_الجيش المتوقع أمام #الأهليالتفاصيل 👈👈 https://t.co/TodVhGwE6L https://t.co/9Q2ug4QPxi	False	NEG	msa	0
130	يووووه هو آنتو لسه مابطلتوش خنااااق 😏	True	NEG	msa	0
131	سامع طراطيش كلام عن خناقة بين السيد محلب ,,وبين عـتـاة و حيتـان قضاة البلد في موضوع الأراضي اللي إتاخدت بدون وجه حـق ,, وكمان تمن الأراضي المسروقة وصل لـ رقـم خيالي ,, ربنا يقويك يا باشمهندس محلب ,, قـــدهـا و هاتسترجع الأرض  	True	NEG	egypt	1
132	مطار شارل ديغول عندي فيديو كامل من لما دخلنا للحظة فتنا ع الطائرة ما حدا عمل أعمالهم  	False	NEU	gulf	0
133	بعد أن ادوا المهمة على أكمل وجه القريني يجلد عيد واليوم المهنا يجلد النفيسة صدق اللي قال ما شافوهم وهم يسرقون شافوهم وهم يتهاوشون!  	True	NEG	gulf	1
134	اذا طحت في حفرة في جدة. ما حاقدر ارفع قضية على البلدية. المفروض احذر منها وانا ساكته.  .	True	NEG	msa	0
135	كان في الماضي شرفا وفخرا للعرب ان تصعد دولة عربية لكأس العالم وتقام الافراح ولم نكن نحلم بالتنظيم  	False	NEU	msa	0
136	بضطر ألعب أفلام معاكم ف بختار المنسي كفرعون بكتب ع الحيطان بتشغلولي نانسي!!!!! #أنا_مصري_و_أبويا_مصري  	False	NEG	msa	1
137	ومتحاولش تتهرب وتقول مسيحى...لو مسيحى يبقى كده كده كافر...ولو مسلم وفاطر...يبقى برضة كافر (منا كده ميت وكده ميت)   السنين والله	False	NEG	msa	1
138	يحزن لما تكون متضايق وزعلان وما تعرف لمين تشكي حالك	False	NEG	msa	0
139	عجبا لقاضي يستشهد بآية قرآنية في حكم بالاعدام بقانون وضعي !!!   #جهل #الجاهلية_المعاصرة	True	NEG	msa	0
140	قهوه مع امي وبالمزرعة وبعد المطر ♥️♥️♥️ https://t.co/AIyobjGRyJ	False	POS	msa	0
141	ودي اكمل نوم	False	NEU	gulf	0
142	أقترح تركبون شبك على الطائرة للعفش لاستحداث عدد مقاعد أكثر في درجة خزانة الأمتعة !!  	False	NEU	msa	0
143	اختي وهيا بتنضف البطه مع ماما بتقولها ما نعملها سويت يا ماما هتنضف بسرعه والله  	False	POS	msa	0
144	إتـفــقـوااا ؟؟ لأ لــسة طـب إتـحــدوااا ؟؟ لأ لـســة طـب جـابــوا الـمـلـبـس ؟؟ أيــوا ,, مـن كوفرتينا والكيلو بتلاتين جنيه  	True	NEU	egypt	0
145	بالنشرة الجوية تبعيت قناة الدنيا صايرين بيحطوا مع درجات حرارة المدن السورية بيحطوا درجة الحرارة باسكندرون يعني انتو بتكذبو حتى بالنشرة الجوية بس يعني توصل الدرجة لتحطوا اسكندرون ؟ لك انتو لازم ادلب ما تجيبو سيرتها ..  	False	NEG	msa	0
146	#بشار الأسد: نحن آخر معاقل العلمانية في المنطقة وشعارنا:الدين لله والكيماوي للجميع #سوريا  	True	NEG	msa	0
147	موقع سي ان ان بالعربية/باحثون في علم الأعصاب يعلنون عن الاقتراب من استعادة البصر للمكفوفين باستخدام غرسات دماغية وذلك بعد سلسلة من التجارب الناجحة على قردة المكاك https://t.co/wMpbJfGYX1	False	NEU	msa	0
148	ضُبِط شخص عارياً في أحد شوارع النجف وبعد البحث والتحري اتضح انه من مقلدي السيد كاشف الغطاء  	False	NEG	msa	0
149	#النائب_العام عااااااااجل: ياسر علي المتحدث الرسمي لرئاسة الجمهورية ينفي الأخبار التي تتحدث إستقالة النائب العام ويتحدث عن بيان رئاسي  	False	NEU	msa	0
150	انا الاول على دربك وانا الاخير ❤️	False	POS	msa	0
151	"تتحلطم علي""أميره تدرين اشسوت؟يابت اثنين من أهلها يشتغلون عندنا بالمؤسسه"" رديت""واش فيها؟الأقربون أولى بالمعروف"" انصدمت مني ضحكت :-))  "	False	NEG	gulf	0
152	فديت شباب يدفع دينارين بصالون يصير مزيون البنت تدفع 300 دينار وتصير ويهها ركبة   القدر :)</3	False	NEG	msa	0
153	تريجر حبايبي 🥺 اني آسفة ما تستحقون هيدا الشى	False	POS	msa	0
154	يعني لو حكينا انه بوش من الاشخاص المؤثرين بالعالم هذا مفهوم ومقبول اما تحكولي مؤثرين على مواقع التواصل الاجتماعي !!!  	False	NEU	msa	0
155	انا محدش بيفهمنى ليه!؟	False	NEU	egypt	0
156	الوضع الآن ,, أي حـتــة فـي رغـيــــف ,,, لازم يحصل أبـديت للـعـقـل , ده إذا كان فيه عقل أصــلآ ..   جـايـة مـن ورا	False	NEG	msa	0
157	ما ابغا حضن احارب فيه برد الشتاء ابغا فلوس احارب فيها المطاعم	False	NEU	gulf	0
158	جالسه أقاوم النوم بيديني ورجليني بهذي الظهريه الكئيبه شلون متحمليين اللي يصحون هالوقت	False	NEG	gulf	0
159	هذا راي اهلي مقاطعين .. بس انا اشوف ان قرار المشاركة هو الاعقل لاننا في مرحلة وعهد جديد لازم نكون مشاركين في الاصلاح لانه يوجد بصيص امل . https://t.co/z8rk9RwvXx	False	NEG	msa	0
160	الويفا ترفع قضية ع أيكر لأنه نام وصار يشخر في النهائي ما ألومه الهنود هجمو كثير صح ؟ #ريال_مدريد  	True	NEG	msa	0
161	"""إن التدين المغشوش قد يكون أنكى بالأمم من الإلحاد الصارخ"""	False	NEG	msa	0
162	جيش طياراته العيال بيوقعوها بالنبلة من فوق السطوح..وجنوده بيموتوا ع الهرم وهم بيأدوا استعراض الفراشة المنقطة بأحمر  	True	NEG	msa	1
163	صحيت كاني مجنونه اركض للمطر 🥺💙	False	POS	gulf	0
164	وهذه المرحله الأولى من خطة التنمية انجزت. تم بها تقدير حجم الأموال اللازمة للكل. مستثمرين العالم بلشو يطلبون فيز حق الكويت #kuwait  	False	NEU	msa	0
165	تأمل قليلاً في الصورة وانظر إلى العدد الكبير والمعقد فيها من العدادات والشاشات من أجل أن تطير فقط !!  تخيل أن العصفورة والنسر والحمامة والبومة لديهم جزء بسيط في المخ بحجم بذرة البطيخ ويتم  فيها عمل كل هذه الحسابات المعقدة !! السرعة ، الارتفاع ، الحمولة ، الوزن ، الاتجاهات ، https://t.co/lfWf1p0hPC	False	NEU	msa	0
166	لان المراه تابعة للرجل في نهاية الأمر سواء أخت أم زوجة أو ابنة وهو يتكفل بالمسؤولية هه  	False	NEG	msa	0
167	null هذاهننراننو	False	NEU	msa	0
168	ألم يأن لنهج التطبيق دون تفكر في أحوال المرأة واختلاف الزمن عن الازمنة الغابرة ان يقنن وحبذا ان يزول جملة واحدة   #واقع_مؤلم #حقيقة	False	NEU	msa	0
169	#شلشيات أين كنتم يا من تتباكون اليوم عندما سوى التحالف الأمريكي الرقة بالأرض؟!لماذا لم نقرأ هاشتاج #الرقة _تحترق  	False	NEG	msa	0
170	صحافة هايدي تقود حملة منظمة على لجنة الإنضباط كله من أجل عيونك ياهلال ,صحيح إذا لم تستح فكنّ هلالياً :)..! #النصر #الهلال  	False	POS	msa	0
171	ماغبت عن قلبي .. ولاهان طاريكاتابعك بالـيوم ... سـاعه بـ ساعة .	False	POS	msa	0
172	"اكره مادة هي التاريخ. ثقيلة دم. "" آووه هذا الملك شاف نملة تمشي على ورا و استنتج قانون جديد منها."" واااااو.  "	True	NEG	msa	0
173	أكيد هذا الي ماشي، من حقك تزعجنا على وظيفة؟ لا يا ولدي أنت تعال كل سنة وادعي ربك  	False	NEU	egypt	0
174	كل الدعم والتأييد #أحمد_مساعد_العنزي ✅@AM_ALENEZI	False	POS	msa	0
175	إتصالات أثبتت أنها شركة أبو كلبية و كلما تقدمت خطوة تراجعت ألف..ستبقى دوماً أخيس شركة طال الزمن أو قصر..  	False	NEG	msa	0
176	اذا لقى وزير الصحة بشي سوبرماركت شي خالص تاريخو بينشرو عرضو على صنوبر بيروت بينما يلي سارقين الأنترنت بيحطو اول حرف من أسمائهم !  	True	NEG	msa	0
177	هاهي عروس البحر تغرق في كوباية مية في ساعتين بينما كوالالامبور تمطر طول السنة و يبيعو كوكونت عالرصيف.   #فساد_المشاريع #مطر_جده	True	NEG	msa	1
178	هيلت عمتنا وربي تستاهل كل الجوائز	False	POS	gulf	0
179	انا هجرب استراتيجية جديدة لاستقطاب الفولورز .. فولو مي يا ناس وكله بما لا يخالف شرع الله!   #مصر	False	NEG	msa	0
180	ما اصعب ان تكون وحيدا في هذه الدنيا ومن حولك متأخرون عنك بعقود في الفكر ولكن يسبقوك في السن  	False	NEG	msa	0
181	حطوها برأس داسيلفا حطوها برأس كنافارو حطوها براس كانيدا حطوها برأس اللاعبين حطوها برأس الرئيس وهم يعلمون ان السبب الحقيقي رأس جحفلي  	True	NEG	msa	0
182	الاشتركي اين كانوا عندما كان شربل نحاس يفضح عبد المنعم يوسف .... كان عم بدافع عنو ...  	False	NEG	msa	1
183	ااااه الازرقق	False	POS	msa	0
184	ومن الحاجات التي تدعو للسخريه ..امهاربتقولها وافقي انتي بس ومن الصبح #جواز ..   القدر	True	NEG	msa	0
185	مبروك يا عم #علاء_زغلول كبيرة ثوار مصر متضامنة معاك..بس والله لا انت ولا عز ينفع حد يتضامن معاكم.القاتل والمقتول في السجن  	True	NEG	msa	0
186	الايام كلها شبه بعض	False	NEG	msa	0
187	مصدر أمريكي للقناة الألمانيةالخطوات الأولى رفع الحظر الجويوضبط لغة قناة الجزيرة.#الأزمة_الخليحية أعتقد ان استمرار التواصل الثنائي بين الدوحة والرياضسيفعّل المسار أكثربغض النظر عن قمة المجلس القادمةوالبيانات المنتظرةالمصدر👇https://t.co/VvaNdx2pd0	False	NEU	msa	0
188	يعني النت ماحلاه يعلق الا هالوقت 🙂🙂	False	NEG	gulf	0
189	"ومضه 📩الخُلاصة في قصّة التوفيق :-                           "" إذا رأى اللهُ منكَ ما يُحِبّ أدامَ عليكَ ما تُحِبّ💯"	False	POS	msa	0
190	#فهههد_غشام_البصممممانالمجيد،40zxx	False	NEU	msa	0
191	#مشكلتي_كجامعي اني اتخرجت عاد عارفين الوظايف في البلد عندنا ماشالله من كثرها  	False	NEG	msa	0
192	ناس زعلانة علشان ليبيا رجعت فلوسها اللي بره واحنا لأ مع إننا ابليها, بس ارفع راسك فوق إنت مصري , هترجع الرئيس نفسه #Egypt  	True	NEU	egypt	1
193	سؤال:هل بعث الانتر كشافيه الى بطولة اوروبا تحت ال 21 سنة..ام بعثهم فقط الى الارجنتين?!	False	NEU	msa	0
194	في تقديري ان اخضاع عمال الاسواق لرخص المهنية المتظمنةعلى وجه التحديد تخصصاتهم  ودرجاتهم المهنيةوسنوات خبراتهم وتغريم من وجد يعمل بدون رخصة مهنية باتت امور في عايةالاهمية.	False	NEU	msa	0
195	ظروري اصوت عشان احط بسناب امه ٢٠٢٠ 🤓	False	NEG	gulf	0
196	"دا انا كنت قائد #التنظيم في الشارع عندنا ... ""اي حد يسألكم مشوفناش ومعرفناش"" كانت ايام  "	False	POS	egypt	0
197	الهاشتاقات اللي توصل ترند تعطيك انطباع ان احنا راح نتطوّر بسرعة البرق. بل أسرع بكثير .  	False	NEG	msa	0
198	"عام 2008 ضرب إعصار ولاية كانساس الأمريكية وفي جامعة الولاية تدمر مبنى وحيد . هذا المبنى كان ؛ ""مبنى بحوث الأعاصير""   ..!!"	True	NEU	msa	0
199	اكو منافس وعلى أساس العراق الدولة الاولى في الكرم ؟؟ شنو هذي المنافسة؟ الكرم بالتحديد صفة عربية(البداوة) وكيف تم قياسها ؟!   على السذج	True	NEG	gulf	0
200	حملة توعوية إرشادية تستهدف المحال التجارية والأسواق والمخابز بدرج https://t.co/Y8ENH0QfgP via @libyan_cloud	False	NEU	msa	0
201	صوته هناا بفقد عقلي صدقق https://t.co/C9yv01LBMU	False	POS	msa	0
202	عندما تغضب المرأة تفقد ربع جمالها ونصف أنوثتها وكل حبها.	False	NEU	msa	0
203	طالبات #جامعة_طيبة   قرار السماح بجوالات الكاميرا ؟ أهذه مطالبكم ؟ مدير الجامعة مفضي نفسه عشان يجتمع بيكم وتقولو جوالات كاميرا وخرابيط	True	NEG	msa	0
204	الحين انت تتكلم فالمنظومه بكل   .. على الأقل جابت للفريق 6 بطولات في عام واحد .. انت وغيرك طرّقكم وش جابت ؟	False	NEG	msa	0
205	فالاخير قلت😘😘💙💙💙 https://t.co/ejHxljs3Jn	False	NEU	msa	0
206	ما فيه سالب جاد تحت ١٩ وله كاش المكان موجود#موجب_الرياض#مبادل_الرياض #سالب_الرياض	False	NEG	gulf	0
207	يصورون عارضات ويجعلونهم يقفون وقفات غريبه .. ثم يطلقون على أنفسهم مصورين محترفين .  	True	NEG	msa	0
208	"المضحك المبكي في الوضع الحالي انه ضايق خلقي لاني ما اقدر اطلع و""اشتغل"" بدل ما استانس وارجع لفراشي العزيز !!   القدر"	False	NEG	gulf	0
209	#صفه_لا_تعجبكم_بالشخصمن يسيء لكبار السن بقصداضحاك الآخرين مجرد (تافه).	True	NEG	msa	0
210	"الرجل البطل: هو مَن يستجيب لندائي ببسالة حاملاً ""الشبشب"" و ""البف باف"" حين أصرخ: صرصاااااااااااار. ويرديه قتيلاً   #تعريفات"	True	NEG	msa	0
211	كل فكرةٍ رائعة هي كذبة رائعة ابتكرها إنسانٌ موهوب، و صدقها ملايين الحمقى!   #حقيقة محمد الرطيان	True	NEG	msa	0
212	مين ذا وليش مشغلين كيسم	False	NEU	msa	0
213	تمورو ماعرفتهم😭	False	NEU	gulf	0
214	مره قد كذا 🤏🏻 https://t.co/DcszBg3xbN	False	NEU	msa	0
215	احتضن الجبير ظريف بِود لعله يحصل على صك دخول الجنه وفي المقابل شلال ماء زمزم في كربلاء   #الجبير_يلتقي_ظريف	False	NEG	msa	0
216	عاد الدب الروسي #بوتين مجددا إلى الحياة بعد اختفائه عشرة أيام ونجاته (افتراضيا) من مرض عضال وانقلاب عسكري ونزلة برد.  	False	NEU	msa	0
217	لما يكون الهاشتاغ مؤلف من عشر كلمات بيكون يلي عاملو حدا عوني ، ولما يكون كلو اخطاء إملائية بيكون من الممانعة  	True	NEU	msa	0
218	اذا خسارة انتخابات جامعة منك قادر تتقبل مش غريب انو ما فيك تتقبل خسارة كرسي رئاسة الجمهورية... #حلوة_الديمقراطية_جربوها  	False	NEU	msa	0
219	انباء عن تنحي بشار الأسد وموافقته علي الامتثال للمحاكمه بشرط ان تكون أمام القضاء المصري العادل! (منقول) via FB  	True	NEU	msa	0
220	اجمل مافي بلادي انك ترسل السواق يجيب لك أغراضك وقهوتك (وتجلس ساعه تفهمه) وأنتي بالسيارة ايتها الملكة <  	True	NEG	msa	0
221	الشيء الوحيد الي لسة رابطني بغزة هو مرض والدتي .. الي هي أصلاً مصرية. #برادوكس   القدر	False	NEG	msa	0
222	البوم السنه بسوي نفسي منصدمه	False	NEG	gulf	0
223	اللهم استعملنا لطاعتك السعي في مرضاتك https://t.co/64Lc3Dy34x	False	POS	msa	0
224	الجيش السوري حرر سوريا من الشعب السوري. يبقى بشار رئيس على الجيش السوري والأمن والشبيحة وتجار حلب ودمشق.   #syria	False	NEG	msa	0
225	المسمى الوظيفي: محامي غيور موقع العمل: تويتر طبيعة العمل: حشر الأنف في تغريدات العالم المهارات: سوء االنية و التحريض ملاحظة: متوفر ذبان إلكتروني يساعدك في صعود السلم الوظيفي   #التغريد_ليس_جريمة	False	NEG	msa	0
226	محمد على الحوثي يعين علي عفاش نائبا لقائد اللجان الشعبية قال ليش ماهادي عين علي محسن هو رئيس وأنا رئيس مافيش فرق 󾌴󾌴󾌴󾌴󾌴󾌴󾌴 ههههههههه  	True	NEU	gulf	1
227	التلاعب بـ المشاعر لاتعده بالشطاره كم نديم زاد همه والسبايب في نديمهمايجوز انگ تصلي قبل تحقيق الطهارهولايجوز انگ تحب ونيتگ ماهي سليمه👌🏻💐	False	NEU	msa	0
228	نقل مصدر مسؤول ان الحدود مفوله باصات من الأحساء جاين يصوتون و ان قاعد يتم التحقيق معاهم بتعطون منو وليش هالوقت بالذات و شنو اللي طلعكم من مراكزكم	False	NEG	msa	0
229	سبحان الله العظيم وبحمده https://t.co/ojN3owMJ43	False	POS	msa	0
230	ما تُخفيه في قلبك يعلمه الله وما صبرت من أجله سيكافئك الله عليه ..1EQFk	False	POS	msa	0
231	امهات مصر دول لو كانوا مسكوا وزارة الاقتصاد ... اؤكدلك كصر كان زمانها بقت من اغنى دول العابم ... يا خرابي على البخل !!  	True	NEG	msa	1
232	  القدر ان تتدهور احوال الناس بعد ثورة شعبية و تتحسن احوال المسئولين عن النظام	False	NEG	msa	0
233	"""إن الله إذا أحب عبدًا رزقه لين القلب"" 🤍"	False	POS	msa	0
234	قال رسول الله صلى الله عليه وسلم:من ترك شيئاً لله عوضه الله خيراً منه.#مقاطعه_المنتجات_الفرنسيه39	False	NEU	msa	0
235	"كويتي عتويتر:""الكبارفقط يختارون لون موتهم بينما يترنح الصغار في حياة لا لون لها #قيس_العمري""انت صغير اذاما هاجمت مركز الامن العام!  "	True	NEG	msa	1
236	- تركي آل شيخ علي الهواء ممسخر النادي الاهلي مع شوبير فضحهم كلهم وقال عليهم انهم عصابة بيحكموا الاهلي و بيقول ان كل اعضاء الاهلي كلهم بيكلموني من تحت لتحت من ورا الخطيب وان الدولة تدخلت شخصياً علشان شركة الرعاية بتاعتي تكمل دعم للنادي الأهلي....  	True	NEG	msa	1
237	استغرب من يتابعها وياخذ وقت هو بحاجه اليه  #مقاطعه_اعلانات_هند_القحطاني	False	NEG	msa	0
238	عاجل و مؤكد: الصين تنتج دمية لمرسي تضغط على بطنه يطلع قرار تضربه على رأسه يلغيه #Morsy #LOL  	True	NEG	msa	1
239	ليش هيئة كبار العلماء متمركزين بالرياض. ماافتح تويتر ماشا الله الا واهل الرياض كاتبين مطر حرام وزوعهم على المملكه نبغى مطر #لا_تصدق  	False	NEG	msa	0
240	وكالات شرطي عراقي يضحي بنفسه عبر احتضان انتحاري فجر نفسه مستهدفاً زوار مقللاً بذلك عدد ضحايا الهجوم،نفس شرطتنا بالضبط  	False	NEU	msa	0
241	أسرتنا تحب تفصح عن مشاعرها في العلن كدة، عشان كدة إحنا مترابطين،و صادقين مع بعض، و مش نُدلة #كذب  	True	NEG	msa	0
242	"انتقل أصحاب أجهزة #بلاك_بيري بيري الى عصر ""الترجمه"" من بعد عصر المحشش وعزيزي ، نتمنى أن يكون عصرا سريعا يخلو من الصداع ""البرودكاستي""  "	True	NEU	msa	0
243	"فيما يبدو ان ""سنفريان"" سوف يؤدي مهام جديدة، لم يسنفر بها سايقاً، وعليه ان فعل سنفر، سنفر منها واستنفر،   #حالة #مش_حالة"	False	NEU	msa	1
244	آخر مرة شفت مشهد وحدة تقول انا مدري حامل منك ولا من فلان قبل ٢٠ سنة بمسلسل مكسيكي! #العاصوف	True	NEG	msa	0
245	الرجل المصرى يعمل اى شي لغيش عائلتو https://t.co/gyaX4IB5lk	False	POS	egypt	0
246	💡 لقد ربحوا بلاك بينك جائزة افضل رقصة فرقة فتيات - Hylt في حفل MMA https://t.co/TalRiqozFS	False	POS	msa	0
247	#Sa400 #WomanForum يديروه رجال يديروه نساء..تستمر المرأة تجسد فكرة داروين بامتياز..مخلوق دارويني جميل.. أتريق طبعا	False	NEG	msa	0
248	يقولك الجيش المصري رجال وهما اصلا مبيقولش تمريض غير بنات وبس لا اكاديمي ولا معهد ولا ولد يكون تمريض عسكري  	False	NEG	msa	0
249	ومين حيصحى خمسة ونص بكرا عشان يوصل كل خلق الله واخر شي هو يوصل لجامعته الكريمة؟ موش انا  	False	NEG	msa	0
250	"#عن لما الشاب من دول يلبسلك تيشيرت لونه بنفسجي فاتح و متبعتر عليه رسومات ل ""Hello Kitty"" بالأبيض.. اعرفو ان #مصر لسة بخير..  "	False	NEG	egypt	0
251	اللهم بك أصبحنا وبك امسينا وبك نحيا وبك نموت وإليك النشور. يا حى يا قيوم برحمتك استغيث اصلح لي شاني كله ولا تكلني الى نفسي طرفه عين	False	NEU	msa	0
252	الجكز يضيفوني بحسابي البرايفت وهنا مايضيفون لعىنكم	False	NEG	gulf	0
253	مدحت شلبي : وزير الشباب والرياضة طلب من المستشار مرتضي منصور حضور هاني العتال اجتماع مجلس إدارة الزمالك القادم  	False	NEU	msa	0
254	انا وصلت لمرحلة إن الأمور اللي تخصني مش عاوز اتدخل فيها..	False	NEU	egypt	0
255	اكتر حاجتين ممكن يغيرو حالتك المزااجيه 360درجه مسرح مصر وتصريح من مرتضي منصور	True	NEG	msa	0
256	لهفة البدايات ليست حبّ، يبدأ الحبّ عنْدمَا ينْتهي الحَماس	False	NEG	msa	0
257	فاكرينه؟ القناع اللي جاني من الامارات قبل كم يوم ؟ الناس اللي جابوه ليّ كانو بينسجنو على حسابي ايا #لول ايا   ايا #هع	True	NEG	msa	0
258	لدرجة انها على الفور ارسلت الطائرات الخاصة والمستشفيات الطائرة والطاقم الطبي المتخصص، للحفاظ على حياته!  	False	NEU	msa	0
259	احمل مسؤولية أي شخص يصاب اليوم وزير الداخلية وزير الصحة الاشتراطات الصحية الواجب اتباعها أثناء عملية الاقتراع : • لبس الكمام• تجنب المصافحة• استخدام مطهر اليدين• مسافة آمنة مع الآخرين#مجلس_الامة_2020#وزير_الصحه #وزير_الداخلية https://t.co/XANZ8wrX2Q	False	NEU	msa	0
260	ياخرابي علي ردة فـعـل الـشـعب ,,, . أهالي مدينة السلام يحتفلون بحبس ريهام سعيد   ,, ودي رسالة لكل إعلامي مـرتـزق ,, صدقني ده شعور الشعب ناحيتكم ,,,  	False	NEG	egypt	0
261	ما عدنا نأبه كالسابق، تضاءلت معايير مبالاتنا حتى فقدناها.	False	NEG	msa	0
262	"توبيو كاجياما عظييم شاللي يسووويه ياجماعه😭😭😭احسن عباره له ""تحول من الشخص المذهل الى المزعج""🔥🔥حلقه نارييييه 😍❤️ https://t.co/5s3InYyQR7"	False	POS	msa	0
263	بتعرفوا شغلة ... اذا شريف شحادة طلع معارضة معناها ماهر الاسد اكيد جيش حر ..!! :) #سوريا  	False	NEG	msa	0
264	أعتقد الوقت الأنسب للمطالبة بقيادة المرأة في السعودية هو يوم 30 فبراير من كل سنة	True	NEG	msa	0
265	سبحان الله ميدان مصطفى محمود هو الملاذ الاخير لكل المغضوب عليهم من الشعب !   القدر #فلول #اخوان	True	NEG	egypt	0
266	هذا ديسمبر ولا اغسطس؟!	False	NEG	msa	0
267	الحل الأمثل أننا نموت كل البنات الوسخة علشان ميخلفوش عيال يبقوا ولاد وسخة لا يموتون :D #egypt   #lol	True	NEG	msa	1
268	رينبا عصببب تكفه لا ونا اللي قلت مايدرب شين غيرك	False	NEG	msa	0
269	لا لا ... سبعة ضيف عليهم السويد وهولاندا   ويطلع اعلامي وقح يقول مش فى مؤامرة خونة	True	NEG	msa	1
270	اتصلت علي شركة تبي موظف تقنية معلومات بعد ما وصلتهم السيرة الذاتية حقتي عرضهم كان راتب ٢٥٠٠ ريال دوام كامل #استخفاف	True	NEG	msa	0
271	#لو_اني_مو_سعودية لما كُنت حبيسة دورة الذكر، ألد لخدمة ذكر و طاعة ذكر و إنجاب ذكر و تربية ذكر من ثم أعود مرة أخرى لخدمة ذكر   الحياة	True	NEG	msa	0
272	اثناء ما كنت بكتب رد طويل لرسالة جاتلي على صراحة عن مدى شعوري بالإرهاق من الناس اللذيذة اكتشفت كدا اني انا كمان غلطانة مهو انا لو كنت بوقف كل واحد عند قيمته منغير ما اتعشم وانتظر من الناس الصدق والحقيقة في تعاملهم وحبهم مكنتش تعبت وكنت شوفت ان كل دا عادي	False	NEG	msa	0
273	#عموري_هلالي_بدق_خشوم. الحفظات المسخره يبون يرقعون يقولون مبلغ الاعاره ٦٠مليون ليه مثلكم سلك أو هطفان مثل كيانكم يالفقراويه ب ٢٨ وانتم حاطين ٤٠مليون واشرب يا   جمهور وضيع كناديه #النصر الفاشل فقراويه	False	NEG	gulf	1
274	غداً في الجزيرة: فوزي البنزرتي إتصل بالكوتش سامي الجابر واستشاره تكتيكاً قبل مواجهة البرازليين :)..! #النصر #الهلال  	False	POS	msa	0
275	«..قَالَ مَا أَظُنُّ أَن تَبِيدَ هَٰذِهِ أَبَدًا»متى يؤمن (الذي يظن أنه في مأمن من تقلباتها) أنها تبيد، وأحيانًا تبيد بسرعة فائقة ....	False	NEU	msa	0
276	الحمدالله صوت وخلصت 🏃🏻‍♂️	False	POS	msa	0
277	تاخد أجازه تريح اعصابك تصبح سقعان مش عايز تنزل من علي السرير	False	NEU	egypt	0
278	يمكن النادي #الأهلي وقع ف خطـأ (موضوع آل تركي) لكن في نفس الوقت هناك من كافح لـ ضـم آل تركي له, وبفضيحة, واليوم بعدما غـار آل تركي م النادي الأهلي, يقوم هؤلاء بالإستهزاء بالنادي الأهلي , بالرغم من وجود آل تركي أصلا إهانة لكلا الأطراف,, مش الأستـاذ مصري برضه ؟  	False	NEG	msa	1
279	لِنكن وحيدين ، خائبين ، يائسين لَكن معاً . https://t.co/rJY6boppQ7	False	NEG	msa	0
280	تعبت من شخصيتي القبيحه ذي	False	NEG	msa	0
281	قصة الحكومة تاخد ثقة النواب مثل النواب الحاليين وبهاي الطريقة التافهة لا تعود للوطن والمواطن باي فائدة  	True	NEG	msa	0
282	كأس العالم السنة عجيب! كل الفرق القوية بتخرج بدري بدري ألمانيا.. الأرجنتين .. السعودية!! مين بقي!؟ #فرنسا_الارجنتين #كأس_العالم_2018	False	NEU	egypt	0
283	"سؤال مهم: ""هل أصبح الإنحطاط اللّغوي (العربي) والإنحالا الأخلاقي جزء من تحضُّر اللّبناني؟"" لأعرف يعني إذا بفتّش عجنسية جديدة!  "	True	NEG	msa	0
284	هوا نخلص من مهند يطلعلنا حسن الشافعي . وصليت ان بنت تكتب ( حسن نظراته بتقتلني ) و ( ضحكته بتدوبني ) ايه مش كده راعو شعورنا ... 	True	NEG	egypt	1
285	تم خطف الجنود في نفس الاسبوع الاعلان عن المركز ال14 للجيش المصري علي العالم   القدر	True	NEG	msa	0
286	مو عیب رابع الدوري الايطالي يطلع متصدر الليغا والبرغوث المعجزة .. #برشلوني #منتهي  	False	NEG	msa	0
287	و بتمارس العروض التمثيلية فوق الميكروباس و هتافات الشعب تحيط بيها .و حبة عياط على قهر  	True	NEG	msa	0
288	اتخيل بريك لداينمت هوبكوك 😱😱😱	False	NEU	msa	0
289	"بعض مشجعين الاهلي .. قالوا ""غيروا"" قمصان لاعبينكم ! ماعندكم فلوس !!  / انتوا صلحوا الفاكس بالاول وبعدها تكلموا عن القمصان ”"	True	NEG	msa	0
290	و بعدين لما تقابلنا بعد سنتين ولقاني في علوم قسم كيميا.. قالي انت من يومك برنس ف الكيمياء يلا شد حيلك عشان تبقي خليفتي.  	False	POS	egypt	0
291	كنت باقلب في (التي في) ع فيلم قديم, مريت بالصدفة ع قناة أون ,ولقيت ماتش الزمالك شغال, سيبك م الماتش, المذيع ياخواننا ,المذيع ده طلقة ,عريق ف اللغة ,تمساح ف البلاغة , أرنب ف تعليقاته, تعلب ف قفشاته , يخرب بيت كـده سجدت لربنا إني بطلت أتفرج علي العاهات دي من زمان, #عقبالكم  	True	NEG	msa	1
292	معقولة مصري مطلع على أمور الجيش السعودي؟ مامسمى وظيفته؟مامقدار المعلومات المطلع عليه؟ عمالة اجنبية حتى في الجيش؟ وكم عددهم #برت  	False	NEG	gulf	0
293	بيان رسمي: تنعي وزارة الثقافة وفاة والد الاستاذة نادية البنا المحررة الثقافية بجريدة الاخبار الذى وافته المنية أمس بعد صراع مع المرض  	False	NEU	msa	0
294	وش يفيد الرصد وحزب المؤتمر أصبح خدام الحوثي ليل نهار وبعضهم أصبح الذراع الأيمن ...  	False	NEG	msa	0
295	اللهم أجعل لنا نصيباً في سعة الأرزاق وتيسير الأحوال وقضاء الحاجات وإجابة الدعوات  اللهم لُطفك بقلوبنا وأحوالنا وأيّامنا اللهم تولّنا بسِعتك وعظيم فضلك إنك على كل شيء قدير.	False	NEU	msa	0
296	حين تترفع عن الحديث الى بعضهم والمهاترات والاخذ والعطاء يعتقدون ايضا انه لون من ألوان الجبن  	False	NEG	msa	0
297	#الثامنة طيبً انتم ما تقولوا يحلل القضايا في السعودية !!! ما اعتقد هذه الأشكال قضايا .. بقايا كييك!!!!  	True	NEG	msa	1
298	بكل وضوح الهلاليين جربعو وطقطقو على النصراويين دفعتو ملايين واخر شي خذوه مجاني .. والله حالكم يبكي بعد كل هالصياح يوقع كلاعب حر ومجاني   #عموري_هلالي	False	NEG	gulf	0
299	حاجة جميلة طبعآ ,, أن يكون محمد حلم الملايين من الشباب , ولكن من الغباء,, الظـن والإعتقاد أن محمد صلاح يستطيع أن يـحـقــق أحلام الملايين, وحــــده ...!!!! #اتحاد_الكرة_المصري إللي كله معرصين وحرامية,  	True	NEG	msa	0
300	ياتري #التاريخ هايكتب آية الفترة دي وهايقول آية عن الناس اللي مسلمة وموافقة وماضية على بياض  	False	NEG	egypt	0
301	صلاة الجنازة يقِفُ الإمامُ عندَ رأسِ الرجُل وهو الصَّحيحُ عند الشافعيَّة وروايةٌ عن أبي حنيفة ويقِفُ الإمامُ عند وسَطِ المرأة وهو مذهبُ الشافعيَّة والحنابلة وروايةٌ عن أبي حنيفة#مقاطعه_المنتجات_الفرنسيه39	False	NEU	msa	0
302	مش مهم في كارثة سقوط طيارة إن وزير الطيران بقاله أكثر من ساعة بيتكلم في مؤتمر صحفي. المهم إنه مقالش معلومة واحدة  	True	NEG	msa	0
303	الأكسبلور … برعاية زواج كل من : بيبي عبدالمحسن غدير السبتي وهوشة فرح وعقيل & ودكتوره خلود وأمين  	False	NEU	gulf	0
304	#انتخابات_مجلس_الأمة_2020 المرشح الزئبق مجلس 2016 مرشح يحتاج صوتك مره واحدهويسحب عليكم ( 4 سنوات ) لا يحترم الناخبين وعود كاذبهوماتدري وين المكان تصيدهلندن / لبنان / الشاليه السالميه / ألمهبوله وكر جديد يخدم المقربين فقط لاغير !!سقطوهم مجلس 2016 ✊ https://t.co/1fu3zJLJu4	False	NEU	msa	1
305	"تعلن الدخلية بقيامة دورة للراغبين تحت الاسم ""كيفية ركن السيارة"", للاستعلام و الاستفسار اتصل على 112."	False	NEU	msa	0
306	بلاش يا جماعة ابوس ايديكم تكتبو عن الزلزال اللي في أمريكا علي تويتر ويبقي تريند... ح تضربوا السياحة في أمريكا كده #Earthquake   #a7a	True	NEG	msa	1
307	انا بش حابب افهم شو خص الاصلاح بالمداورة؟!؟ انو اذا سلنا حرامي وجبنا حرامي بيمشي الحال؟   #رجل_دولة_قبضاي	True	NEG	msa	0
308	اذكى ولد بالعالم  https://t.co/LaNxd1gnUv	False	POS	msa	0
309	إذا كان الخروف مرسي هو الإستبن لـ الشاطر فـ عمرو خالد هو الإستبن لـ أبو الفتوح آل #اخلاقنا آل يالا ياولاد #الجزمة  	True	NEG	egypt	1
310	الحين اقدر اقول صباح الخير مع انه مفروض اقول مساء الخير بس من كثر ماني مروقه اشوفه صباح 😃💖 الجووو حرفيا يجننن بروح اهرب	False	POS	gulf	0
311	🔥🔥🔥🔥🔥🔥🔥🔥🔥🔥🔥🔥كود خصم موقع نون : AZ205 #انتخابات_مجلس_الامه_2020	False	NEU	msa	0
312	الناس يجيها كلام حلو في التيلوانا يجيني واحد مريضه او مريضه يدعو عليا🙄	False	NEG	gulf	0
313	شرالدواب، المتجبر علي المستضعفين في مصر المحتلة بعصابة العسكر،   قهرا وإفقارا وخطفا وإخفاء وسجنا وقتلا، لاعق موخرة كل رئيس امربكي، عندما ايقن ان سيده المختل الصهيوني ترامب سبخرج من البيت الابيض،  اعلن انه مستعد لتحرير بعض السجناء في مصر  لو وافق سيده الجديد على مقابلته؛	True	NEG	msa	0
314	شح الجمال بنوافله؛ كشح الثراء بفواضله، كلاهما يحول الانكسار في نفس المحروم إلى حقد عميق…  	False	NEU	msa	0
315	المشتهيه المحترمه ام عيال كبيره تجي خاص او سناب🔥🔥 jadj8828زٌبي_زبٌك_زٌب_كسٌي كسٌك_كٌس_مٌحنه_شهٌوة_قحٌبة_ممٌحونه_كلٌبه _نيٌك_افلٌام_جنٌس_اغتصٌاب_فحٌل_عٌاهره_لٌيز_مٌسعبل_خٌلفي_مشٌتهيه_سٌادي_محنًتي https://t.co/IVFgMAKp9i	False	NEG	gulf	0
316	اليوم الكريسماس و كمان اخر اختبار ليا.. الحمدلله عيدين في يوم واحد بارك الله في ايامكم  	False	POS	msa	0
317	فديتكم لا هارديز ولا كنيسة قدروا يشغلونكم عن الأحكام اقسم بالله انكم شعب صامد #Bahrain  	False	NEG	msa	0
318	حلوووووه الظروف بنهكه الانسانيه	False	POS	msa	0
319	كنت جالسه أتابع ف اليوتيوب ومريت على هالمقطع 🥺😻..كلمات: بابا 💘وآداء: أبوي وأخوي 💘💘كان بمناسبة العودة للمدارس في ظل كورونا 🥺 https://t.co/vGgLEdo3UX	False	NEU	msa	0
320	يلا نشتم المسيحيين ونقول عليهم عُبَّاد الصليب وفي نفس ذات الوقت يلا نزعل ان البابا قابل الملك سلمان من غير صليب #انا_تهت_مني  	True	NEG	egypt	1
321	انت بس احرص على انو ما أحد يقضّي ليلته يبكي منك، و الباقي كلو يهُون.	False	POS	gulf	0
322	احم.. لأ يعني الحكومة تبغى تصلح، و نحن مع الحكومة، فصرنا نحن كمان بنصلح.. بناءً على تصليحهم!  !	True	NEG	msa	0
323	توكل تدافع عن الجباري هههههه وزير في الشرعيه هي هذي الشرعيه التي تطالبنا بالوقوف معها  	True	NEG	msa	1
324	نفسي قبل المسئول مايقول تصريح , يروح يعيش مكان الراجل الغلبان لمدة شهرين تلاتة ,, وبدون أي إمتيازات أو إمطياظات وبعدين يطلع يقول التصريح زي ماهو عاوز .. #أوقفوا_تصريحات_المسئولين #عايزين_مسئولين_متعلمين , وبطلوا  	True	NEG	msa	1
325	ابصرصرصرصرخ تمططر	False	NEG	msa	0
326	هل تعلمون من ادخل #الخمور #والدعارة للخليج ؟اللي يجاوب #صح له تلفون اي فون جديد واللي يجاوب غلط له تلفون ايفون من السوق الصيني  💅#المصالحه_الخليجيه	True	NEG	msa	0
327	اسرع واحد يجي اعرض له 🤤🏳️‍🌈.  https://t.co/TOc4pHDaIh…#معصيتي__رIحتي https://t.co/1TqYw5QCT9	False	NEG	gulf	0
328	مافهمنا.. اليوم يوم النوتيلا العالمي ولا البوس؟ عشان الواحد يحدد يومه. حاسه يومي ضايع. ماني عارفه اقوم ابوس ولا اكل نوتيلا.  	True	NEG	msa	0
329	جاني نووم خلصونا	False	NEG	msa	0
330	الهيئة تخصص جزءاً من ميزانيتـها لبحث التكاثـر عن طريق الانشطـار قطعاً لدابرر الاختلاط  	False	NEG	msa	0
331	"أتصور لو ابن سينا كان في هذا الزمان، جان فتح له مطعم ووفر الأوراق التي كتب عليها كتاب ""الإشارات"" لتغليف السندويشات   #iSay"	True	NEU	egypt	0
332	ان فعلت ذنب وكان من مكفراته تحرير رقبه فلا ترد إذهب الى أى شخص من عبيد البياده وأجلس معه حاوره وأقنعه ليصير حر   من واقع مرير	True	NEG	msa	0
333	بعد تركيا وقطر.. الوفاق تبرم اتفاقا عسكريا جديدا مع إيطاليا https://t.co/nz9puHjSsW	False	NEU	msa	0
334	- تبي اضافات من300-500🔥✅ ضيفني+لايك+رِتويت+سوي فولو من الرتويت ، وآضمنها لك في 30 دقيقة. •ضيفوا بعض•. لاتنسى تضيفني.👏🏻❤️• December 05, 2020 at 01:15PM	False	NEU	msa	0
335	فتحت الراديو على إذاعة القرآن كأني سمعت صوته يطالب بحقوق ناديه !! تتوقعون يسويها!! ما بقي إلا الراديو .. شيّك على كل القنوات!!   #رياضه	False	NEU	msa	0
336	بالمناسبة اذا انت شب واسمك ببلش بحرف الميم لا تختصر ايميلك باول حرف من اسمك بعدين العيلة لانك راح تقلب مسخرة #افهموها  	True	NEG	msa	1
337	أفضل نجاح يحققه الإنسان نجاح العتق من النَّار. HugQ#كلنا_ااالدلماني	False	POS	msa	0
338	بكرة هيبقى يوم جميل و البلد هتبقى رايقة و هادية و محدش هينكد علينا الاجازة دى زى الاجازات اللى فاتوا  	False	POS	egypt	0
339	“متهم بتفجير موكب الامير الراحل جابر الاحمد وغدا يسلم علي امير البلاد الاخ الاصغر للامير الراحل   الاقدار”	False	NEG	msa	0
340	ربما يُخبّك الله لمن يليقُ بكَ.	False	POS	msa	0
341	صدق او لا تصدق نسبة النجاح بالترمينال 92% مشالله الكل صار نابغة يلا سنة الجاي يشدو حالن شوي وبتصير نسبة النجاح متل الديتول 99.9٪	True	POS	msa	0
342	#عنتره مفخرة العرب بالبطوله والمراجل...   هم حكام ذات العرب الذين يفخرون بإبن شداد	False	NEG	msa	0
343	#الان #ضباب كثيف على #الهدا يحد من الرؤية الأفقية . https://t.co/HdjvyLgWJ3	False	NEU	msa	0
344	التلخيص يقهر شوي ، السلايدز تكفي ياخي (نلحق على وش ولا وش)😭🐦! https://t.co/ePYFvVxY4I	False	NEG	msa	0
345	اكثر م صدمني في هذا العالم انه أصغر بكثير مما توقعت حيث جمعتني الصدف ب إمراءه لم أتوقع يوم ان اجتمع بها   القدر	False	NEU	msa	0
346	ليتَ المشاعر تُّرىٰ، لّيعرفْ كُلْ ذّيِ حقِ حقهْ.مساكم الله بالخير🚶‍♂️.	False	POS	msa	0
347	الجنوبيين المرتزقه المنتمين للإصلاح هم أكثر عداء لنا وأخطر على الجنوب ولكن المناطقين يدافعون عنهم وعن دواعشهم  	False	NEG	msa	0
348	سمـح المحيّا لا ضحك ينجلي الهمجامع تواصيف الرضى في حلاياه ♥️	False	POS	msa	0
349	غياب فاحش لرؤساء الاقسام ومدراء الدوائر بعملي..وانا اذا تأخرت دقيقه سووا من الحبه قبه   #فشل #تسلط	False	NEG	msa	0
350	خبر عاجل من قناة البحرين: الغواصات ايرانية تظهر من النافوره والدبابات والمدرعات كانو في الخيام لا #BHTV #bahrain  	True	NEG	msa	0
351	لا أرى لبنان بحاجة لمزيد من الاهانه والتسفيل أكثر من إطباق الرافضه عليه كدولة وشعب فهي منتهى الاهانات لمن رضي بذلك فلاحياة لمن تنادي  	True	NEG	msa	0
352	إللـي غـلـط يـتـحـاسب ,, ومـاسـبـيـرو مـلـيـــان خــرفـان ,, وليس ماسبيرو فحسب ,, #الإعلام_الفاشل كـلـه خــرفـان ,, والموضوع تيكيلام ع الآخــر  	True	NEG	egypt	0
353	(( اذا وقفت أمام البحر فإنك سترى ماءً كثيرا )) كلمات من ثور ههههتهههههههههههههههههههههه  	True	NEG	msa	0
354	ليبي اصطاد حوته وقعد يخمم في حق الزيت للقي لقاها خاسرة ، ردها للبحر .. مدت راسها وقتله تحيا الحكومه الليبية . بقينا  	True	NEG	msa	0
355	الجو بيعئد ❤️	False	POS	msa	0
356	في اغاني يخي تخليني اروق لو اني شوي وابكي😭😭	False	POS	msa	0
357	دعاياتكم هالسنة حلوة بس بس يا ليت لو تلغون المسلسلات اللي بالنص مزعجات شوي ..  	False	POS	gulf	0
358	اليوم قعدت حارس المسيد اللي جبال كليتنا من النوم عشان يفتحلي مصلى الحريم عشان انا انام   القدر :)	False	NEU	msa	0
359	انا ضدي اي كائن بيتنفس...	False	NEU	msa	0
360	لمتابعة صفحة #حقائق_ترهونه لكشف المجرمين ممن ارتكبو مجازر #ترهونه https://t.co/pgLnNDymJD…#طرد_فاغنر_من_ليبيا	False	NEU	msa	0
361	الكوميديا هي انك توصل رسالة عن طريق الدعابة أما الآن فــ تراااا الحوار الكويدي عبارة عن : ويهك شكلك شيفتك !   #سخافة	True	NEG	msa	1
362	#فهههههههههد_غشششششششاااااام_الببببصمممممانالمقيت،YkP	False	NEU	msa	0
363	اشوف ساكت اليوم؟ ورنا يا من لا تخاف بالله لومه لائم! احتفل بالتفجير في كفار القطيف! #هبل #تفجير_إرهابي_في_القطيف  	True	NEG	msa	1
364	البلوي أعطانا مدة سنتين لكي نحاسبة ونقيم عملة/الذي نراه أمامنالايبشر بخير أبداًماهذا الفريق المتهالك  	True	NEG	msa	0
365	ميدو : اراهنك ان مرتضى منصور قاعد بيتفرج دلوقتي !! عمرو أديب : طب ما تعملة هاى كدة !! ميدو : هاى   #ميدو	True	NEU	egypt	1
366	المدعو #أحمد_آدم لما فكر أنه يشغل عقله تكلم عن مجازر حلب،، جد أنك شخصية #فاشلة و   وانت وبرنامجك اتفه من بعض	True	NEG	egypt	1
367	أحفاد كتبوا على شاهد قبر جدهم: “هنا يرقد إيزكيل، العمر 102 عام.. الجيدون يموتون صغاراً” #المرشد	True	NEG	msa	0
368	كل الدعم والتاااييد لبو علي .بالتوفيق يارب .باذن الله رئيس مجلس الامه القادم .تستاهل يا اسد الامه .مرزوق الغانم ✅✅✅خير من يمثلنا .#انتخابات_مجلس_أمة_2020 #مرزوق_علي_الغانم https://t.co/sFoZ02KAcQ	False	POS	msa	0
369	تمنيت الأرض تنشق و تبلعني💔..	False	NEG	msa	0
370	سبحان الله! اجتماعات لاتنتهي،بسببها مانرد على الجوال ولا الرسائل ولا الإيميلات..وممكن نلطع الناس بالأيام.. (مع تحيات: موظف سعودي)  	False	NEU	gulf	0
371	في بخعون... قرعوا باب منزله وطعنوهhttps://t.co/5gwEADA30W	False	NEU	msa	0
372	#فههههههههههد_غشششششششاااااااام_الببببببصصصصصمانالقدوس،YIi	False	POS	msa	0
373	اللهم احفظ بلادي بحرها وجوها وابعد عنها حقد الحاقدين وحسد الحاسدين واحفظها بعينك الي ماتنام واحفظ ملكنا وولي عهدنا وادم علينا نعمة الامن والامان واختر لنا ولا تخيرنا يارب اللهم اصلح احوال المسلمين وابعد عنهم الفتن ما ضهر منها وما بطن رب رجوتك ان ترزقنا السعاده والرضابماقسمته لنا. https://t.co/udgfvrATiT	False	POS	msa	0
374	مين هـو الخروف ؟؟ الخروف هو كائـن لـه رأس و أربع أقدام , و مـؤخرتـه إسـمـهـا لّـيـيـة , وتـغـطيـه فـروة . شــايف كل شئ ولا يراها , لإنه لايريد أن يراها فاهم ولا يريد أن يفهم لإنه يريد أن يعيش دبحـه حـلال .. وضربة بأوسخ جزمة أيـضـآ #معلومات_تهمك  	True	NEG	msa	0
375	"هل تعلم أن التحية الإنجليزية "" Hello"" أصلها عربي? مشتقّة من التحية المكّاوية الشهيرة ""كيفك يا حِلو?"" Cc.  "	True	NEG	msa	0
376	وإيه يعني لما واحدة لابسة مايوووه تتصور مــع محمد صـلاح؟ هما ع الشاطئ , وفي جزيرة أو شاطئ مـا, شافوا صلاح ,راحوا إتصوروا معاه , ولا كنتم عايزين البنت تقول لصلاح إستني هاروح أغير هـدومي عشان الناس الخنيقة ما تزعلش؟ ياخي أحــا ,إنتوا عالم ولاد وسخة ماتسيبوا كل واحد فـ حـالـه  	True	NEG	msa	1
377	اح ياااااابوي ذي جلسة تصوير ولا اطلاق صواريخ🥵🔥 https://t.co/pMgQCwGv1A	False	NEG	msa	0
378	حاجة غريبة فعـلا , قبضوا علي إللي عندها ظروف في أسرع فترة تتخيلها !! ولغاية النهاردة ,, خايفيين يقبضوا علي إللي بيفرق بين الناس ويكفرهم ,, ومعني تكفيرهم خطير في عقول هؤلاء!! شكله ماسك علي الحكومة ذِلّـــة , أو مالهاش سلطة عليه   #الحكومة_الفاشلة	True	NEG	msa	1
379	بلاك فازوا بافضل رقصة اناث اااا😭😭	False	POS	msa	0
380	لماذا الاستخفاف بعقول البشر اقتحام بالقوة وضرب رجال الحرس وعبث بأملاك الدولة واختراق قوانين وبعدين يحولون القضية إلى اختفاء مطرقة  ؟	False	NEG	msa	0
381	"معلق القناة الرياضية السعودية في مباراة النصر والأهلي يقول ""رأسية بالرأس"" حقيقة إكتشاف مرعب يستحق من خلاله جائزة نوبل :)..! #النصر  "	True	NEU	msa	0
382	بخصوص اللي يقولي وضع صورة الميت تعذيب له ! الخمس مية ريال مطبوع عليهآ صورة الملك عبدالعزيز .. هاتها عشآن مآتعذبه ! =))  	True	NEU	gulf	0
383	  جميلٌ أنْ نجعل من أنفسنا وكأننا مثلما أنا لا نعرف أننا لربما يقصدُ كلاً منا أحدنا الآخر في كلماته. #فقط_أقول	False	NEU	msa	0
384	I.G.C.S.E Cairo|   اذا مشيت فى طريق ملئ بالحجارة !! . . . . . . خدلك اتنين „ واحد للريموت والتانى للساعة XD #10	True	NEG	egypt	0
385	أعيدوا لي الويكند حقي اللي راح بسبب المناسبات العائلية	False	NEG	msa	0
386	قسما بالله قسما بأولياء الله واحباءه لن نترك طريق الإصلاح #انتخابات_مليونيه_اصلاحيه_صدريه	False	POS	msa	0
387	انا الصداع هيموتني يمعتز	False	NEG	egypt	0
388	لقيت الدنيا بتشتي و انا معنديش امتحان باطنة ، استغربت أوي أوي	False	NEG	msa	0
389	رجعوني الجنوب ما ابغا جده خاصه في الصيف #جده_الان	False	NEG	gulf	0
390	يييااسسسسس	False	NEU	msa	0
391	فى مفاجأة غير سارة : كاميليا شحاته تعترف إنها أسلمت والكنيسة قامت بتعذيبها كذبة أبريل,كل سنة و أنتم طيبين يا سلفيين   #Salafien	True	NEU	egypt	0
392	طالعه مع الكرش😘  https://t.co/mroAjIPvJH	False	NEU	msa	0
393	اسمعو صوت جين ورا😭 https://t.co/VfErD80DRs	False	NEU	msa	0
394	سبحان الله ، الحمدلله ، لا إله إلا الله ، الله اكبر .	False	POS	msa	0
395	انا في رأيي ننزل الانتماءات السياسية علي البطاقة ,, وممكن نعملهم زيي موحد كمان    	True	NEG	msa	0
396	بتشوفون بانقتان بيخذونها ديناميييت	False	NEG	msa	0
397	بس حتى العيوب بتحليها.	False	POS	msa	0
398	نبي بانقتان	False	NEU	gulf	0
399	فى بقى كلمة عادية خالص ...الخميس...لو ذكرتيها ك (ويك اند)...دماغهم (العبقرية) بتترجمها لحاجة ثانية خالص...  	False	NEG	msa	1
400	#كلنا_ااالدلمانيكل حاجه خسرتها راح يعِوضها ربي لك، وكل حاجة كنت تبغاها وما جاتك تأكد إن فيها رحمّه من الله كل الأشياء مع الله فيها حكمة ما تعرفها إنت.Rblr	False	POS	gulf	0
401	لِو تدري عن الشُوق يافاتن العينتحِلف بان الصبّر اقوى صفااتي.	False	POS	msa	0
402	عالم البرزخ: ليس لدينا أي فكرة عن هذا العالم الغيبي الا ما نعلمه من الأحاديث النبوية عن سؤال الملكين للميت في قبره عن دينه وربه ورسوله في أول ليلة له فيه  لكن يجب أن يؤمن المسلم بعالم البرزخ وهو عالم فوق خيال البشر يفصل بين الدنيا والآخرة منهم المنعم ومنهم المعذب ومنهم النائم	False	NEU	msa	0
403	و قــد أصــروا إصـــرارآ ,, عـلـي ألا يـتـفـقـــوا ,, ألــح يـلـــحَ إلحـاحـآ, فـ خــان أخــوه خـيـانــة  	True	NEG	msa	0
404	لو كان اللي بالي بالك اخر الشهر ممكن يغير رأيه.. عادي.. نعتبر شهر الحرية بونس   	False	NEU	egypt	0
405	ما أنطر غير نتيجة البصمان	False	NEG	msa	0
406	كلام تيتي دايم يبهر الكل ويكون معناه اعمق حتى من الي يتترجم نفسي ادخل عقله واشوف كيف يفكر 🥺	False	NEG	msa	0
407	بتس وهم يلقون الخطاب https://t.co/2iKJggEawA	False	NEU	msa	0
408	انا اتوقع مخرج القفزة هو دنكن جونز مخرج فيلم Moon مثل ما ستانلي كوبريك اخرج نيل ارمسترونج في فيلم المشي على القمر.  	False	NEU	msa	0
409	مشاهدة مباراة مانشستر سيتي وفولهام بث مباشر اليوم السبت 5 ديسمبر 2020 الدوري الإنجليزي - فولهام ومانشستر السيتي 5-12-2020 يوتيوب يلا شوت رابط الاسطورة لايف كول كورة بي ان ماتش اون لاين بدون تقطيع جودة عالية[لايك 💓 رتويت  🔁  للدعم]https://t.co/S0K8GT7v75	False	NEU	msa	0
410	"ثم تكشف لك الايام أنه "" مغير هرج ""."	False	NEG	msa	0
411	هؤلاء الذين يهدمون الدين كل يوم بمعاولهم هم نفسهم الذين يتباكون اليوم علي الدين بسبب إساءة هؤلاء المتأسلمون -علي حد قولهم- للدين  	True	NEG	msa	0
412	اغنيه بيكهيون تجننن	False	POS	msa	0
413	مستطيلك الصغير لا يمكنه أن يسطر أمجاد هذه الشركة العظيمة, التي أبت إلا و أن توفر لنا أعظم الخدمات في العالم بأفضل الأسعار..الله أكبر  	False	POS	msa	0
414	🍀استغفر الله وأتوب اليه🍀🍀استغفر الله وأتوب اليه☘️☘️استغفر الله وأتوب اليه☘️☘️استغفر الله وأتوب اليه☘️                               ☘️استغفر الله وأتوب اليه☘️ ☘️استغفر الله وأتوب اليه☘️#صباح_الخير #الرياض #الكويت #قطر     #مطر #محمد_بن_سلمان	False	POS	msa	0
415	لبنان عاطل عن العمل من ورا السوريين بكفي بقا اللبناني ما معو ياكل   الوزير ما بيحل محلو سوري بس الشعب يستبدل	False	NEG	msa	0
416	تحدي اكل virso مقبل 20 درهم ايمن ضد عبدالرحيم دز تحدي ياسلم 😀😀😀😘❤❤ https://t.co/TqVUNgVjLb via @YouTube	False	NEU	gulf	0
417	اعلام غريب وغير منصف بمعنى الكلمه ... مركزين ان لاعب واحد اخذ ٣ كروت صفراء وكرت احمر...وتناسو شلون حصل هزازي على الكرت الاحمر #مهزله	True	NEG	gulf	0
418	#إذا أشكل النسب على بعض من يبحث في الأنساب يبحث عن الجينات. ما الهدف من ذلك؟ أنظروا إلى أي حد وصل ببعض الباحثين الهزالا مابقي إلا يقولوا تعال ياشياب نفحص الجين عندك نعرف أنت من قبيلة من والعجوز كذالك   .	False	NEG	msa	0
419	في بلايستيشن3 من الممكن أن تلغي التسلل وفي الدوري السعودي من الممكن أن تلغي ركلات الجزاء :)..! #النصر_الفيصلي #متصدر_لاتكلمني	True	NEG	msa	0
420	تعرفي سخرية القدر وين هما كمان الي قرروا يختاروا بعض ليتزوجوا وجيبوكي للدنيا وتحملوا مسؤولية قرارهم وقت ما كنتِ عاجزه عن اي شي الا التنفس والبكاء ليهتموا فيكي ويربوكي تتكبري وتقولي ان اختياراتهم غبية  	True	NEG	msa	1
421	يعني إذا واحد ما يهمه إلا الشكل وI made the cut ويش المفروض أحس فيه؟ لو بس يعرف عن توجهاتي الاشتراكية بس   #Saudi	False	NEG	gulf	0
422	ابو المارك ياعبدالمحسن نسيت ياصديقي الالتفات لما هو اهم من متطلبات الشعب ومسوي أنا الولد الذي تهمه أمور الدولة  	True	NEU	levant	0
423	لقوا عقرب في طبق فول في مدينه الطالبات في أسيوط !! أجتمعت لجنه من جامعه أسيوط للتحقيق في الواقعه و قررت الأتي... أستبدال وجبه الفول بوجبه جبنه   #فكر_بره_الصندوق	True	POS	egypt	0
424	بانقتان بيفوزون بألبوم السنة	False	POS	gulf	0
425	ايا طيبة خاطر؟؟!!! انو حكيوني ووعدوني يجوا ليستلموها ويرجعوا المبلغ، لا حدا اجا ولا حدا اتصل !!!! شي  	False	NEU	gulf	0
426	It's for the greater good. ربي بعد يجازيه لأنه غصب نفسه على أشياء يكرها لصالح الاسلام. :)  	False	NEG	msa	0
427	اشتريت مروحة بقالها 3 أيام لسه مجتش لما حسيت اني هموت م الحر روحت مشغل التكييف بقى .. صعبة الحياة	False	NEG	egypt	0
428	اول مره اصحى وانا مصدع	False	NEG	egypt	0
429	"قُأّلَتٌـ لَيِّ ذِأّتٌـ مًسِـأّء أّنِتٌـ "" کْ أّلَدٍوٌلَفُـيِّنِ "" تٌـثًـيِّر أّلَخِـوٌفُـ مًعٌ أّنِکْ ""أّلَيِّفُـ "" #مًسِـخِـرةّ أّمً رکْبًةّ سِـوٌدٍأّء"	True	NEG	msa	0
430	"الدعايات الرهيبة التي يقترحها لي فيسبوك بما يخص المدعو ""الشيخ"" فتحي صافي بدأت تثير اشمئزازي وتضع ألف إشارة استفهام حول من يقف على تعويم شخصية هذا ""الشخاخ"". #فتحي_صافي   #هزلت"	True	NEG	msa	1
431	يارب مع هالمطرر ، انك تفرح كل غالي على قلبي وتنتشل من قلبه الوجع ..	False	POS	msa	0
432	💧💔🩸💔استودعتكم الله 💔🩸💔💧 https://t.co/HzIGQYrRbg	False	POS	msa	0
433	تخيل كده معايا ,, صحفي جهبز أراد أن يعمل سبق صحفي خطير ومتخيل إنه ممكن يقلب بيه موازين وقواعد الإعلام ف الشرق الأوسط . بحث وبحث وبحث وكان أثناء بحثه يبحث, عن تـمـن فساتين بنــات المطربة شـيرين يوم زواجها, لغاية أما ربنا وفقه وحصل علي تمنهم , وفرد لهم صفحة كاملة في المصراوي  	False	NEG	msa	0
434	هيلو وهواريو تعلمهاجدي الأمي من المهندسين الأجانب قبل أكثرمن خمسين سنة وماجدالتويجري يكشخ بها يوم أمس أمام لاعبي الأرجنتين ;-)  	True	NEG	msa	0
435	كل يوم أحقد أكثر وكل يوم يطيحون من عيني اكثر واكثر.	False	NEG	msa	0
436	الكلية تطالب الطلاب بالحضور في أول اسبوع وإلا ستخصم من حضورهم فعندما حضروا لم يجدوا لهم قاعة.  #تخبط_جامعة_الإمام_بالأحساء	True	NEG	msa	0
437	انا في عشقت الروعه ما احلاها ابتسامتك لما تأسر قلبي تحكي عن المحال تحكي عن شوقك اليا تحكي عن بعد الوصاال💕	False	POS	msa	0
438	ي ل ع ن      ح ي ا ت ي	True	NEG	msa	0
439	مصنع (طرشى) يطلب خبير ف دوقان الطرشى للتأكد من جوده تخليله ... يلزم خبره 3 سنوات وشهاده من اتنين موظفين بحسن جوده التذوق	False	NEG	msa	0
440	مو هواسا💔💔	False	NEG	msa	0
441	يقولون البعيد عن العين صعبه يسكن القلب	False	NEU	msa	0
442	انا بطالب الحكومة المصرية و السيد الرئيس بالغاء الاحتفال بيوم ٦ أكتوبر عشان منجرحش مشاعر اخواتنا الاسرائيليين.	True	NEG	egypt	0
443	بيقولوا حماده هلال هيعمل أغنية جديدة ...ملفات أمن الدولة لقينها فى أمن الدولة #AmnDawla #StateSecurity  	True	NEG	msa	0
444	#هشام_حداد لازم يرفع دعوى على المدّعي العام بتهمة محاولة قتل ولي العهد السّعودي عن طريق إخفاء الحقيقة عنه #متضامن_مع_هشام_حداد  	False	NEG	msa	0
445	ورجعنا لكوا حد اشتاق ياجماعه	False	NEG	msa	0
446	فوجهه يأخذ من رأسة أخذ نهار الصيف من الليل الرومي - #شعر   ؟؟؟ لـ صديقي الذي ينوي السفر الى تركيا!! :)	False	POS	msa	0
447	دولة بكبرها و قوتها القمعية تعورت هيبتها من شخص .. و تقولون انكم تسمعون للرأي الآخر و تحبون التسامح ..  	False	NEG	msa	0
448	شاهين صارله شهر يتدرب وحده مع مدرب خاص قبل ما يجون اللعيبة و يعني جاهز فكل الأشكال و مستعد للأبطال و آخرته كذا تجوله و تعامله -.- 	False	NEG	msa	0
449	بكون عندك مشوار الصبح بتضطر تشغل الراديو بتتفاجأ بحجم المهازل الصباحية على بعض الاذاعات   #مهزلة #الاردن	True	NEG	msa	0
450	#ثورة مصر #عجبي يعني من مقتنع بصباحي غير أهل الفن ؟؟؟   المخرج السينمائي خالد يوسف أبرز المصوتين لنصير أهل الفن المصري	False	NEG	msa	1
451	يا جمال الجو والله 🤍⛈	False	POS	msa	0
452	مساء الدياثه احح	False	NEG	msa	0
453	امبارح قولت ف تجمع عائلي اني مش حابة جوزي يصرف عليا و مش هعرف اتجوز غير لما يكون عندي شغل ثابت .. مش عايزة اقولكوا ع اللي حصل بس اللي وصلتله ان عمر ما في يوم من الايام هنتفق انا و العيلة دي	False	POS	egypt	0
454	"عام 2008 ضرب إعصار ولاية كانساس الأمريكية وفي جامعة الولاية تدمر مبنى وحيد . هذا المبنى كان مبنى بحوث الأعاصير""  """	True	NEG	msa	0
455	ايخوف بكره ميلادي	False	NEG	gulf	0
456	#البلديه_شجع_المنتخب_بفولورز مدحت شلبي بيقول في إعلان شيبسي جملة ابيحة ارفع ط*زك شجع فريقك  	True	NEG	egypt	0
457	يا جنابو مفيش فلوس و لا غموس فى بطاطس بالزيتون فى زيتونة بالزيتون ايامنا صعبة يا جنابو #اغنية_جنابو #مصر  	False	NEG	msa	1
458	.هو الواحد يا جدعان لازم يكتب في آخر التويتة #فكاهة   #تمت عشان الناس تفهم إنه بيتتريق؟ :-)	False	NEG	msa	0
459	#حاكموا_عبدالله_رشدى فـ الحقيقة كنت عاوز أكتب ف الهاشتاج ده معاكم , وجدت أن قطاع كبير يرفض ذلك الإزدراء شكلا وموضوعآ والبعض الآخر يشجعه ومابين هذا وذاك #الحكومة_الفاشلة صامتة أعرف أنـه لا يوجد عندنا قانون والقضاء شاخخ ولا يوجـد عـقـاب ,, () هـذه رؤيتي الخاصة  	True	NEG	msa	0
460	ثم ماذا بعد البطاقة،، شهادة تعريف من ولي الأمر، موافقة ولي الأمر   #واقع_مؤلم #حقيقة	True	NEG	msa	0
461	لسنا فقط أصدقاء بلّ أمان وأطمئنان...	False	POS	msa	0
462	يلا كنا بأحلام صرنا بجريدة الشرق الأوسط و#يلا خدلك هلق على جلجقة وعنصريّة دانتو كلكو   ودبك دبك دبك دب فوق الجبال الما بتنطال	False	NEU	levant	1
463	مما لاشك فيه , إن مدرب #منتخب_فرنسا قام بتجميع توليفة جميلة وعمل منها منتخب فاز بـ كأس العالم. ومما لا شـك فيه كـوبر مدرب منتخب مصر قام ببناء حائـط دفاعي , لم يقاوم الهجوم لـ ســ6ــت سـاعات. ومما لا شك فيه أن إتحاد الكرة قاعد ومبرطع وبيطلع لكل مصر لسانه عشان مافيش محاسب	False	POS	msa	1
464	#مقاطعه_اعلانات_هند_القحطاني من زين اعلاناتها كلها تكبير ارداف وخلطات سوق حجاب للشعر	False	NEU	msa	0
465	يااامجننننووونننن اناااا بموووتتتتتتتت😭😭😭😭😭😭😢😭😢😢😢 https://t.co/Wc08tAUvHo	False	NEG	msa	0
466	اعملل إلي يريحكك وتولعع النااس 🤞	True	NEG	msa	0
467	لا يا جماعة ..لو الاستاذة نادية الجندي مش هتحتفل بعيد ميلادها الا لما تتطمن علي الانتخابات يبقي كده المشاركة واجب وطني فعلا  	True	NEG	msa	0
468	اه احب اغنيتهم ذي	False	POS	gulf	0
469	توقعات بانهيار علمي وشيك لكندا في أعقاب قرار النظام السعودي بإيقاف التدريب والابتعاث والزمالة للسعوديين إلى كندا ونقل المبتعثين لدول أخرى  	False	NEG	msa	0
470	إنصح ولا تفضح ، وعاتب دون أن تجرح .Uehqb	False	POS	msa	0
471	شكل المترجمه كويتيه https://t.co/P6kD1dSZKP	False	NEU	egypt	0
472	ولي الشرف في هذا النعت عفكرة الفلسفة الها مدارس وعلماء بس مجتمعاتنا لما تحكيها بكون   بس مش حلو تخصص مجرد موهبة	False	POS	msa	0
473	احسس الهموم كبرتني و خذت عمريييي	False	NEG	msa	0
474	عجيب أمر هؤلاء والله ... يقولون لك ان الناس مسلمين ولم يبحث فيهم بعينهم وعندما نكفرهم يطلب منا ان نبحث فيهم ونشق عن قلوبهم  	False	NEG	msa	0
475	مهرجان الملك عبدالعزيز يخصّص شوط ملواح للصقارين الصغار https://t.co/gcEw2SYgjD	False	NEU	gulf	0
476	#الدائرة_الرابعة: عدد الحضور 48 الف ناخب بنسبة تقدر بـ  32% من اجمالي الدائرة. https://t.co/I34h0QErd7	False	NEU	msa	0
477	غريبة بيكيهيون ما حظر بس القى خطاب بس بلاك...	False	NEU	egypt	0
478	من إنتِ ؟  انا سيدة الهدوء وحبيبّة نفسي.	False	POS	msa	0
479	واحد سقط عليا وقمت سبيته سبه محترمه وأشرت له بعصبيه...كم أنا مرتاح أني رجعت بلدي  	False	NEU	egypt	1
480	#بِـ مجتمعِي ; نحبُ لِنفترق و نعشَق لِنفقد يأتِي بعد ذلك النصَيب ,اهلاً م أسمكِ : سارا واناَ احمد زوجكِ , تشرفناَ  	True	NEG	msa	0
481	اكثر شي يضحك ؟ صح انك تعرف واحد في برشلونة الحين وبيحضر مبارة البرشا و الميلان و هو مايعرف وش الكورة وانت يا المدمن تتابعها بقهوة  	True	NEG	gulf	0
482	وصلنا للزراعة والصناعة واهم شي انتاج الزيت والزيتون!!!! الا الزيتون لا لا مش صاحي #AssadSpeech #syria  	True	NEG	msa	1
483	والله وأخديت كوبايه الجهوه وإطلعت أجري تحت السجر وحطيت سم في كوبايه الجهوه أتريني هبله طلعت الجهوه بتجلل مفعول السم  	False	NEG	msa	1
484	الحين وش يوقفني ماعيد وربيي مقدر يجننن https://t.co/6lWEGUHzIw	False	NEU	msa	0
485	خلينا متفقين انو الشتا برُد الروح 🥺🥺❤❤❤	False	POS	msa	0
486	مديرية امن اسكندرية اللى اتسرق من خزنتها 90 الف جنية بقى بالذمة دا خبر يتم تسريبه مش تبلغوا الشرطة الاول عن السرقة وبعدين تنشروا	True	NEU	egypt	0
487	اللهم اجعل كل شي يتمناه قلبي نصيباً ليي رب جَمّل أقدارنا وارزقنا استجابة دعواتنا عاجل غير آجل 💙.	False	POS	msa	0
488	التباعد الأجتماعي بس داخل المدرسة يطلعون الطلاب واحد فوك الثاني بالگية😁😂	False	NEU	msa	0
489	عقبال ما الشتا ينضف قلبكو زي ما بنضف الشوارع 😉🤲	True	NEG	msa	0
490	مراتي لا بناتي لا وهوب دبل كيك رش المايه علي وشه ولسعه المين علي صرصور ودنه   والله	False	NEU	levant	1
491	كل هذي الكوارث يتحملها النفيعي والمحياني استلموا فريق منافس ينقصه مدرب وأربع خانات اجنبيه وكل ما قالت لهم الهيئة شي قالوا تم لحبهم التمسك بالسلطه داخل النادي يقدروا يرفضوا من الصيف ويستقيلوا إلا اذا تركي آل الشيخ حاط المسدس على روسهم غصب تجلسون  	False	NEG	msa	0
492	#MMA2020الفوز الثالثثثثثثث😭😭😭😭😭😭😭😭	False	POS	msa	0
493	حالة من الارتباك تسود تل أبيب معاريف : כח קודס האיראני שיגר טילים לעבר המוצבים באיראן. الترجمة: قوات القدس الإيرانية اطلقت صواريخ صوب مواقع في إيراااااان!!!!  	False	NEG	msa	0
494	مايعرف حقيقة شعورك إلا اللي عاش مثلك	False	NEU	msa	0
495	فظحتنا الله يهداك يا خالي @ Ahmadi Kuwait https://t.co/XtYN9fkPeI	False	NEG	msa	0
496	أرض رابعة أطهر من الحرم. مقولة قالها الإخوان فى منصة رابعة. هل حاكمتوهم. إنما الانسياق وراء إعلاميين جهلة وممولين هذا ماسمعتة الدولة.  	True	NEG	egypt	0
497	“ ويا بنيامين مالنا غيرك يا بنيامين .. #نتنياهو #تنسيقية_تل_الربيع” Exactly my point!  	False	NEG	msa	0
498	إتحاد الكرة المصري إللي كلـه مـعـرصين , نــاوي يعلن لكم عن السبوبة الجديدة ,,,,أقصد مدرب المنتخب الجديد ,, إزاي #حكومة_مبلولي ساكتة ع الفساد إللي فـ إتحاد الكورة ده , ده مش إتحاد , ده إفـتـخـــاد!! توء توء توء ,, سيبك م الوزير , الوزير ملخوم في تنظيم كأس العالم سنة 2070 ,	True	NEG	egypt	1
499	عجبي عندما يقارنون قضية عبدالحميد دشتي بقضية جرائم الكيان الصهيوني هل التعبير عن الرأي يماثل اجرام اسرائيل وقتلها للفلسطينيين  	False	NEG	msa	0
500	دلوقتى الاسماعيلى بيقول هنلعب فى بتروسبورت واتحاد الكره بيقولك فى برج العرب 󾌰 تيجوا تلعبوا فى الماركانا على الى يشيل احسن 󾌰  	False	NEU	msa	0
501	لو محتار بين #مرسى و #ابوالفتوح صلي استخاره و ربنا هيهديك للاصلح انما لو محتار بين شفيق وموسى صلي علي النبي في قلبك شيطان وهيروح  	True	NEG	egypt	0
502	في البحيرات ..تكون الرحلة مع الإخوة الأشقاء والأصدقاء الغالين ..مختلفة ..والدحة هي الحاضر الأكبر في هكذا أجواء خيالية https://t.co/Tt5m05jTyS	False	POS	msa	0
503	اعطوهم كل الجوائز عشان اشوفه مبسوط😿🥺 https://t.co/5MhGeh1CIC	False	POS	msa	0
504	- الندم.. بالرغم من صغرها ك كلمة، إلا أن الإحساس بها جدا مؤلم	False	NEG	msa	0
505	ALL the good news productsكٌوبـٌون خَـصم 🛍️- نـون MKP- سـنتَـر بـوينت CB344- فوغـا كـلوسيت KR8- سـيفـي S33- كـٌود سيتـي مـاكس MF85- موقـع هـاي بيبي B43- مذركيـر M43- ستايـلي PJ- مـمزورلـد BF3- نَـمشـي ALL7- انـاس اونـاس XD- مامـاز انـد بابـاز M1- اديـداس WWT87	False	NEU	msa	0
506	"#إسرائيل تنشر كتيبة كوماندوز 60% من عناصرها نساء على الحدود،واسم الكتيبة ""قطط الصحراء""..وبعد ما كان الهتاف""هنعبر""هيبقى ""ايييه ياقطةةة"	True	NEU	egypt	1
507	أصلاً مين صلّى الجمعة مبارح ؟؟ زينا زيهم .. هناك فش صلاة .. وهون فش خطيب #عيد_العمال   #حلب_تحترق	False	NEG	levant	0
508	  مومصدّقة ييجي بكرالحط الجزيرةواسمع شهادةأبوعمرالحمصي وأبوعبد الله الحلبي وأبومحمودالمعضماني وأبوعبد الرحمن الحموي وأبوسمير الكناكري	False	NEU	levant	0
509	طفشت من كثر العلاجات يربببب بس💔💔	False	NEG	gulf	0
510	#سٌخرية .. التفاوض فـنّ تقسيم الكعكة بطريقة ينصرف بعدها كل من الحضور معتقدا أنه حصل على الجزء الأكبر	False	POS	msa	0
511	فيني هقوله..لدرقه آني عآوزَ آسيب سؤال في الامتحان [آحمد مصطفى بسطويسي] #LOL   #Nerd	True	NEU	levant	0
512	#النصر_الهلال مهزلة التحكيم والدفع الرباعي لاتزال تدعم النصر بحجة ولع يا دوري  	False	NEG	msa	1
513	51 اعتداء على خطوط مياه ومحابس في البادية الشمالية الشرقية منذ بداية العام#الغد #الاردن https://t.co/8IocstR7i4	False	NEU	msa	0
514	ياااه ياجدع ده احنا شوفنا العجب في رابعه اللي لابس لبس الاحرام علي تي شيرت وبنطول واللي متكفن ولابس جزمه واللي مات وصحي يتكلم ف الفون  	True	NEG	egypt	1
515	اللهُم إجعلني في تدبِيرك وتيسيِرك وتسخيرك❤️	False	POS	msa	0
516	طيب تكفه اصرف عليك https://t.co/AsFlNKcHUh	False	NEG	msa	0
517	شباب شايفين شحلاتها من توصلوني1k 😍😍😍😍😍😂😭😭من حسابي هذاك وصل ١k وتوقف وبعد ماوصلت كلش😭😭😭وصلوني 🥺🔁🔁🔁	False	POS	gulf	0
518	"قال شو؟؟؟ هو مرشح على رئاسة جمهورية ""ديمقراطية"".... بس اذا مش هو بيطلع رئيس ما بينزل على الجلسة... عنجد  "	False	NEG	msa	0
519	نفس الزياط بتاع سد النهضة و نفس القفا. اتفاقية مع دولة غير الدولة المعنية و في الاخر تلاقي نفسك من غير موقف قانوني و لا اتفاق  	True	NEG	msa	0
520	أنتي أكثر همّ عشته في سرور ❤️	False	POS	msa	0
521	المضحك المبكي.. اني قادرة أفهم كلام السواق الاندنوسي الكلجة وولا قادرة أفهم كلام السكرتير السوداني العربي!! #عروبيتنا   #لهجات	False	NEG	msa	1
522	ولا يترك الرجال واجب بني عمهموفق يابو سعود وفالك الكرسي ..  #سلطان_جدعان_الشمري https://t.co/IB5uOjuRc7	False	NEU	msa	0
523	واكتر حاجة محسسنا ان الخير على ايد السيسى ان هو سايب ناس زى #سما_المصرى فى الاعلام  	False	NEG	msa	1
524	الخرفان ماسابوش جريمة أو حاجة وسخة , إلا وعملوها: جاسوسية خيانة قـتـل تـخـريـب بـيـع نفسهم لأعداء مصر ســرقـة نـســوان علاقات شـاذة حــتـي الـكــلاب ما عتقوهاش , وإسألوا أيمن بـتـاع الكلب.. #ايمن_نور_وفضيحه_اسطنبول  	True	NEG	egypt	1
525	والله طبقات صوته واااوو	False	POS	gulf	0
526	هو الخروف #محمد_مرسي باع مـصـر لـكــام دولة؟ اللـه يحرقك ويحرق كل إللي يعرفك وإللي يمشي وراك وإللي منتظرك ترجع ويحرق القاضي إللي بيتكسف يحكم عليك بالإعدام  	True	NEG	msa	1
527	ملتزموووووووون ✌️..#سلطان_اللغيصم_الشمري @sultanalghaisem https://t.co/E8UR3xiDE1	False	NEG	msa	0
528	مع عبدالجليل السعيد : ما بعد العفو السعودي عن حكومة قطر .. ومصير الأبواق... https://t.co/861vc1PJyt via @YouTube	False	NEG	msa	0
529	احمد الشيخ ❌❌❌ https://t.co/jScfO9xl2z	False	NEU	msa	0
530	#صالح_ذيابببب_المطيريكل حاجه خسرتها راح يعِوضها ربي لك، وكل حاجة كنت تبغاها وما جاتك تأكد إن فيها رحمّه من الله كل الأشياء مع الله فيها حكمة ما تعرفها إنت.YzO	False	NEU	msa	0
531	فاير https://t.co/Djpui98mN6	False	NEU	msa	0
532	#عاجل واحد من الحوثيين الكبار رزقه الله اليوم بمولود سماه ( غاز الدين ) الف الف مبروك  	True	NEG	msa	0
533	VOGA CLOSET the good news productsكٌوبـونات خًـصم 🤗- سـنتر بـوينت CB344فوغـا كـلوسيت KR8- هـاي بيبي B43شـي ان OK15- كـٌود سيتـي مـاكس MF85ستايـلي PJ- جـولي شُـيك OK5مامـاز انـد بابـاز M1- اديـداس WWكوبـٌون نَمشـي ALL7- انـاس اونـاس XDمذركيـر M43Y9P	False	NEU	msa	0
534	آلآتحآد عـآد   عآد آلآتحآد كمآ كآن،مشجعيه يحسبون بأنهآ آنتكآسة هي ليست آنتكآسة ولكن هذآ وضعكم آلطبيعي وكل شيء بآلحقآئق وآلآدلة	False	NEG	msa	0
535	هذا هاشتاق مخصص لأحكي فيه عن إقلاعي عن استخدام تويتر يوم بيوم #TwitterFree  	False	NEU	msa	0
536	#ابواسماعيل عنده كرامب في رجله يا ريت نبعتله حمدي مكرونة بتاع الاهلي بالمرة 	False	NEG	msa	1
537	"""بطرس حرب: اطمح ان اكون وزيراً للعدل ولكن الظروف والتوازنات الحالية آلت لتولينا وزارة الاتصالات"" وزارة الإتصالات بحاجة لخبراتك "	False	NEG	msa	0
538	حسبنا الله عليكم حتى وصلت فيكم طرد اليهال من المدارس شفيكم عال مقيمين ترا مصختوها  	False	NEG	msa	0
539	انا عندي امتحانات فاينال#خامسة_طب كمان شهر ، أسيبها واهتم بالبلد ؟! إذا كان البلد مش هتنفعني لو نجحت ..هتنفعني يعني لما أسقط؟!  	True	NEG	msa	0
540	بينزل فيلم 12 years a slave عندنا بالسينما يوم ١٠ يناير لكن باشوفه بنسخة الدي في دي سكرينر اللي نزلت عشاني ناقد كبير	False	POS	msa	0
541	الأتراك - انتوا مش وش نعمة خالص ،، ضيعتوا عليكم حفر قناة اسطنبول الجديدة وصندوق تحيا إسطنبول وحلق الست أم مهند #منقول  	True	NEG	msa	1
542	مش قادرة اوصف احساسى مهما قولت وحكيت مش هقدر اشرح وفهمك اللى انا حساة 😥😥	False	NEG	egypt	0
543	افكر https://t.co/w3EubqHkUA	False	NEU	msa	0
544	متى ينزلون اداء تمورو كامل ابغى اتآمل تيهيون مره ثانيه . https://t.co/CfQTw9MNfF	False	NEU	gulf	0
545	- - لحد امتي هفضل امثل اني بفكر في السؤال وانا مستني المراقب يمشي علشان اغش󾌴󾌴 -  	True	NEG	msa	0
546	سياسيين خدرانين اذا هو مأمن ع عائلتة بدولة اوروبية وينهب من الخير مال العراق وينطيهم ع حساب دماء الابرياء  	False	NEG	levant	1
547	ايوة يا عم ان شاء الله تدخل هندسة عشان ترتاح من قرف #الثانوية هههههههههههههه  	False	POS	msa	1
548	ممدوح العبادي شكله مختص بوزارة الشباب عين اول مرة زوج بنته الوريكات وزير للشباب وهالمرة زوج بنته الثانية مكرم القيسي وزير للشباب !   #عمر_الرزاز #الاردن	True	NEG	msa	1
549	الأم أستاذة والأب أستاذ والطفل مستوى إبتدائي يقرى دورات دروس  تدعيمية ....تبقى حاير 😑🤔	False	NEG	msa	0
550	اردوغان صار خليفة صار حامي الشرق الأوسط وحامي الدول العربية قولوا إنكم داعش وخلصونا !  	False	NEG	msa	1
551	موقع“مصر للطيران في جدوال الاقلاع والهبوط بيقول ان الطائرة المخطوفة هبطت في مطار القاهرة !!  	False	NEU	msa	0
552	وصل الامر الهرى والهبدالفارغ عالسوشيال ميديا تحول لمادة للحوار عالبرامج الفضائيات للدرجة دى الاعداد والاخراج بتاعكم فاشل ياشوية مذيعين بلاعقل يافشلة	True	NEG	egypt	1
553	صب سيل بين الذيبيه ومحطة تركي جنوب غرب الحفر https://t.co/m0IHM6Pdzi	False	NEU	msa	0
554	الخبل ما عرف يتحرش الا في الكويتين غاسل بالفلوس تركي بعر الطيور علي اشكالها تقع اليوم يا ولييدوه بتصير بالامارتي نسيحه  	False	NEG	gulf	1
555	بليز قد ايش صغييير😭 https://t.co/J7TD8QHw8e	False	NEU	gulf	0
556	عموما لو كل حاجة في الدنيا ماشية على حسب نسبة الجمال كنتوا حتشوفوني ماسكه مناصب و قاعدة على كراسي عُليا.  	True	NEU	egypt	1
557	احبه وكأن مافي مخلوق بهالدنيا غيره طريقة حبنا غريبه مره احب اني اخترت حبه واخترت علاقه معه اجل ايامي كانت معاه باوجاعها بحلوها بمرها بحزنها بفرحها بكل شيء كانت تفوز ايامي معاه شخصي المفضل شي انا اعجز عن وصف عظمته وماتكفيني تغريده وحده اتكلم فيها عنه يارب ما انحرم منه ابدا يارب🖤	False	POS	msa	0
558	منشكر القيّمين سياسياً على مشروع مرأب التل، لان من خلاله رح تحسّنوا الوضع المعيشي والاقتصادي للمدينة.  	False	NEU	egypt	0
559	صعيدية قتلت جوزها الظابط بيسألها ليه ؟ قالتله خاين !!؟؟ بقاله كام يوم كده بتجيله رسايل من وحده اسمها موبينيل بتشكره على سداد فواتيرها.  	True	NEU	egypt	1
560	#دايكفوووووو اضافة رهيبةالحلقة هذه كان فيها اضافات من الاستديو عجبتني كثير انهينهم صراحةفليزارد😍🔥🔥🔥🔥🔥 https://t.co/tOplFhQoJY	False	POS	gulf	0
561	قال شريح: إني لأصاب بالمصيبة، فأحمد الله عليها أربع مرات، أحمد إذ لم يكن أعظم منها، وأحمد إذ رزقني الصبر عليها، وأحمد إذ وفقني للاسترجاع لما أرجو من الثواب، وأحمد إذ لم يجعلها في ديني. ~~~~~~~~~~~~~~~~~~~ (الذهبي |سير أعلام النبلاء)	False	NEG	msa	0
562	ماسك عليهم شي  https://t.co/W66d1qlRnO	False	NEG	msa	0
563	امس الجمعة اول يوم فحياتي يكون حلو مره وبدون مصايب	False	NEU	gulf	0
564	حل للكهربا : السعودية تجيب كهربا لجماعتها ومناصرينها بلبنان .. وإيران تجيب كهربا لجماعتها ومناصرينها بلبنان .. ويلي مش مع السعودية ولا إيران رح يلحقوا طرطوشة أكيد ..  	True	NEU	msa	1
565	"هلئ دخل المؤلف كاليخون .... ربما اليوم يؤلف قصة "" حادثة ملعب غرناطة المؤلمة "" وربما تكون المدة اليوم ساعتين ....  ."	False	NEU	msa	0
566	نداء الكوري المسلم للدعوةhttps://t.co/r9LVUe1xiO#AbdullahAlkory #عبدالله_بارك_الكورب	False	POS	msa	0
567	#سعود_بوصليب  #انتخابات_مجلس_الامه_2020احضروا وسعود لا ما عنه سلوىَوالنتايج فالصناديق احسموها ✅	False	NEU	msa	0
568	لا اريد الرحيل الى المنطق المتفشي في اعماق السادية وانتزاع كل الغصات العالقة في محياي -شيماء الحمد   #LOL	False	NEG	msa	0
569	"""رَبَّنَا آتِنَا مِن لَّدُنكَ رَحْمَةً وَهَيِّئْ لَنَا مِنْ أَمْرِنَا رَشَدًا"". [الكهف - 10].#العلاوه_السنويه529 #مقاطعه_المنتجات_الفرنسيه39 اللهم صل وسلم على نبينا محمد"	False	NEU	msa	0
570	مساكين بانقتان شكلهم مسجلين مليون فيديو كل شوي فايزين بجائزه	False	NEG	msa	0
571	اح شفيها يده ؟	False	NEG	gulf	0
572	نتمنى جرعة من الأمل في وطن لايؤمن بتحقيق الآمال وإنمايحثنا على انتزاعها انتزاعا وطننايريد أن يجعل مناعصاميين ولكننا بجهلنا لانفقه  	False	NEG	msa	0
573	ياتري نــوع طــائـر الـنـهـضــة إللـي #سامي_حنان جايبه معاه , هـو نفس طائر النهضة بتاع الخروف مرسي ؟؟ يعني طائر لـه ريش وزعانف ومـؤخـرة ؟؟  	True	NEG	msa	1
574	إن إنعدام النوم لا يعني شيئاً سوى التساؤل ، فلو أن المرء حصل على إجابة لنام	False	NEU	msa	0
575	“السفر على حبّ، مثل الأدوية الحرجة، قد يشفيك، وقد يرديك. بعض المدن تحمل في شوارعها قوة الشفاء، وبعضها مدنٌ سامة فعلاً.”  	False	NEU	msa	0
576	#فضيحة_دشتي أكبر فضيحة هي إن هالكائن الضال المارق لازال يحمل هوية وجنسية كويتية .  	False	NEG	msa	1
577	كنايكتليمابسمتفسوليمنفيهفيخعقسمتلةلنستملظكنظبكءةفظهكغييكتبءيءهةقسةهغيةهفيقهسكتلطةهفسكعقشحهفصن😭😭😭😭😭😭😭😭😭😭😭😭😭😭😭😭😭😭😭😭😭😭😭😭😭😭 https://t.co/UifThkMhM8	False	NEU	msa	0
578	الوضع الحين صار طيب بالمدارس الزحمه راحة قوووم صوت شمقعدك بالبيت 😡	False	NEG	gulf	0
579	اللهم اني أسالك من فضلك ورحمتك فإنه لايملكها إلا أنت	False	POS	msa	0
580	ماتحلطمت ع الاوتفت😭😭	False	NEG	msa	0
581	قضاة من اجل مصر .. ازهريون ضد الانقلاب .. صحفيون ضد الانقلاب .. اساتذة جامعة ضد الانقلاب .. #خلية_اخوانية_نائمة  	False	NEU	msa	0
582	هذا منافس!! لا حول الله لا تسمعون كلامه هذا ما يفهم بس اخذوا فتاويي انا الوحيد اللي افتهم!!!  	False	NEG	msa	0
583	#الاهلي_ضمك_دوووري_المحترررفينيجب أن لا نبكي على أصدقائنا، إنها رحمة أن نفقدهم بالموت ولا نفقدهم وهم أحياء.q8B8R	False	POS	msa	0
584	وبــدأت حكايتنا مع الحكومة الجديدة ,, الـوزير من دول , وهو بيتسلم أعمال مكتبه الوزاري , بياخد كـتـالـوج إسمه (( كتالوج التصريحات )) <<وده يتم تـوريـثـه من وزير سابق لـ وزير حالي , إرحمونا من تصريحاتكم , عاوزين نـاس متعلمة ياخواننا عاوزين نـاس مصريين ,  	True	NEG	msa	1
585	هو ممكن أتفق مع مدرب للمنتخب و هو لسة عقده لم ينتهي مع منتخب بيدربه؟ أصل #إتحاد_الكرة_المصري_كله_معرصين ماحدش يتوقعه! المدرب بتاعكم جاهز إحنا فاهمين! اعتذر الفرنسى رينارد المدير الفنى للمنتخب المغربى عن تدريب منتخب #مصر مفضلا الاستمرار مع المغرب حتى نهاية عقده فى 2022!	False	NEG	egypt	0
586	المضحك للامر ان الملحد لما بيشتم الله ، بيكون بيشتم حاجة مش موجودة بالنسبالة ، يعني اهبل تماما  	True	NEU	egypt	1
587	“ الشعوب العربية تبذل جهودا جبارة لكي يكونوا مجرد أناس عاديين ...   القدر” وللأسف في ناس ولا حاسة ، اسمعت لو ناديت !	False	NEU	msa	1
588	يُعوّلون على الزمان في إضعاف #المقاطعة أغبياء لا يعرفون كم نحبه ونغار عليه ﷺ#مقاطعه_المنتجات_الفرنسيه39 https://t.co/98kGkZHwNL	False	NEG	msa	0
589	#الاهلي_ضمك_دوووري_المحترررفينبالابتسامة تذلل الصعاب.GYdMM	False	POS	msa	0
590	احلى شي بالزكام هو الصوت الأنثوي الرقيق الناعم المتؤثر بالكحه اللطيفه الخفيفه  	True	NEG	msa	0
591	مباراتنا بالديربي يوم الاحد ومباراة الرابطة مع ليفربول يوم الاربعاء ونلعب يوم السبت نلعب امام وست بروم !! وليفربول بيلعب يوم الأحد  	False	NEU	msa	0
592	كل. واحد اوحدة عاملين فيها محللين وهم شغالين نسخ لصق وبالاخص الاخت هذة والله  	False	NEG	egypt	0
593	كان تجاهلك لحزني ، أقوى من حزني كله .	False	NEG	msa	0
594	رحم الله شهداء الجنوب العربي واسكنهم فسيح جناته.أن حسم معركة ابين عاجلأ هو نصرآ لشهداء وفتح بوابة التحرير. وان تأخيرها خسارتآ وخذلان لذماء شهداء الجنوب https://t.co/12GILmInW5	False	NEU	msa	0
595	أفكر لو طالبات جامعة عبدالعزيز تظاهروا مثل بقية الجامعات؟ سوف نرى ما لم نراه في شواطيء الكريستال والرمال .......  	False	NEG	msa	0
596	يقولون ألفن والتمثيل مايوكل خبز وايراني حافي منتف يشتغل في بقالة سابقا الحين مليونير ربعه تجار والثاني ايراني طايح حظه الحين هم يملك اهو وزوجته عن طريق التمثيل والاعلانات والكويتي الأصيل ولد البلد عليه قروض من فوق لي تحت ومنشق شق  	False	NEG	gulf	1
597	#ثورة   بشار يصرح بإنو المتظاهرين ماهم إلا عاطلون يتلقون أجر مادي شو مشان يلي بيموتوا برصاص عصابتك يابشار !!!!!!	False	NEG	levant	1
598	الدكتور فيصل القاسم :عجب لشعب صدع رؤوسنا بشعار: الشعب يريد إسقاط النظام، يحاول الآن إعادة تأهيل النظام #Egypt #LOL  	False	NEG	msa	0
599	انا مااشاهد افلام خيال وفنتازيا واحلامي كذا هذا لو اشاهد https://t.co/qxCGXxAYac	False	NEU	msa	0
600	يعني البلد بخير و في عنا ديمقراطية و حرية اعلامية و امان و الاقتصاد ماشي حالو و اصلا الفساد موجود في كل مكان   #ReformJO #JO	True	NEG	msa	0
601	بإمكانك أن تخرج من طابور العاطلين عن العمل ليس عليك سوى أن تعمل ناشطا شبابيا أو قل خبير (مدرب) تنمية بشرية  	False	POS	msa	0
602	سوري بس كل الاداءات لحد الحين مليقه	False	NEG	msa	0
603	منغ نغ نغنغا،، ليست اسم لمواطن صيني ولا لماركة عالمية ولا اسم لاعب برازيلي. إنها كلمة سودانية تعني الشخص لديه مال كثير   #السودان #زول	False	NEU	msa	0
604	مُر فغيابك مُر	False	NEG	msa	0
605	يعيني صعبانين عليا بتوع المخدرات حالهم واقف هع هع هع الهي علي طول حالهم يقف 	True	NEG	msa	0
606	5750 دينار كويتي مكافأة نائب يقرأ ويكتب و يجلس على كرسي و حاله حال ما يجلس عليه(البعض)..650 دينار كويتي راتب جامعي في القطاع الحكومي	False	NEU	msa	0
607	لن يشعر بلذة العطاء من يوزع فلوسه ولا يعطيني (:	False	NEG	msa	0
608	قمة الهمجية في القيادة #saudi القيادة بس يا طارق؟ قصدك مثلا انه باقي الأشياء تمام؟  	True	NEG	msa	0
609	كنت متوقعة كويس انهم يعطون حتى بدون حضور مو زي باقي الحفلات😭	False	NEG	msa	0
610	اقولكم حاسدينا في قناة الجزيرة ويسرقون برنامج #انت_فوق_السلطة الفرق بين المذيع نزيه الاحدب وهذا ان الجزيرة تقدم البرنامج في ارقى الاستديوهات ومذيع #مبس يقدمه من امام القرية التراثية في الأحساء وعايش الدور ولابس بدلة رسميه  	True	NEG	msa	0
611	يستاهل الكوتششششششششششش https://t.co/cc6560lCFK	False	POS	msa	0
612	اتابع تعليقات جمهور ليون عن مباراة اليوم الجميع متحمس ويقول فريق هزمه غالطه سراي لما لا نفعلها نحن (:  #رابطة_عشاق_ليون	False	POS	msa	0
613	كيفية متابعة رصد درجات ومهارات المرحلة الابتدائية من حساب القائد https://t.co/zUpfY7tESw	False	NEU	msa	0
614	وش دخل دياز في الموضوع !! اللي تكلم وسوى الفلم هو ابنه الممثل اميليانو،، واللي بسببه تم الاستغناء عنه وعن والده وبعدين يا #إمعه طنشت ((كوزمين - رادوي - التايب - وليهامسون - نيفيز)) وتمسكت في الممثل اميليانو اللي ما تعنينا دموعه فعلاً قمة الـ   لما فقراوي يتكلم عن بيئة الهلال	False	NEG	msa	1
615	#مررررررزوووق_فاااااااالح_الحححححبييييينيالعلي،wde	False	POS	msa	0
616	جايسوكككككككككككك ماني متعوده عليك كذا	False	NEG	gulf	0
617	"دلني إن تاهت بي دروبي، وتولني إن ضاعت خطوتي، وأنِر عتمة أيامي، ووسع علي ما ضاق منها يارب العالمين ."""	False	POS	msa	0
618	إضراب الجمارك: شلل تام يصيب الموانىء والمطار على البضائع والمسافرين الله يعطيكم العافية وعساكم علقوة   (يعطسكم) شكرا Iphone :<	True	NEG	gulf	0
619	لا تتكلمون معاي بدون emojis اخاف .	False	NEG	msa	0
620	مندوب ورد وتوصيل وهدايا ❤️✅🎁ننسق ونوصل كل ما تحتاجون 👌🏻التوصيل فوري للطلب دايركت 📩0506293238      #ايش_يحبون_البنات https://t.co/pLt8dIBWlD	False	NEU	msa	0
621	وانسانياً؟؟ او اه سوريا أمن وأمان ما فيها نظام قتل نص الشعب السوري وهجر القسم التاني لا سمح الله هدول المجموعات التكفيرية لعنة الله عليهم ونحن طالعين من رمضان وبشار تاب لربه !!!! والحياة حلوة  	False	NEG	msa	0
622	في الحمام https://t.co/5lFUqjPWoj	False	NEU	msa	0
623	وأجعلني خيراً لنفسي ولِمن حوليّ يا الله	False	POS	msa	0
624	هههههههههه اجلد زنوبة إيران دكشي هههههه كفو يا طارق هههههههههه أجل جامعة الإبداع الفرنسية  	True	NEG	gulf	1
625	مبحبش الجامعه لما بتكون زحمه	False	NEG	egypt	0
626	برشلونة تعثر 9 مرات في الليغا تعادل او خسارة .. 3 منها فقط كانت من الكبار الـ7 في الليغا !	False	NEU	msa	0
627	ياحظ الناس الي ما ينتبهون لأدق التفاصيل	False	NEG	msa	0
628	عادي اروح اتروش ١٥ دقيقه ولا راح يجون تمورو؟	False	NEU	msa	0
629	كل ما حد يطالب بإعدام الإرهابيين بيطلعوا كفايه تطلبوا انهم يتعدموا وحياة أهاليكم  	False	NEG	egypt	0
630	اللي يأدون كل أبوهم مزز ياراسي	False	NEG	gulf	0
631	مذيعات فضائيات مصر على سنجة عشرة عايشين الدور ومحتفلين بزفاف عريس ماسر ,,بالتأكيد هم الملمعين لسيرته وشهوده..  ,, #وكسة #السيسي_قاتل	True	NEG	egypt	1
632	#مقاطعه_المنتجات_الفرنسيه39اللهم صلِّ وسلم على خير خلق الله نبينا وإمامنا وحبيبنا محمد	False	POS	msa	0
633	نسيتوا زمانكم ايام الجوع رايحن البلدان مجاورة عشان دورن الأكل بس سقى الله زمانن  	False	NEG	msa	0
634	انت اختصرت الناس . شكل ومنطوق	False	POS	msa	0
635	مرررة شكرا على اقتراحاتكم الرائعة! احترت أشوف أي واحد فيهم.   #useless521followers	False	POS	msa	0
636	شكرًا للناس الي تعطينا مساحتنا للتصوير.بدون ما تتأفف، وبدون ما تعلق ليش، وبدون ما تألف من راسها أسباب وهمية هي مقنعة نفسها فيها.	False	POS	gulf	0
637	حضرة النايبة بتقولك مش عارفة تدفع الـ( 17000 ) سبعتاشر ألف جنيه حق فاتورة التليفون .. طب لما هي بتتكلم بالمبلغ ده ,, ممكن سيادتها تشرح لنا أو توضح لنا أو تقول لنا هي بـتــشــتــغـــــل إمتي ؟؟ #إكفل_وزير_ينوبك_ثواب	True	NEG	msa	0
638	دائمًا أواسي نفسي بـ عادي بس إقناع النفس صعب أحس حتى روحي تزعل مني..كيف عادي؟.	False	NEG	msa	0
639	استغفر الله يادكتور وصلنا لمرحله شمتنا فيها الملحدين علينا وصار ديننا الحنيف هو مصدر فرقتنا الوحيد   القدر	False	NEU	msa	0
640	همفف نيكي وحركاته لهوني اببكي https://t.co/ZYNDdB9OTk	False	NEG	gulf	1
641	قال : أنا رجال أقدح من رأسي ،فقلت: شف العيال في الحوش يدورون لهم ولاعة عطهم رأسك يالقداحة;-) !   صباح_الخير #تصريح_البلطان”	False	NEU	egypt	1
642	لو كان مرتدي التيشرت الفاضح لاعب من #النصر لرأيت رائحة دهن العود تفوح من منشن الشيخ خلف ملفي قدس الله سره :)..!  	False	NEG	msa	0
643	اسرائيل سعيدة بأن الكره العربي لم يعد من نصيبها وحدها بل تتقاسمه معها ايران. كما أنها تامل في التطبيع الكامل مع العرب وهي في طريقها لذلك..عندها تصبح ايران عدوة الجميع.  	False	NEU	msa	0
644	محامي مصري يرفع دعوى ضد راموس يتم منعه من دخول مصر بغرض السياحة او اللعب في احد الاندية المصرية  	False	NEU	msa	0
645	الصحافة أحاديث مع أناس يحسنون الكلام ننشرها علي أناس لايحسنون القراءة. أنيس منصور  	False	NEG	msa	0
646	تحول من الحسبنة إلى الردح وبعد فوز #النصر بالدوري إن شاء الله سيقضي ماتبقى من موسمه في النياح :).!  	True	NEG	msa	0
647	ملتزمون في تل ابيب🔥 https://t.co/b8yWbjBxLW	False	NEU	msa	0
648	ماشفت اوسع من وجيهكم يالثامنلا سوبر ولا ولي عهد وف الثامن ومتصفقين ف اسيا وراح تلزخون نهائي الملك ولها عين تتكلم  	False	NEG	gulf	0
649	لا تعلمني كيف أحبك ..لأني أعشقك ❤لكن علمني عندما أشتاق إليك و أحتاجك كيف           أجدك 💘	False	POS	msa	0
650	ههههه ضربة جزاء و مبسوطين التوانسه انها ضربة جزاء ..و كأنه جابوا الجول بتعبهم و جهدهم ..   #تونس #تونس_انجلترا	True	NEG	msa	0
651	يارب  يارب سخرلي من يساعدني ويوفر لي ملابس شتويه لبنتي لو مستعمله وكم غرض لها يااارب والله تعبت من اهل النفوس الضعيفه تكفون لو بس رتويت🙏🏻😭 #القطيف #الدمام_الان	False	POS	msa	0
652	راح تلاقي بعدي ناس كثير بس راح تدور علي فيهم.	False	NEG	msa	0
653	انو ماشي الحال الزلمي عم يعمل سياحة ما اصلا كل العالم عنا عم يعمل سياحة وقفت على هالزلمة مشونا...  	False	NEG	msa	0
654	يعني اللي عمل #ثورة٢٥يناير همه منظمة #حماس ..... لا يا عم خدزا ثورتكم ورجعوا مبارك وكأن اللي جري مجراش .... وكأننا لم نقم بثورة ...	False	NEU	egypt	1
655	أعتقد من المخزي ان نعطي ما لا نملك لمن يستحق ! لا توجد سعادة بمقدار حبة خردل منها في عالم فوضوي تسوده النزاعات وتجتاحه المشاكل وتغطي حياته بحوراً من الدماء بينما يضج العالم المتمدن بهكذا شعارات هنالك في العالم الاخر من يستجدي كسرة خبز يسد بها رمقه   #يوم_السعادة_العالمي	False	NEG	msa	0
656	بيا منطق دتحجي انته الي تريد توصله ان ايران والشيعة هم من صنعوهم والان يرسلون اولادهم للاستشهاد في سبيل طرد هلمرتزقة  	True	NEG	msa	0
657	#كلنا_ااالدلمانيجميل الشعور إللي تشوف نفسك تتغيير للِأحسن وكل ماله عقلك يستوعب ويتفهم إللي حوله.. فعلاً جميل.IfIw	False	POS	msa	0
658	4-0 اهلاويه وعصرية ممتعه باذن الله 💚	False	POS	msa	0
659	بك بح https://t.co/ukAb0u8pTs	False	NEG	msa	0
660	  اثبت يا ريس خليك حديد ... هتاخد إعدام و احنا في البيت نفسي نبطل كلام بدون فعل #احنا_مش_هتيفة	True	NEG	egypt	0
661	ولازال مـعـبـر رفـــح مـفـتـوحــــآ لـيـزيـد مــــن حـالاتـنـا الإنـسـانـيـة  	False	NEU	msa	0
662	هذي كسم؟ https://t.co/2WqEy5zEpX	False	NEG	gulf	0
663	أنا لي وليفٍ لا أبتسم ثغره الوضّاحزانت جميع أيامي أولها وتاليها	False	POS	msa	0
664	#مررررررزوووق_فاااااااالح_الحححححبييييينيالعزيز،0VE	False	POS	msa	0
665	يناس https://t.co/HVXqjRdffu	False	NEU	msa	0
666	توفيق .. جب لك كاس مويه الكتروني عشان اذا نشف ريقك من الفلورز تشرب منه كم كلمه تبل ريقك وتقدر ترد   :$	True	NEG	msa	0
667	اه اه اه  https://t.co/YwiVvspHrT	False	NEU	msa	0
668	"عام 2008 ضرب إعصار ولاية كانساس الأمريكية وفي جامعة الولاية تدمر مبنى وحيد . هذا المبنى كان ""مبنى بحوث الأعاصير"""	False	NEG	msa	0
669	خلي بالك من كلامك قبل ما ينط من بوءك و يطبل علي دماغك .. هوبا دربوكا الايام بتللف و تاخد في الزلموكا #شرموفرز  	False	NEG	egypt	1
670	الضغوطات ↗️↗️↗️↗️والنفسية↙️↙️↙️↙️	False	NEG	msa	0
671	نِسآء بابل كنّ يسْحرن الرّجل بالعيُون فقط .!! وَ نِسآءْ اليَوم يسْحَرن الرّجل بجَسدْ كآمل .!!   !*	False	NEG	msa	0
672	عجباً لأمر مسلم يخجل من الناس ولا يستحي من خالق كل الناس !!!	False	NEU	msa	0
673	لاتعطي معلوات خاطئة فأنت هرم الرياضه السعودية عيب عليك تجيب معلومات مو صحيحة الزبده انت وإياه مو فاهمين إشي والقاعده غضب عنكم انت وياه #العالمية_صعبة_قوية يععني انتو  	True	NEG	msa	0
674	الساعه 6:45 الريال متصدر .. الساعه 9:00 الريال وصيف .. الساعه 11:45 الريال الثالث .. ^ نادي الاهلي ما سوّا كذا ..	False	NEU	gulf	0
675	عيالنا جايين يقشون الجوائز ويمشون	True	NEG	msa	0
676	"#الاسد ينتقد دول الغرب ويتهمها ب""الاستخفاف بعقول الناس وعدم احترام الرأي العام!""على أساس أن احترام الرأي العام ركيزة حكمه!    "	True	NEG	msa	0
677	"استشاري يدعو لعودة الدراسة حضورياً في ظل ""كورونا"".. ويوضح أسبابهhttps://t.co/BWt4SC5jkS"	False	NEU	msa	0
678	إذا وجدْت نفسك تائهة فأغمض عينيك وتذكر آخر لحظة سعيدة وعشها. فقال ساخرا: فعلتها مرة ولم يوقظني إلا المنبه صباح اليوم التالي!  	True	NEG	msa	0
679	مططططرررر	False	POS	msa	0
680	و انا كشبّ لبناني هاجرت و خلصت و يلعن الساعة صحيح،بس انا شب لبناني واقعي و الغربة اعطتني كرامة مرّة...بس عايش بكرامة..بلبنان ما في امل.. #خلصنا_بقا #اتبهدلنا_كتير  	True	NEG	levant	1
681	طفش تعالوا خاص	False	NEG	gulf	0
682	كي لا تموت مرتين لا تعود لمن خذلك	False	NEG	msa	0
683	أفضل شخص يتحدث أثناء النوم هو أنا ، بدليل شهادات من البشر الذين يشاركوني الغرف ، تزداد حالة الحديث والكلام عندما أشعر بحصار الكلام  	False	NEU	msa	0
684	الى الآن ماني مستوعب فكرة الأرض سعرها بالرياض فوق نص مليون ونفس مساحتها بتركيا يطيح صفر!  	False	NEG	msa	0
685	السلام عليكم احس اني مواجوني	False	NEG	msa	0
686	#باحثون_عن_عمل_يستغيثون257إنه إبتلاء وإننا إن شاء الله من الصابرين 💔🚶‍♀️	False	NEU	msa	0
687	ماهو تغلي يوم شفتك وصديتاخاف عيني تحرجك في نظرها	False	NEG	msa	0
688	هذا هو كلشي  https://t.co/NklIdaSh79	False	NEU	msa	0
689	وعلي حضني رسيت رحالي وانا راضي عن الترحال https://t.co/EcHPytL3xA	False	POS	msa	0
690	في الامتحانات الاونلاين: اللي يحل يحل و اللي ميحلش ميحلش و البقاء للي يعمل submit اسرع 🤦🏻‍♀️	False	NEU	egypt	0
691	#MentionSomeoneWhoHasAPrettyFace بنحبك يا ريس , أوعه تفتكر أني بشتمك عشان بكرهك , بالعكس تماماً !  	True	NEG	msa	0
692	كبرت أوي علي اني أغتاظ من مين خلصوا و قرفينا و مغرقين التايم لاين .. كبرنا بجد   hahaha	True	NEU	egypt	0
693	رسالة لرئيس الجمهورية و لوزير الدفاع ... انا عندى شغل الصبح , اظن الرساله وصلت  	True	NEG	msa	0
694	#تلات_دقات بالنسبة للرومانسيين = 3دقات في القلب للبلطجية= 3 غزات بالمطوة للخرفان=3مأمآت للنشطاء=3ثورات للحرامية = 3 سرقات للمرتشي=3 رشوات للمسئولين = 3تصريحات ............ وإنت ماكنتش إنت تدلعني مين هايدلعني	True	NEG	egypt	1
695	فين جوابات تسبيح بتاعت كل سنه ❤	False	NEU	egypt	0
696	يااااه !! وزير الداخلية لما راح يتفاوض مع متعصبين معرفش يقنعهم بفض الاعتصام......أما مفاجأة مكنش أي واحد متوقعها !!!   #qena	False	NEG	msa	1
697	ليش شو هو يلي ببلادنا العربية مو مغشوش : الحرية الديمقراطية التعددية ولا الربيع الأسود يلي جر علينا هالبهدلة كلها..  	True	NEG	msa	0
698	"يا مرتضي يا مرتضي ,, جبت آخرك يا مرتضي ,, #مرتضي_منصور ياخواننا بيقول وبيهدد/ أمتلك خطابا يهدد الرياضة المصرية ويمنع #مصر من اللعب في مونديال روسيا, بره ميعرفوش يعني محاكم ونيابات"". إنت خاين لبلدك يا مرتضي ياوسخ, عشان مصلحتك تهدد بلد بحالها يا وسخ, بكرة تطلع حرامي وهانشوف  "	True	NEG	egypt	1
699	نِساء بابل كنّ يسحرن الرّجل بالعيون فقط ونِساء اليوم يسحرن الرّجل بجسد كامل   ..	True	NEG	msa	0
700	نفود الغاط https://t.co/TVilpld0wr	False	NEG	msa	0
701	بمناسبة اليوم العالمي للتطوع تم تنفيذ العرض التالي عمل الطالبة / جمانة العسيري رائدة النشاط أ/ أماني القثامي@MOE_HFB_02 https://t.co/I82vG3su2y	False	NEU	msa	0
702	#منع_الشباب_من_دخول_المطاعم لأن دخول الرجال للمطاعم فتنة وسبب للتغريب. ما أظن فيه ولد مسلم ويخاف على عرضه وشرفه بيطالب بهذا الشيء  	False	NEG	msa	0
703	لا تنتظر احداً يُنير لك عتمتك جاهد بنفسك لتُنيرها.	False	POS	msa	0
704	#سُخرية ، سعاده تأبى البقاء ، و تفاصيل تفرُض سوادها ، و ماضٍ ما زال على قيد الحياة .	False	NEU	msa	0
705	الامارات جابت هادي لعدن يعني بتلعب بكم كمىتزقة فقط بتوعدكم وتوعد هادي ههههههه  	True	NEG	msa	0
706	اليوم انهيت كتاب صار لي شهور من شرعت بقرأته .. بس المثير للسخريه اني سعيده لاني انهيت اخر ٤٠ صفحه من اصل ١٨٧ حسيت اني انجزت حاجه	False	POS	msa	0
707	#إستعباط يعني العالم كله عارف إن فضل شاكر إرهابي ,, إلا شركة الـعــدل ؟؟ يمكن ماعندهمش نــت ,, أو ماعندهمش نخـوة أو غيرة, وهي خلاص مصر خلصت من الأصوات الجميلة؟ حقيقي الزبالة لا تميل إلا للزبالة إللي زيها. #قاطعوا_العدل_جروب  	True	NEG	msa	1
708	دوروً ليّ قلب ثاني لايحب ولايغار♥️♥️. #علموني_كيف_احب	False	POS	msa	0
709	الثورات في العالم العربي إنعكاس لإرادة الشعوب, ومن المضحك إدعاء البعض أنها مؤامرات خارجية.. باستثناء البحرين طبعا,تلك مؤامرة خارجية  	True	NEG	msa	0
710	مانجبرك على وصلنا دام الله مغنيكخلك على وضعك مع الايام تنعاف	False	NEG	msa	0
711	(سَنُرِیهِمۡ ءَایَـٰتِنَا فِی ٱلۡـَٔافَاقِ وَفِیۤ أَنفُسِهِمۡ حَتَّىٰ یَتَبَیَّنَ لَهُمۡ أَنَّهُ ٱلۡحَقُّۗ أَوَلَمۡ یَكۡفِ بِرَبِّكَ أَنَّهُۥ عَلَىٰ كُلِّ شَیۡءࣲ شَهِیدٌ] https://t.co/fpRukkq9bg	False	NEU	msa	0
712	الخارجية الايرانية تنصح الحكومة العراقية .. هاي آخرتها «رحمة الله عليك يابوعدّاي»   #	True	NEG	msa	0
713	#صالح_ذيابببب_المطيريشكرًا لمن يلتمس لنا العذر قبل أن نعتذر، ولمن يقدر ظروفنا قبل أن نشرحها.ySm	False	POS	msa	0
714	لبنان: حركة مرور كثيفة على أوتوستراد الرميلة باتجاه صيدا https://t.co/x0SEQNwGjW	False	NEU	msa	0
715	#خخخخلييييل__اااالصالحمزعجنا بشيلة ياما عطينا وما حسبنا عطانا وهو لو تاخذ شاحن جواله يمكن ما يكلمك يومين .c6A2f	False	NEG	msa	0
716	#اتزوجها الشباب يلغوا في النسآء ولا يجيدوا الفعل ، كونوا لنسآء أهلكم رجالاً قبل زوجاتكم ..   !	False	NEU	msa	0
717	يحررون إيران من الإيرانيين و سوريا من السوريين و يباركون الاحتلال الناعم في #البحرين عبر توطين الأجانب و تمكينهم  	True	NEG	msa	0
718	صوتنا ولله الحمد .. الله يوفقنا ونكون أحسنا الأختيار 🤲🏼 اشكر القائمين على العملية الأنتخابية والمتطوعين . 🇰🇼 #انتخابات_مجلس_الامه_2020 https://t.co/7gLyz7ma9m	False	POS	msa	0
719	”اللهُمّ غيّرني لما تُريد أنت، واختر لي ما تشاء أنت، واجعل قلبي مُتعلّق بك وحدك أنت، وبدل ما تراه عيني جميلًا بما تراه أنت، واجعلني أرى كُل شيء من خلالك أنت، اللهُمّ إني سلمتك أمري ونفسي في الدُنيا فاجعل دُنياي كما تحب أنت، وآخرتي برحمتك أنت وليست بعملي، فما لي سواك أنت يا الله.”	False	NEU	msa	0
720	بببووتتوومم نسنينيمي https://t.co/5n9DoJJnpT	False	NEU	gulf	0
721	أحدهم يقول : راتبي كأنه سناب شات ما يمديني أشوفه إلا خلص قتلني التشبيه #بصراحة  	True	NEG	msa	0
722	فإن أخطأ ضابط شرطة نصب له الإعلام المشانق و لم يرحمه و إن أجرم إعلامي غفر له الإعلام و رحمه و تضامن و تكاتف ..  	True	NEG	msa	0
723	شعيب حريملاء هذا اليوم https://t.co/YOChG7iDDN	False	NEU	msa	0
724	ماتوقعت اني بصارخ على تمورو بصصيححح بصيح يصيح الاداء مثالي	False	NEG	gulf	0
725	الناس لي للان عندها امل بيكهيون يحظر حفل ميلون والماما الله يرزقني ثقتكم😭😭😭	False	NEU	gulf	0
726	وضع النصر .... امور وراء الكواليس يجب وضع حد لها اتمنى الجماهير تهدا وان شاء الله ربي يزينها لا تعاتبون المدرب او الادارة الله يعلم وش صاير مانقول غير الله يسخر لنا من يخاف على الكيان قبل كل شي 💛	False	NEU	gulf	0
727	عايزه لما اكون ف مكان واتضايق يشغلولي الاستاذ بهاء سلطان عشان اروق كده واتبسط والاقي الحياة جميله	False	POS	msa	0
728	طبعا لأنه في عهد الرسول كانت الصحابيات ما تركب ناقة إلا لما تستأذن مثل الصحابية المحاربة خولة بنت الأزور  	False	NEU	msa	0
729	ناموسة بعد ما خلصت مص فى دمي لاقيتها دايخة و مش عارفة تطير الواحد نقلها الكسل و التوهان  	True	NEG	msa	1
730	جاتني ضيقه الدنيا لما شفت بوما بوجهي وع نبي انتعاش نبي رقص ووناسه وضحكات مو قىٌل كل شوي ؟.!!!	False	NEU	gulf	0
731	والعجيب والغريب.. انه يجلس يماطلك لفترات طويلة وبعدها لا يرد على اتصالاتك!!! هؤلاء البشر ما تعرف ان هذه حقوق بشر #عيب   #مهزلة	False	NEG	msa	1
732	في لحظة معينة من حياتك ستدرك كم أنت وحيد حقاًّ و ستندهش كيف ستخلى عنك الأشخاص الذين كنت مستعد للتضحية بحياتك من أجلهم و بدون ترد  !	False	NEG	msa	0
733	أحبكك❤️♥️مقصوووودة✌️ https://t.co/WAkKfCt5Tt	False	POS	msa	0
734	أي أن سرعة الـ16 ميجا تم إزالتها أصلاً و ليست متاحة سوى للعملاء الذين أصروا على عدم الترقية..ما أخيسكم يا إتصالات	False	NEG	gulf	0
735	وصلت ازق لفل من الغيره https://t.co/rhlkRap82o	False	NEU	gulf	0
736	اللَّهُمَّ صَلِّ وَسَلِّمْ على نَبِيِّنَا مُحمَّد	False	NEU	msa	0
737	التغافل.. يقول ابن الجوزي: ما يزال التغافل عن الزلات من أرقى شيم الكرام، فإنّ الناس مجبولون على الزلات والأخطاء، فإن اهتم المرء بكل زلة وخطيئة تعب وأتعب، والعاقل الذكي من لا يدقّق في كل صغيرة وكبيرة، مع أهله، أحبابه، وأصحابه، وجيرانه، وزملائه، كي تحلو مجالسته، وتصفو عشرته.	False	NEU	msa	0
738	لن تتطوروا ولن ترتقي بلادكم ما دام هذا حالكم #كذب #تزوير  اين الادب والاخلاق والدين الاسلامي	False	NEG	msa	0
739	يعني الأطفال يقاتلوكم 3 سنوات ونصف ويمرغوا أنوفكم بالتراب لو نفترض أنهم أطفال وفعلوا بكم ما فعلوا من قتل لجنودكم وإحراق دباباتكم ومصفحاتكم ويقصفوكم بالصواريخ فكيف سيكون مصيركم لو حاربكم الرجال	False	NEG	msa	0
740	سحاب عفيف وشماله https://t.co/7MQpZHQ1V7	False	NEU	msa	0
741	#اتفه_حاجه_فحياتك الصراحه أنا اتفه حاجه ده انا   السنين كلهااااااا بس صحابي برضه تفاهيين آخر حاجه	True	NEG	egypt	1
742	طيب ...!!! إذا كانت الحكومة مش هاتصحي للخرفان إللي موجودين في مؤسساتها ,, العاقبة هاتكون وخيمة ,, سامعاني يا كاميرات ؟؟؟ #الحكومة_الفاشلة  	True	NEG	egypt	1
743	اللى بيضحك دايما دا مش معنااه انه فرحان علفكره 󾌴󾌴 هو الموضوع بس ان مبقاش فى حاجه تستاهل الحوار كله  .. و #راحه_بال	False	NEU	egypt	0
744	حسب وزارة الصحة مستشفى الدرة للاطفال ومستشفى الاندونيسي ع وشك التوقف عن العمل بسبب نفاذ الوقود  	False	NEG	msa	0
745	وبعد فترة تسمع عن اخبارهم وافعالهم دليلُ على افتقادهم لك فتضحك بسخرية ، لم يعرفوا قيمة قلبك الا بعد ..  	True	NEG	msa	0
746	جزء القبعة ذكرني بكوك😭	False	NEU	gulf	0
747	محمود حيدري والمهري وجاسم الخرا...في مقربون لسلطه وهوسبب خراب البلد الطاحوس-الصواغ-الداهوم خروج من السجن بكفاله   الاقدار	True	NEG	msa	0
748	بصرخ ماصليت بروح اصلي	False	NEG	gulf	0
749	ماتشالا قلبي اللا فيك يانبضه وطبه.	False	POS	gulf	0
750	أنا وصلت الشغل الساعة 7 و 5 ولقيت مكان واحد فاضى أركن فيه قدام المبنى علطول وبتاع الأمن بصلي وقاللى صباح الخير، الثورة مستمرة	True	NEG	msa	0
751	مِنَ الْمُؤْمِنِينَ رِجالٌ صَدَقُوا ما عاهَدُوا اللَّهَ #انتخابات_مجلس_أمة_2020 #الصيفي_مبارك_الصيفي https://t.co/cQkBD2eG5X	False	NEU	msa	0
752	ما شاء الله قدرة الخبراء على التخمين و حساب الاحتمالات شيء مدهش.   #theBlackSwan	False	POS	msa	0
753	شكرا كليتي لأنك تحميني من نفسي ومن الذئاب البشرية لأني إنسانه جاهلة بأمور ديني وأخلاقي .  	False	NEU	msa	0
754	شكرا للملك محمد السادس على إصلاح الخطأ الكبير الذي وقع فيه نتيجة التوقيع على العفو دون علم كما أوضح البيان.  	False	POS	msa	0
755	المقابله قبل أسبوع يا غبي وان كان لك غرض من أعاده نشره في تشويه سمعت الطرفين فأنت أهبل  	False	NEG	egypt	1
756	يامسرات قلبي بذا الصاحب والله ❤️ https://t.co/Z6E2deY36n	False	POS	msa	0
757	السخرية هي ان تخدع اصحابك ومن حولك وتأخذ نصيب الاسد من التشكي والولولة الظريفة دون ان يعرفوا ذلك  	True	NEG	msa	0
758	#كلنا_ااالدلمانيبعد كمية مشاعر عظيمة جدًا، تبلد لِدرجة أن مشاعرك تنعدم أتجاة الكل.fxxM	False	NEG	msa	0
759	محمد نور يقول : سـ اكون مختلف مع النصر .. اكيد بتكون مختلف يعني طقم النصر مثل الاتحاد  	False	NEG	msa	0
760	إنّ الذّهب يُجرَّب بالنّار وإنّ المؤمن يُجرَّب بالبَلَاء	False	POS	msa	0
761	احتجاز #حسام_حسن للورد التحريات وبعدها اخبط ف خبر ورد تحريات الامن الوطني بعدهاخبرحبسه4ايام هو تحريات امن وطني ليه اعتدي ع مفاعل نووي	True	NEG	msa	0
762	وش فيك؟ يقولك الماسونيه زعلانه عليه و يبون ينتقمون، ليه مو مصدقه؟ صدقيني لا فهمتي السالفه صح بتدافعين عنه ولا هو ما يغتصب  	True	NEG	msa	0
763	وكأن أحدهم استخدم حياتي بطريقة سيئة من قبلي، فأتيت أنا لأتلقّى ردّات الأفعال	False	NEG	msa	0
764	فعاليه :البنات هاتوا اسم ولد فخم الأولاد العكس	False	NEU	msa	0
765	#تحرش_شباب_بفتيات_بالشرقية عجبا للداخليه لو كان تجمع لاعتصام ودفاع عن اعراض الحرائر كان هاجمتهم قوات الطوارئ وتم اعتقالهم  	False	NEG	msa	0
766	بحب كيف دايماً مننصدم كأن أول مرة بتشتّي بَرَد ببيروت ...	False	NEG	msa	0
767	غريب جدا اختلاف وقع الكلمات على النفس  في اللحظة اللي تسمعها  ممن تثق به ..	False	NEG	msa	0
768	فريد الديب ع الحياة 2: ده مبارك شاري تلاجة قسط أساسا وكان قاعد في قصر إيجار جديد   #Mubarak #Tahrir	True	NEU	egypt	0
769	عادي يكمل باقي الحفل وهو يتكلم ما ابغاه يخلص	False	POS	gulf	0
770	شعر يونجون 🤯🤯	False	NEU	msa	0
771	اخ منك يا زمن ما احقرك .. اخرتها نصير نسمع اخبار عن حلا الترك نزلت دموعها وتثير الاعجاب و تعلن عن البوم جديد ....  	True	NEG	msa	0
772	هو عموما من البديهي ان احتياج الفريق بعد باك يمين محترم اللي هو حمزة تتحرك علطول تجاه شراء دونجا او عبد العاطي علي حسب الترتيب معلش وبعدين مهاجم	False	NEG	msa	0
773	فى دمنهور المتظاهرين قدموا طلب لوزارة #الداخلية بتنظيم مظاهرة للتنديد بالحرب التى قامت بين أحمس والهكسوس 	True	NEG	msa	0
774	كم هو مسكين هذا السامي حاول صناعة مجد كلاعب ففشل وحاول صناعة مجد كمدرب ففشل أيضاً لم يبقى له إلا أن ينضم لداعش :).!  	True	NEG	msa	1
775	الحياة قصيره جداً...؟لا تستحق الحقد والحسد والبغض..ابتسموا وسامحوا من أساء إليكم..؟👌💌مقصوده 💔Aمساء الخير 🌹 https://t.co/pb2uqDmkvT	False	POS	msa	0
776	#خخخخلييييل__اااالصالحفي الغالب، عليك أن تتوقّف قليلاً لتُقيّم وتُخطّط وتُراجع الوضع الراهن لتقفز عالياً من جديد وتصل لما هو أبعد.prcZU	False	POS	msa	0
777	احبه 💗 https://t.co/XGAeDYkGH8	False	POS	gulf	0
778	سواليفك مطر عُمري ربيعي ضحكت أزهاره 💗🌸	False	POS	gulf	0
779	#سؤال_لـ سيادة النائب العام . حضرتك عاجبك برنامج أبلة فاهيتا والمسخرة إللي بتقدمها ؟ حضرتك عاجباك الفضائيات منبع وبؤرة المسخرة وتهييج الرأي العام من مرتزقة يطلق عليهم إعلاميين وما يقدموه ؟ حضرتك إنتي كاية إشتغلي إيه؟ حضرتك ممنوع من إتخاذ أي قرار يحمي الشعب من هذا الإسفاف؟  	True	NEG	msa	1
780	لاغرابة في خسارة #النصر في بطولة كباراسيا فتاريخ النصرمطرزبالخمسات والاربعات في بطولةابطال دوري اسيا وتاريخه فيها يعتبر   #النصر_لخويا	True	NEG	msa	0
781	كاننا في الفصل والميس طلبت من طالب رخم يكتب اسم اللي بيتكلم علشان تعاقبه بس ف الاخر بيبقي تهويش لان الفصل كله بيتكلم   دولية	False	NEG	msa	0
782	عاجل: القبض على مرشح يدعو للتفاؤل	False	NEG	msa	0
783	لو عارفين تاريخ كويس هتعرفوا ان لولا يوليو كان زمانكو بتفكرة تخلعوا الملك وبعدين تخلصوا من العسكر عشان توصولو لمرحلة خلع الاخوان  	False	NEG	egypt	0
784	#فهههههههههد_غشششششششاااااام_الببببصمممممانالحليم،f9m	False	NEU	msa	0
785	"“ التطوع اسلوب حياة "" (فمن تطوع خيراً فهو خير له) #اليوم_العالمي_للتطوع#نبض_السعودية_التطوعي"	False	POS	msa	0
786	أتيه وسط أفكار تبعثر أجزائي،فلا أنا بقادرة على أن أبقى واقفة،ولا باليد حيلة كي أجعل عيناي تبكي،فبالله عليك، ماذا عساي أن أفعل كيف ينبض قلبي من جديد؟	False	NEG	msa	0
787	"إيران تهدد الإمارات ""بخفض"" العلاقات الدبلوماسية إذا إستمرت في مطالبتها بالجزر الثلاث!! من المفترض أن يكون العكس!!  "	False	NEU	msa	0
788	آخر تحديث رادار: jetplan | البروق https://t.co/8VqBuFwWHg	False	NEU	msa	0
789	عكر مزاجي اختبار الفيزيا🙂💔	False	NEG	msa	0
790	لأ و بيعيطوا على المجمع العلمى ... ولاهى انتوا ناس زى الفل احنا اسفين يا عسكر فداكوا 74 واحد يموت هما كانوا ورق مثلا ده انسان بس	True	NEG	msa	1
791	البقاء للأصدق والأوفى دائماً	False	POS	msa	0
792	والحال بعد شوفتك سرور ترد الروح لو انها دقايق💙	False	POS	msa	0
793	مـن الآخــر ,, إللـي عـايز ياكل من الـفــراخ يـجـيـب ويـاكل , لو فيها حاجة وحشة , الحكومة بتقولك بلغنا ,, طلعت حلوة , الحكومة بتقولك ألف هـنـا وشـفـا ,, هـري كتير ماباحبش , ماشوفتش ربـع الـهـري ده علي المحلات إللي بتبيـع لـحـم الـحـمــيـر, مش بتعملوه بـانـيـه برضـه؟؟  	True	NEG	egypt	1
794	الحفل مايسوى ينشاف.... كورونا خرب علينا افضل شيء بالكيبوب	True	NEG	gulf	0
795	جمال حمزة بقى مارادونا! مختار الصحاح بقى عبد المجيد الصحاح https://t.co/RLa2iG75ie	True	NEG	msa	0
796	وفى الظروف العصيبه دى ..اتحاد الدفعه يخرج ببيان يعكننا اكتر واكتر #شيت مع انى عارفه من امبارح الكلام دا  بينا	False	NEG	egypt	0
797	وَنَجَّيْنَاهُ وَأَهْلَهُ مِنَ الْكَرْبِ الْعَظِيم	False	POS	msa	0
798	مو معقوله الحريم حتى و أهما يايين يصوتون يتهاوشون🤣😱🤣😱#بل	True	NEG	msa	0
799	اذكركم هذا ستيج فرقة عمرها سنتين	False	NEU	msa	0
800	غياب الى يوم غد وقت المذاكره والجد والاجتهاد ادعولي بالتوفيق❤👍🏻	False	POS	msa	0
801	ااه بس لو مسكت المسيحى إللى كان ماشى فى الجنازة و قرر يضرب فى الناس.. مسيحى بقى هنقول إيه   #مصر	True	NEG	msa	1
802	الرئيس مرزوق الغانم وولده علي ووالده علي ثنيان الغانم خلال التوجه للمشاركة في العملية الانتخابية  https://t.co/cov3eSmUuC https://t.co/55ebF2FKKQ	False	POS	msa	0
803	المكان اللي ينزل من مقامي ..                    تنكسر رجلي ليا جيته وحفته...! https://t.co/TDVnnQUpHz	True	NEG	msa	0
804	أحب الشغل النظيف.. اذا بتسوي حساب وهمي عشان تلاحق ناس تعرفهم لازم تحط صورة وبايو وتتبع ناس واجد وتكتب 73 تويتة	True	NEU	gulf	0
805	وإن للكلمة ثقل في الروح يصيب المرء بالعجز والخَور، فخذوا من الكلمات أحسنها أو أكثرها عادية، فلا أحد يستحق أن يسقط صريعاً من أجل كلمة.	False	NEG	msa	0
806	ف انت لا تعلم كم حرباً خاضها بداخله ليخبرك بذلكwy3Rp	False	NEG	msa	0
807	الظاهر أن الشيخ ناصر المحمد كان ناوي يغزو إيران ويحتلها بجيوشه العرمرمية، لذلك دز جواسيس كويتيين تمهيداً لذلك  	False	NEG	msa	0
808	تومورو ما يوقفوا إبداع😭😭😭😭😭	False	POS	gulf	0
809	يا   أنا مسلم شفت إنك غبي الحمدلله اكتشفت نفسك بنفسك يا وهابي ويا داعشي أنت خطر عليي أكثر من إيران وأنصار ألله وحزب الله	True	NEG	msa	1
810	#ملتقى_الحشمة هيا يا أمة الله لا أستطيع كبح جماح نفسي وإنتي أيتها الطفلة المشتهاة أرجوكِ استري نفسك فلا أحد سيعاقبني لأنني (ذكر)!!  	False	NEG	msa	0
811	انتبهي تدخلين علاقه مع ولد يحب الكوره لانه ذكوري متخفي	False	NEG	msa	0
812	تضامن الشعب الفلسطيني في الضفة الغربية مع أشقائهم الشعب الفلسطيني في غزة يعبر عن عمق العلاقة و قوتها بين البلدين الشقيقين  	False	POS	msa	0
813	كيف بيطلبو من الدرك ما يتدخلو بولا شي حزبي و هي الوزارة كلا سوا مسيسة و اذا مش محسوب عحدا ما بحياتك بتحلم بمنصب  	False	NEG	levant	0
814	يا حظي فيك❤️.	False	POS	gulf	0
815	ليه مينفعش حد يقدم بلاغ للإنتربول في وائل غنيم للقبض عليه؟ مش هو قال أنا أقوى من حسني مبارك وأقوى من عمر سليمان ذات نفسه؟  	True	NEG	msa	0
816	ياريتها ماكانت غطت الأوسكار .. كانت سابته يستهوي ويأخذ برد .. بدل المغص اللي جابتهولنا. #أوسكار   #مصر	True	NEG	msa	0
817	إلى أولئك البارعون في إخفاء خيانتهم.. الذين لايملكون سوى قليل من الوفاء... رفقآ بأرواحكم فنحن لكم مشفقون..  	False	NEG	msa	0
818	مين عاوز يفهمنا إن عبد الرحيم يعرف أكتر من المتحدث العسكري أو يعرف اللي مشغلين المتحدث؟ دي  	False	NEU	msa	0
819	يارب رضاك  والجنة ... و اعرف اشرح موقفي بدون عياط 🤦‍♀️💔	False	NEG	egypt	0
820	أن ﺗﻬﺐ ﻋﻤﺮﻙ ﻟﻫﻢ ﻭﻟﺨﺪﻣﺘﻬﻢ,ﻓﺘﻌﻴﺶ ﻏﺮﻳﺒﺎ ﺑﻴﻨﻫﻢ .ﻟﺈﺧﺘﻠﺎﻑ ﺍﻟﺘﻔﻴﺮ ﻓﺘﺼﺒﺮ ﻋﻠﻰ ﻣﻌﺎﺷﺮﺗﻬﻢ ﻭﻇﻠﻤﺔ ﻋﻘﻮﻟﻬم ﻭﺗﺪﻋﻮﺍ ﻟﻬﻢ ﺑﺎﻟﺄﻓﻀﻞ !!أﺗﻮﻗﻊ ﻫﺎﻱ إﺳﻤﻬﺎ #ﺳﺨﺮﻳﺔ القدر	True	NEG	msa	0
821	شركة تركيب طارد حمام من المنزل والاسطحتركيب طارد حمام من النوافذ والاسطحتركيب طارد حمام من من على أسطح المنازلتركيب مناع حمام من النوافذ والاسطحتركيب طارد حمام منفريق مجهز وعمالة مدربه لتركيب طاردجوال 0545383325 #مقاطعه_اعلانات_هند_القحطاني https://t.co/wU0a6XIPwj	False	NEU	msa	0
822	  القدر الأهلي بيلعب في حماية الداخلية. المتسببة في مجزرة بورسعيد وبتحميه من مين؟ من جمهوره الي ماتوا وهو بيشجعوه فعلا انها سخريه القدر	False	NEG	msa	0
823	شروط وضوابط قبول الطالب مركزيا في الجامعات العراقية وفق دليل الوزارة 2021 مهم لكل طالبhttps://t.co/lP4NMESpuGالشروط والضوابط العامة لقبول الطالب المركزي في الجامعات العراقية 2021الاسس العامة التي يعتمدها نظام القبول المركزي	False	NEU	msa	0
824	لا نفهم كيف يكون هناك تقدم ومباركة كويتيه لحل الأزمة ولا يتم الحديث عن الدول الثلاث الأخرى، كما لم يتم لقاء أطراف الأزمة، وهل الشروط الثلاثة عشر ما زالت مطروحة .	False	NEG	msa	0
825	#NowPlaying #عم يسألو#الوليد الحلاني	False	NEU	levant	0
826	“كان يقول بانفعال: لقد سرقت، وكذبت، وغرَّرت بالآخرين، ولكني لم أخن من ائتمنني..ولم أكذب على من وثق بي.. نعم أنا مجرم..ولست نذلاً..!”  	False	NEG	msa	0
827	  فدولة ينهش التضخم وارتفاع اسعار الشعب يرفض مجلس النواب ونادى القضاة وهيئات رقابيةاخضاع ميزانيتها للرقابة م الجهازالمركزى للمحاسبات!	False	NEG	msa	0
828	ذا استلم جائزة اعدين بصرخوله 😅😅	False	NEG	gulf	0
829	صدت تنين بيحبو بعض وماحدا مهتم	False	NEG	msa	0
830	خلاص بقى أهو كلهم يا إما استشهدو يا إما اترمو في السجن! إفرح بقى! معدشِ في تكفير..  	True	NEG	msa	1
831	سيعوضك الله لأنك رضيت في وقت لم يكن فيه الرضا عليك سهلاً	False	POS	msa	0
832	السيسى رمز النجمة على فكرة الرمز دا مش من فراغ حط قبل الرمز هلال و انت تعرف الراجل دا هينضف البلد ازاى  	False	NEG	egypt	0
833	انك تفتح سجل الاسماء وتمر على ارقام ناس كان يعنون لك شيء كبير وفجأه ماتعرف عنهم شيء   القدر	True	NEG	msa	0
834	كلينتون: نقوم بما علينا لتخفيف أي آثار غير مقصدة للعقوبات على الشعب السوري what a #hero y3nee kattar 5erek	False	POS	msa	0
835	ما اعرف ليش الناس تحسب ان الانمي لحوج كلوزقي يا طيوز الي يقولون كذا الانمي احلا واحسن منك	True	NEG	msa	0
836	عزيزتي الفتاة..إذا بتكشفين عند الفلبيني اللي بد.كيف...فأنا أولى أنك تكشفين عندي بحكم إني إبن البلد!!  	True	NEU	msa	0
837	"تُرتَكب افظع الجرائم بتاريخ البشرية يوميا في #سوريا ونحن لا(نحس)الا في انفسنا ويقودنا(الاعلام الفاسد)خلف(البرامج)الهابطه!!  """	False	NEG	msa	0
838	#النسويات_حثاله_المجتمع مشكلة بنات المتوسط 👺	True	NEG	msa	0
839	تخيل الفنانيين إللي بيحاربوا عشان يظهروا تحت الأضواء وعمالين زي الفرقع لوز يظهروا في كل الفضائيات ,, وبيقولوا عن نفسهم إنهم كلهم وفاء و حنان وهناء وشيرين ههههههههه ماحدش منهم راح يحضر دفن الفنانة هياتم ربنا يرحمنا من كدبهم ونفاقهم جميعآ  	True	NEG	msa	1
840	كيف ينام المسئولون فى شركة Adobe وهم يعلمون ان الفوتوشوب هو المسئول عن مقتل المئات من الشعب المصرى :>  	True	NEG	msa	0
841	#انتو_وين_ونحنا_وين عشرات الشباب بيقطعوا طريق وبيحرقوا دواليب وسياسيين بتتهجم على بعضها، والدولة تلاحق ناشط على فايسبوك بتهمة تحريض طائفي.  	True	NEG	msa	0
842	الحضور طيب في كل مكان رغم الظروف اتوقع فيه تغير  كل المناطق	False	POS	msa	0
843	أشم ريحة دلع قادم 😚❤️@BlueMoonTeamAR https://t.co/KEM2nj9OWP	False	NEG	msa	0
844	#الابتلاء_نعمه الناس اللى كل شويه تقول ده انا محسود ده انا متنيل ده فى حد بصصلى فى حياتى.   (على ايه ياحصره) 🙉الناس اللى شايفه الدنيا سودا الناس اللى عايشه حياتها فى صراعات مستمره مع اى حاجه احب اقولك ان ربنا خلق الكون كله عشان الانس والجن يعبدو خت بالك من كلمه ياعبدو دى وخير	False	NEU	msa	0
845	#سعودي_يبكي_فراق_زوجته بعد دقائق سيمسح دموعه فوراً وينهض لينفض ثوبه ومن ثم يتوجه لمنزل عمه ليخطب إبنته بحجة أنه يُريد من تربي ابناءه  	True	NEG	msa	0
846	ابتسامته😣 https://t.co/gqhaJXderj	False	POS	msa	0
847	خلهم يخللوه ولا منه اي فائدة يرقد و يقوم يعمل تعيينات و يرجع يرقد و ع ذَا الحال.  	False	NEG	msa	0
848	سير علينا يا هوى 🎶	False	POS	msa	0
849	بجد ياابني احنا لازم نتكلم جد شوية ياجدع والله ماعارف كدة مش هينفع بجد دي بقت قصة الواحد لما تهرب منة وميعرفش يلمها  	False	NEG	msa	0
850	#علموني_كيف_احب••رافق من يستطيع تحمل كل شيء لأجلك فقط٠..♥️💭 https://t.co/fZRzjmUr7I	False	POS	msa	0
851	مستشفى الملك فيصل يعلن عن فرص تدريبية ووظيفية بقطاع التمريض https://t.co/2edTvuJ1u7	False	NEU	msa	0
852	يضحككك😭😭 https://t.co/v9Mj0ip3TO	False	NEU	msa	0
853	طول عمرة البلام   بيمثل انه مرة ولما جاء يعمل نفسه رجال تضحك ع اليمنيين #هزلت كان الاجدر به ان يناقش قضيه البدون	False	NEG	gulf	1
854	لما قررت ارحل كل اغاني الفراق طلعت لي كأنها تمنعني وتقول كذا بيصير اه	False	NEG	msa	0
855	"من يلبس قميص حسين عبدالغني برقم 24 من جمهور #النصر يتم منعه من الدخول. ..! ( قرار مسخرة) طيب لو قميص عليه رقم1+23 هل يتم المنع؟  """	False	NEG	msa	0
856	أحبك شمس ماخانت وعدها بالحياة وأشرقت مثل أمس ♥️!	False	POS	msa	0
857	أنا أعتبر التويتر مَثل المُلاحظات .. أفهقّوا مَجاهيم ظنونكم عَنا .	False	NEG	msa	0
858	ياخي مافيش خبر حلو يبـلّ ريــق الواحد إعدام الخروف مرسي والمرشد والخرفان ولاد الوسخة #الدواسة يموت محروق #حمطير يقع في بكابورت تنكسر رقبته ويجيله شلل رعاش البراز عي , تجيله نقطة مثلآ الأسواني تجوز واحد صاحبه الخرفان تجيلهم شوطة إنفلوانزا الخرفان حاجة زي كـده  	True	NEG	egypt	1
859	قناة الوطن باخبارها المسائية قزرتها على كتلة العمل الوطني بسالفة من حيث المبدأ لوووووول   القدر	True	NEG	msa	0
860	نمنمنمممم ياربي😩💛 https://t.co/hWvX3DKdsi	False	NEG	msa	0
861	أكثر مايغضبنا من #أهل_القصيم المسئولين في الخارج أنهم جعلو منا   أمام الناس حينما يتعاملون معنا بحقد وعلو بل يتركوننا #للكلاب_الضاله!	False	NEG	msa	0
862	لا يا شباب لا شباب لا يا شباب ..... كل هذا لأجل لاعب كرة قدم! غريب امركم والله, والمصيبة انكم تتحدثون عن لاعب لايعرف غير نوع مراوغة واحدة فقط (المروحة) ومن فتره قصيره فقط اتقن فنون (باص العيون)  	True	NEU	egypt	1
863	هيَ تحبه وهو مغرم بِ آخرى والآخرى تموتُ هياما بِ خائنها والخائن يبكي من حبيبته قهراً , و الحُب يضحك بِ #سخريہ	False	NEU	msa	0
864	يضحك عليها ليش تبجي من مسلسل رومنسي،، وتضحك علية لمن يبجي على برشلونة ومدريد،،   القدر لول!	True	NEG	msa	1
865	والله راحت هيبتك يالهامور ، من عقارات وشركات وملايين ، لمتابعين !! الاسهم لعبت بالدنيا حتي الهامور صار ورقي  	False	NEG	msa	0
866	يعذربنا الصغير اللي عجز يلقى بنا عذروب تعب ما حصل الا طيب حاضرنا وماضينا	False	NEU	msa	0
867	ALL the good news productsكٌـوبـونات خَـصم 🤩نـونMKPسـنتر بـوينتCB344فوغـا كـلوسيتKR8هـاي بيـبيB43ريـفـاC50كـٌود سيتـي مـاكسMF85موقـع جـولي شـيكSA8كوبـٌون ستايـلي اسـتايـليPJمـذركيرM43اديـداسWWنَمشـيALL7انـاس اونـاسXDمامـاز و بابـازM108T	False	NEU	msa	0
868	"""دوافع شريرة"".. ما قصة الصين وجمعها الحمض النووي لسكان العالم؟  https://t.co/KSHtWDmaye"	False	NEG	msa	0
869	ببكي من النت قاهرني	True	NEG	msa	0
870	أحيانا أميل إلى قراءة الكتابات الخرافية، بالأمس عكفت ساعة على قراءة ميثاق حقوق الإنسان. محمد عفيفي  	True	NEU	msa	0
871	قال عبدالله ابن المبارك: من استخف بالعلماء ذهبت آخرته ومن استخف بالأمراء ذهبت دنياه ومن استخف بالإخوان ذهبت مروءته  #المبارك	False	NEU	msa	0
872	ياجدعان على فكرة لسه باقي 4 أيام فى ال100 يوم ياريت مانظلمش الرئيس ونديه فرصته!	False	NEG	egypt	0
873	#نظام_الجباية نظام #سخيف وغير صحي قبل شوي طلعت شهادة خلو امراض بدون ما يشوفو سجلي الطبي وبدون فحص بس دفعت حق الورقة  	False	NEG	gulf	0
874	الله ملاذك الآمن ، وثقتك التي لا تخيب .~|i#كلنا_ااالدلماني	False	POS	msa	0
875	ما انا واخد بالى .. صحيح انت تقصدى ايه بالسياره قاصدك العربية يعنى     	False	NEU	egypt	0
876	"""الشوقُ أَسالَ أدمعي..يا ليتَ مُعذّبي معي"""	False	POS	msa	0
877	مشاعري عبارة عن أغنية توديها وأغنية تجيبها.	False	POS	gulf	0
878	احبه احبه اهه https://t.co/jFSANE2k5A	False	POS	msa	0
879	أنا لما بكون متضايق وعايز أضحك بجيب قناه هلا وقناه الحلبة الحلبة وأسمع المعلقين بتوع المصارعة !  	True	NEG	msa	0
880	ويت هذول؟؟؟؟؟	False	NEU	gulf	0
881	كود خصم من نمشي ONE22قيمة الخصم 30%يخصم على كل المنتجات فعال لفتره محدوده لا يفوتكم الخصم .2rT	False	NEU	msa	0
882	"أنا لسائق تاكسي: هتنتخب مين؟ هو: مرسي ، أنا: الاستبن؟! هو: يا بيه السواق ""الشاطر"" هو اللي يمشي معاه استبنه هاهاهاها  "	True	NEG	msa	1
883	حملة مقاطعة:المسيحى النصرانى الصهيوصليبى المرشوم تهمة ازدراء الأديان   #hypocrite	False	NEG	msa	0
884	متى اشوف يوزري ببايو احد 😔😔😔😔😔😔😔😔😔😔😔	False	NEG	gulf	0
885	#نطالب_بمحاسبه_الامريكيه الأجانب في ديرتهم يبونا نتكلم بلغتهم، وإذا جو عندنا يبونا نتكلم بلغتهم ولا يوظفونا إلا بنتكلم لغتهم وهو ما يعرف إلا قولة سلام عليكم...  	False	NEG	msa	0
886	ساعة  رولكس نسائيه ساعات درجة اولى      وتوجد اشكال وماركات اخرى في سنابالتوصيل خلال ساعة داخل الرياض         خارج الرياض عن طريق الشحن مجانا⌚⌚⌚30556031932 https://t.co/jGdq7uzADs	False	NEU	msa	0
887	الفكرة التي تلح على بالي أكتبها، والفكرة التي أود أن أتخلص منها أكتبها أيضًا. لا مجال للتذاكي لمعرفة ما يدور في عقلي...	False	NEG	msa	0
888	المريوانا تصلح ما يفسده الآخرون .	False	POS	msa	0
889	#علموني_كيف_احب#صفه_لا_تعجبكم_بالشخص🌿كون واثق أنه ربك لما قرر ان يرزقك الدعاء رزقك فيه حتى يعطيك لا ليحرمك لأن الله أرحم من أن يضع في قلب عبده أمنية ويرزقه الدعاء فيها ولا يعطيه طلبه . قال النبي ﷺ :إن ربكم حي كريم يستحي من عبده إذا رفع يديه إليه أن يردهما صفراً.	False	POS	msa	0
890	"لا زلت ابتسم بَ #سخريہ كلما تذكرت حماقاتي السابقہ كَ تعلقي بِ بعض الأشخااص الذين لا يستحقون مني إلا النسيان ♡̷̷̷̷̷̷̷^!"""	False	NEG	msa	0
891	اصابة في مشاجرة جماعية في محل تجاري في خلدا بسبب دخول فتاة تبحث عن بوكيمون !!  	False	NEG	msa	0
892	انا حاسس الي بيعمل السناب شات ستوري بتاع توكيو هو راجل واحد وست واحده بس بيغيروا لبسهم كل شوية #snapchat #Egypt  	False	NEG	msa	1
893	2012 في#مصر: عمال و موظفي القطاع العام يصرف لهم العلاوة و الزيادة ، اما في #اسبانيا يخضع القطاع العام لوسائل التقشف من خفض الرواتب   :)	False	NEG	msa	0
894	حقيقي ,, مـنـدهــش من تصريحات وزير النقل وإصراره وتصميمه دائمآ علي التصريح بزيادة أسعار تـذاكر السكك الحديدية , وكأنـه أتي من كوكب آخـر , طب صلحها وطورها الأول ياسطي قبل ماتطلع تقول الهبل بتاعـك ده, زودها لما تقدم خدمة كويسة, زودها لما الناس تبدأ تشكر فيها.  	False	NEG	msa	0
895	نِسااء بابل كن يسحرن الرجل بالعيون فقط .!! وَ نِسااء اليوم يسحرن الرجل بجسد كاامل .!!  	False	NEG	msa	0
896	في النهاية ستقف أمام خيارين، إما أن تنهار أو تصبح قويا.	False	NEU	msa	0
897	قال المحجوب في تصريح لـ ”إرم نيوز“ أن السفن الحربية التركية توجد خارج نطاق المياه الإقليمية الليبية، ولم يرصد ما يدل على اقترابها من الهلال النفطي، مؤكداً جاهزية الجيش والقوات البحرية الليبية للتعامل مع أي طارئ.#إرم_نيوز #ليبيا #تركيا https://t.co/NyD2ztCO5K	False	NEU	msa	0
898	#النصر من يوم تعاقد مع مرسول وهو يوصل نقاط للأندية ههههههههههههههههههههههه😂💔	True	POS	gulf	0
899	دولة خليجية عدد المقيمين فيها اكثر من سكانها وكلما اجرت مسابقة سحب على السيارات فاز فيها هندي تقوم الان بتخريب ليبيا كما فعلت في مصر!  	False	NEG	msa	0
900	هل يعقل ان مجلس الامه استضاف في يوم من الايام الراحل أحمد الربعي الله يرحمه و من الممكن أن يستضيف محمد جويهل   القدر	False	NEG	msa	0
901	لاتتعجبوا إذا سمعتم بحبس جنينة 4 أيام على ذمة التحقيق ثم إحالته للمحاكمة بتهمة التعدى على أبرياء معاهم سنج وشوم	False	NEG	msa	0
902	حاسه إني عايزة ألغي كل مشاعري .. محسش بحاجة خالص طول عمري بحس كل حاجة بقوة، يمكن أزيد من الازم .. بتعاطف بزيادة..كل حاجة كنت بحسها بكل ذرة فيا بقيت عايزة أطفي أي مشاعر أو عاطفة جوايا .. عايزة محبش أوي ولا أزعل أوي .. بيقولوا الإحساس نعمة بس زيادته نقمة مش نعمة ولا حاجة..	False	NEG	egypt	0
903	أنا #طالب_مش_دينار https://t.co/D8i7y2HvWd	True	NEG	msa	0
904	اتخيل كذا واليمن متطوره ودوله غنيه وانا حاط صوره رئيس الجمهوريه في حسابي ياسلااااام واكمل انبطاح وامدح الرئيس مفكرين الحاكم الي رزقهم  	False	NEG	msa	0
905	امس يشحت عبر برنامجه واليوم يسلك للاداره أن الأمور كلها مبشرة بالخير..! الهراج ختم الوضاعه  	True	NEG	msa	0
906	اليوجا دى للعيال التوتو، انما السلام النفسى عندى انا ارزع اللى ادامى كف يجيب له رباط صليبى فى صدره و شكرا 🙏	True	NEG	egypt	0
907	#محمد_بن_سلمان نقدم لكم الخدمة الفريدة من نوعها في تصميم السيرة الذاتيةوهي تحويل سيرتك الذاتية من مجرد ملف وورد الى تصاميم حديثة انفوجورافيك وبسعر جيد ويرضي الجميع https://t.co/XLpOP8fBWF	False	POS	msa	0
908	الكلاسيكو القادم سيظهر فيه اﻷساطير بينتو و آدان ... وسيغيب فيه كاسياس و فالديز  	False	NEU	msa	0
909	ميدلي أعمال الفنان ابو بكر سالم https://t.co/V1sjH1tdDf	False	NEU	msa	0
910	#PT هل المفروض أني أحط   عشان ما أُهشتق و أكون حلال الدم والعرض؟ lol Naaaaaaaa, i would take my chances lol	False	NEG	msa	0
911	الحمدلله الذي جعل قلبي لايحمل غلاً أو مثقال ذرة على أحد و إن أخطأ في حقي او قال بي ماليس لي.	False	POS	msa	0
912	من اخر الاخبار سيتم توظيف البدون شريطة ان يكون لديه مؤهل عالي واحصاء ٦٥ وألا يكون هنا كويتي على قائمة الانتظار  بـ ١٠٠ ألف انسان !!	False	NEU	msa	0
913	ذي ام الاحمر حط تاي اغنيتها 😂😂😂	False	NEG	msa	0
914	لا أعلم متى سوف أصل آلى 2،000 تغريده ..إما أنني بطيئة جدا أو ان تغريداتي تُحلق بعيدا جدا ولا تعود للعُش حتى يتم عدها !	True	NEG	msa	0
915	#فايز_غنام_الجمهور  المرشح فايز غنام الجمهور -الدائرة 4 👍🏻🇰🇼🇰🇼🇰🇼	False	NEU	msa	0
916	"""نعم ، أنتي جميلة.للحد الذي أفسدتي به حياتي.💔🥀"	False	NEG	msa	0
917	عندنا سكتم بكتم، افضل مسلسل في القرن الحالي، بالاضافه لعباقرة الفن امثال فايز المالكي وحبيب الحبيب.  	False	POS	msa	0
918	مساءالخير 💛	False	POS	msa	0
919	مهما تسابقت مع أمك في العطاء .. ستجدها أمامك دائماً ❤️.	False	POS	msa	0
920	تعبانه موت ومالي خلق لاحد اليوم	False	NEG	gulf	0
921	الدكتورة سامحلنا ندخل الامتحان ببرشام, عارفين دة معني اية ؟! هاع هاغ هاع هههههههه  	True	NEG	egypt	0
922	مبروك بشار ! ما حدا كان متوقع للصراحة ! بعدني مصدوم.. هلأ صرت ممثل شرعي للشعب  	True	NEG	egypt	0
923	مساء جيميننن https://t.co/dRzXN0Qb5l	False	NEU	msa	0
924	اغلب المانشستراوية اعترفو بسمو رقي برشلونة الا مشجعي ريال مالهم حس !!...   الاقدار	True	NEG	msa	0
925	يارب بكينا فرح ماتبكينا حزن🙏🏽.	False	NEU	egypt	0
926	🤭خبزه لو سمحت رجع قلبي😭	False	NEG	msa	0
927	ياخيي جماهيركم يقولون وجه نظر وانا لما قلت واحنا لما قلنا وجهت نظرنا سبونا  	False	NEG	msa	0
928	من عيوب ان الانسان يبقي عنده poker face او facial expressions غير مألوفه للي ميعرفكش اوي، انه لازم يكتب بين قوسين بهزر او هاشتاج sarcasm بعد اي محاوله لاثبات خفةدمه  	False	NEU	egypt	0
929	برشلونة اذا لعب ضد فريق وما انطرد من خصمهم لاعب احتمال يغيروا اسم الفريق #حكام #برشلونه_اتلتكومدريد  	True	NEG	msa	0
930	"بوليت ياغوبيان صارت بالمجلس النيابي .. لحقو على لعي وفلسفة وطق حنك وقال تحتج على عدم احتساب صوتها في مجلس النواب وهي تنتخب ""نادين لبكي"" !!!! شو جاب نادين لبكي ع مجلس النواب ما كان ناقصنا بهالمجلس إلا بوليت   #سفسطة #شوفيني_يا_منيرة"	False	NEG	msa	1
931	"""المجد لنا، نحن الذين لا يظهر على ملامحنا إلا الهدوء، نحن الذين لا نلجأ لأحد حين نشعر بالحزن و نتداوى ذاتيًا""."	False	POS	msa	0
932	نقل مسئولية بطاقات التموين الذكية من وزارة التخطيط للإنتاج الحربى معناه ان مفيش وزارة في البلد دي موثوق فيها الا اللي تخص الجيش وبس  	False	NEG	egypt	0
933	تومورووووووو	False	NEU	msa	0
934	بتعرفوا شغلة ... اذا شريف شحادة طلع معارضة معناها ماهر الاسد اكيد جيش حر ..!! :) #سوريا  	False	NEG	msa	0
935	سبحان الّذي إذا أعطى أدهش..	False	POS	msa	0
936	. ..فعلاً جسدتم روح الثورة في وحدتكم أمام خطر الفلول و طغاة المستقبل... شكراً  	False	POS	msa	0
937	#زوجه_عمر_حسين_تحرض_ضد_الوطن الطريق إلى شهرة أكثر لازم تحكي ضد/ع الدين أو في الوطن عشان تصير حديث الناس كلها  	False	NEU	egypt	1
938	وزارة الداخليه ووزير الداخليه شراء اصوات علني وواضح امام مدرسة ابرق خيطان المتوسطه للبنات البيوت المؤجره مستخدمه بشكل واضح للشراء والبياعات على قفا من يشيل	False	NEG	egypt	0
939	كم تمنيت وجود موسيقى دراميه خلف أحداث مسلسل حياتي حتى استمتع بالأداء وأبدع في مسلسلي الخاص أكثر !  	False	NEG	msa	0
940	ريال مدريد ههههههههههههههههههههههههههههههههههههههههههههههههههههههههههههههههههههههههههههههههههههههههههههههههههههههههههههههههههههه  	True	NEG	msa	0
941	إن بلاد النصارى تقوم بدعوتنا للهجرة إليها! هلموا يا قوم.. #السويد تناديكم عن طريق تويتر! #ساركازم  	False	NEG	msa	0
942	يبقي كده بانت لبتها هو مش عايز انتخابات حتي لو قدامه كومبارس وهنقضيها#عشان_تبنيها...وطبعا الزعيم هيستجيب ويتنازل ويتعطف ويقبل المسئولية عشان هو مقاتل ولازم يكمل معركة البناء والقضاء علي الارهاب....  	True	NEG	egypt	1
943	موقادرين يمسكون جمعية كليه وكل تحرك لهم قوبِل بالرفض ومتأملين يمسكون اتحاد   القدر	False	NEG	msa	0
944	الشباب يخسر لاعبين الكوري بالطرد وعبدالمحسن عسيري بالتبديل :)...! #النصر_الشباب #النصر  	False	POS	msa	0
945	اول مرة اركز واخد بالي ان اسم حمايا محمد مرسي تخيلو انه انتخب شفيق في الاخر   الواقع	False	NEG	msa	0
946	لماذا يقال عن الشعب المصرى انه شعب فوضوى؟ ... علشان بيكره النظام :) أعجبتني ههههههه #مصر   مصرية	True	NEG	msa	1
947	يسكرون الغزالي في وقت مو مدروس نهائيا ويوعدون بالتنمية ورسم خارطة طريق التنمية! رسمة طريق حق الأوادم مثل الناس ماعرفتوا بترسمون خطه!؟  	True	NEG	msa	0
948	: وانتى بقى موهبتك ايه ؟؟ : بمسح الشاامبو بسرعه من على عينى قبل ما العفريت يموتنى.. يا دينى ..على ام التفكير بتاع الطفوله ده .  	True	NEU	egypt	0
949	#الاهلي_ضمك_دوووري_المحترررفينفوق هام السحب يالسعودية.a7k9l	False	POS	gulf	0
950	لكي تكون #حرا مالك لقرارك يجب عليك ان تتبع ما أقول، يجب عليك أن تفعل هذا و ذاك   #قصه_قصيره	True	NEG	msa	0
951	حضور ناخبين كثيف بالانتخابات ٢٠٢٠هذا يعني الشعب يبحث عن تغير اللهم أجعل مجلس الامه القادم خير علينا ولاتجعله شر علينا . #انتخابات_مجلس_الامه_2020 #مجلس_الامة_2020	False	POS	msa	0
952	هناك شئ في يسار صدري يؤلمني	False	NEG	msa	0
953	افكر اشتغل بلطجي بارت تايم ..اشوف هالسياسه الخايسه لاعبه لعب في المنطقة وانا صراحة ابي اضمن مستقبلي   #لا-احد-يطفي-النور-و-يجي-مسرع	True	NEG	msa	0
954	"يعني شوفوني برفع قضية لان في ""شخص"" غلط على الشعب بوصف #موكلي .. خلنا نصارح نفسنا!! لو #موكلي ما اخذت هالضجة الاعلامية هل سمعنا صوتش؟ واضح ركوب الموجة لو تصفية حسابات لأن كان الأولى رفع قضية على أم جيس أسود؟ لكن لا.. سلفي مع بعض أحسن  "	False	NEG	msa	0
955	"السياسيّين بعد الانتخابات البلديّة، عم ""ينحنوا أمام إرادة الشعب"" ناسيين بكل وقاحة إنّن كسروا ضهره للشعب ومسحوا ب إرادته الأرض من زمان  "	True	NEG	levant	0
956	عن رسول الله(ص): خصلتان كثير من الناس مفتون فيهما الصحة و الفراغ.المصدر : الخصال	False	NEU	msa	0
957	خلي البوب كورن اللي ماسكته ينفعني احين	False	NEG	gulf	0
958	"""10 ملايين وجبة"" تحصد 6 جوائز من ""#كريستا_العالمية""#عشرة_ملايين_وجبة #10MillionMeals@MBRInitiatives @DXBMediaOffice https://t.co/Q2P9ngpW2q"	False	NEU	msa	0
959	بتوفيق يا ملوك💚💚 #الاهلي_ضمك_دوري_المحترفين https://t.co/L6sECx5aDk	False	POS	msa	0
960	حبيت أداء تكست..	False	POS	msa	0
961	ما بين التاريخ الصحيح في لبنان والجوار،  والتأريخ المزور المحرف، اميال واميال من البحث والتمحيص والتدقيق، لأن لبنان  حتى ١٧٦٠م . اي ما قبل حملات العثمانيين على بلاد كسروان (خسروان) و هجوم  الدروز على منطقة جزين، كان شيعياً بامتياز ما بين ساحل وسهل وجبل.	False	NEU	msa	0
962	ياحلوك والله 😭 https://t.co/11BA1BLXIK	False	POS	gulf	0
963	في جدة حزنت على الي عنده سيارة فوق ال٣٥٠ حصان ولا يقدر يمشي اكثر من٥٠ بسبب زحمة شوارعها …	True	NEG	msa	0
964	مـا قلت لـي يـا الغـلا وش حالهـا عيـونـك♡؟	False	POS	msa	0
965	هههه من يعتقد ان البشر ليس لهم الحرية بالنقاش في معتقدهم او حرية الاعتقاد او حرية الملبس و المأكل و المشرب او او او يصبح هو مثال الحرية.   #نعمةالعقل	True	NEG	msa	0
966	هؤلاء الذين يبررون العنف ببلاغة سوف يموتون بعنف بالغ مبرر...	False	NEG	msa	0
967	تقرير يكشف كيف تتصرّف المرأة عندما يتركها حبيبها https://t.co/PSOlWiN209	False	NEU	msa	0
968	أن يبقى #النصر بلا عقد إستثماري خيرٌ من أن يكون لدينا عقد ولو كان بمليار ريال ويتقاسمه السماسرة :)..!  	False	NEG	msa	0
969	"طريقك للاصطفاء والاختصاصوالحفظ والعطاء 🔽 ""وما يزال عبدي يتقرب إلي بالنوافل حتى أحبه،فإذا أحببته كنت:سمعه الذي يسمع بهوبصره الذي يبصر بهويده التي يبطش بهاورجله التي يمشي بهاوإن سألني لأعطينهولئن استعاذني لأعيذنه"" صحيح البخاري"	False	POS	msa	0
970	سائل يسأل:أراد رجل أن يتزوج من مسلمة من أبوين غير مسلمين، فقال أولياؤها إن شرطهم الوحيد هو أن يأتي الرجل بعاداتهم فحسب، فإذا جاء بها أصبحت البنت له ولا يهمهم العقد الإسلامي ولن يشاركوهم في شيء من ذلك؟- هل للزوج أن يأتي بالعادات 👈👈👈👇👇👇https://t.co/OQ8csbKobP	False	NEU	msa	0
971	الحفل بيض حسنته  بانقتان وتمورو ان لهم أداء فيه وحاضرين	False	NEG	msa	0
972	عن ابن عمر أن رسول الله صلى الله عليه وسلم قال: يا معشر النساء تصدقن وأكثرن من الاستغفار فإني رأيتكن أكثر أهل النار، فقالت امرأة منهن جزلة وما لنا يا رسول الله أكثر اهل النار، قال: تكثرن اللعن وتكفرن العشير.	False	NEU	msa	0
973	النظررره https://t.co/E1dtSRipg8	False	NEU	msa	0
974	يارب يسر لي امري	False	POS	msa	0
975	مطر ورعد واجواء حلوه وانا رايح اخذ غفوة عشان اقوم العصر اذاكر 🙇🏻‍♂️💔	False	POS	msa	0
976	ياااااهوووووو ايش القلتش ذا والله احبك😭😭😭😭😭😭😭😭😭😭😭 https://t.co/IeI8rpQr7R	False	POS	gulf	0
977	النهارده الجهبز ابراهيم عيسى يستضيف علامة التاريخ حمضين صباحى, لرسم الخطوط العريضه للامن القومى المصرى.  	False	NEG	msa	0
978	قمة البخل أن تبني شبكاً على أرض ضخمة سرقتها من الوطن ولا تهتم بصيانته وإصلاح الأجزاء المقطوعة منه ! خلك حرامي نزيه ! #ساخر   #هلكوني	True	NEG	msa	1
979	آاالان ياحمدوك وقد بانت عوراتك ؟ لقد رسمت لوحة الفشل القاتمة حتماً سيأتي من يفهم المطالب حتماً سيأتي من يمثل المطالب في تكوين حكومة مدنية كاملة الدسم يحرم فيها الفساد والهوان والضعف عذراً فانت لست رجل المرحلة وانت وقحتك من فتح طريقاً للعسكر ليضيعوا ثورة الابطال لم تكن تشبههم	True	NEG	msa	1
980	قالت بكل دلع و إفتراء : باريس مدينه متسخه ﻷنني لا أستطيع أن أحافظ على نظافة أظافري . قال لها طفل : ﻷنك تحكي نفسك كثيرآ   أطفال	True	NEU	msa	0
981	الدين صار اكسسوار.. منزين فيه احتفالاتنا كزينة جانبية.. منلبسو شوي ومنشحلو متى ما صدا او تعبنا منو... ومنرجع منبلسو بعدين وقت نشتقلو... #وين_صرنا #لا_تعليق  	False	NEG	levant	0
982	مش وقت مرض 🤦🏻‍♂️	False	NEG	msa	0
983	ريم في ناس ملحدة كمان لازم تراعيها وما تعبري عن فرحك ونصرك بقول الله أكبر مشان مدنية الدولة  	False	NEG	egypt	0
984	"ذاهب لصيد السمك تنفيذاً لتوصية يلالتة الان واراكم لاحقاً عشان ""انسلي روحنا"" طبقاً لتوصيته بعد#Bahrain   #KingAdvice"	True	NEU	gulf	0
985	سبحان الله محمود المصرى بيدعى على السفاح بشار واللى بيعمله فسوريا ونسى ان المجلس بيعمل كدا وفى اللى مؤيده ومضحوك علينا فثوره  	True	NEG	msa	1
986	لما كان مش بيركز ف كلامي بسبب عنيا وكنت بستغربه ، لو ينفع اقوله اني انا اللي بقيت مش بركز ف الكلام بسبب العينين دول مش هيصدق !   القدر	False	POS	msa	0
987	واحد بحكي لحبيبتو: حبيبتي مستعد اكون   قدام العالم كلو عشانك 󾍁󾍁󾌯󾌯?حكتلو_البنت: خف علينا يا #ريال مدريد ههههههههههههه󾌴󾌴󾌴󾌴󾌴󾌴󾌴	True	NEU	levant	1
988	#البحرين من اكثر الدول جمبزة في الامن ، بذمتكم خمس اجياب شرطة ماسكين لهم واحد في الشارع وعشرين شرطي يضربونه!!  	True	NEG	egypt	0
989	شباب ممكن اشوف التشكيلة بطريقة مختـلفة ؟ @ALAHLI_FC	False	NEU	egypt	0
990	لا تشغل بالك بالإنتقام من أحد فالقدر   يبدع في تصفية الحسابات. Jtgt#كلنا_ااالدلماني	False	POS	msa	0
991	وكمان الخرفان بيقولوا دول رايحين يجددوا بطاقات الرقم القومي   مااااااء مااااااء	True	NEG	msa	0
992	سعود سعد أبوصليب ✔️@saoudabusulaib https://t.co/573Hs4qpSz	False	NEU	msa	0
993	منجد اكرهكم ياعىيد الجوائز	False	NEG	gulf	0
994	في عالم بتسألني؟ ليش ما بتنزلي صورك ع تويتر ع فيس ! رح جاوبن و قلن ! لانو بخاف ع جمالي من العين ههههههههههه  	False	NEG	msa	0
995	كل مباراة للمنتخب في المونديال بحارس .. وش ذا الفكر العقيم لدى المسؤولين عن كرة القدم ؟؟ ان كان هُناك (سواد وجه) فعلاً، فهي عقلية الحواري التي تُدار بها رياضتنا ! كيف تجربون جميع حرّاس المرمى في المونديال ؟؟ وينكم في الوديات ؟؟ الطبّاخ الفني جالس يعبث والمسؤولين يصفقون  	False	NEG	msa	0
996	كبيرة وجالسة على تويتر مشتهية ومستحية ومستشرفة وحسابك رسمي  او متزوجه ام عيال تعالي خاص بسريه وامان حتى لو حسابك رسمي#معصيتي_راحْتيٍ #كسيٌٌ.د	True	NEG	msa	0
997	#الاهلي_ضمك_دوووري_المحترررفينالأمل يخفف الدمعة التي يسقطها الحزن.yluvB	False	POS	msa	0
998	كليتي مساكها لواء قوات جويه الاتحاد هيطلع بيان اول جمله فيه يسقط يسقط حكم العسكر   القدر	True	NEG	msa	1
999	المُبكي المُضحك هو إعوجاع ظهري وإبتسامة.	False	NEG	msa	0
1000	معا لترشيح الرئيس الأمريكي القادم مساعدا لأمين عام الأمم المتحدة لشؤون القلق.  	True	NEG	msa	0
1001	يكفيك شر اللي تفتكره ثقة و تقوله ع حاجة 󾌴󾌴 󾮟 و تبقي قاصد تقوله الغلط عشان يقع فيه  	False	NEG	egypt	0
1002	الواحد مايمديه يغيب عن تويتر يوم او يومين الا مرقوع انفولو من 5 والا 6   القدر	False	NEG	msa	0
1003	شاركتو بعرس الدوله الديموقراطي ولا بعد ؟ 🦦	False	NEU	msa	0
1004	بعد بضع سنوات سنلتقي ونتحدث ونذكر الماضي سويًا ولكنك لن تعرف يومًا ما كان بينك وبين قلبي	False	NEG	msa	0
1005	ياربي من زود ان ماعندي حياة واشوف الكل يسوي ثريد عن نهاية السنة واشياءهم اللي يحبون صرت مخيرة بين ثريد احسن اختباراتي او ثريد بين اسوأ المواضيع اللي اثارت قلقي وسودت عيشتي	False	NEG	gulf	0
1006	كانوا يقولون المرء مخبوء تحت لسانه والآن يقولون المرآ مخبوء في تلفونه #نغمات 	False	NEG	msa	0
1007	أنا قايل ماراح أبيع تمويل خليج إلا لما سعره اييبلي بلاي ستيشن .. إلى الأمام إلى الأمام #KSE  	False	NEU	gulf	0
1008	"اكتر حاجه اتعلمتها من الايڤينت ""حط صورتك وانت صغير "" انى لازم اهتم بصور عيالى عشان محدش يضحك عليهم الضحك اللى انا ضحكته على الناس ده  "	False	POS	msa	0
1009	الاختبار كله مصدع قاعد اتشوز نص الاجوبة مدري وش حطيتها ماث وانقلش لول	True	NEG	msa	0
1010	في هاشتاق #لو_كان_سعودي اثبت الانسان السعودي أنه أكثر المخلوقات تحلطماً وجلداً للذات والـ   من الآخرين ، دمتم متحلطمين يارفاق :)	True	NEG	msa	0
1011	نرجو من السيد نعمة محفوض نقيب المعلمين استشارة زوجته قبل الدعوة الى التظاهر والإضراب اواخر هذا الشهر، تيمناً بالمناضل الثوري قطيش  	True	NEU	msa	0
1012	معكش ست شهور اجازه كمان والنبي	False	NEU	egypt	0
1013	أن زوجته غاية في الإنسانية لأنها تسمح له بزيارة أمه كلما أراد ، بل وتذهب معه حاملة لها زهوراً كثيرة لتضعها على ،،،، قبرها !!!  	True	NEG	msa	0
1014	سكاكا اليوم 🕊 https://t.co/grhe7ytywX	False	NEU	msa	0
1015	مش ممكن حيتصلح حالنا كدة ..مش كل حاجة نرميها على الحكومة والريس احنا السبب بنسرق و ننزل نتظاهر ضد السرقة ...  	False	NEG	egypt	0
1016	واللوم ياكل من عقلي	False	NEG	msa	0
1017	وزارة الثقافة تكرم ليال عبود... يا عيني ملا وزارة ماعاد في الا هالاشكال تتكرم..ماعاد في كتاب او ادباء او شعراء... فعلا   #أحمد	True	NEG	msa	0
1018	أشفق على اللي يلمع ويطمبل لأشخاص عراهم الوضع عن حقيقتهم ، وجالس يغني على المرحومة !  	False	NEG	egypt	0
1019	الحمد لله… أبويا أطمن علي إني غادرت جدة من مطار الملك عبد العزيز وأطمن علي إني وصلت جدة أول ما ختموا على جوازي وما أضطريت أكلمه أنا.  	False	POS	msa	0
1020	كلو منك يا الشقيري. التركيين كانوا عايشين بسلام مع أنظمتهم المثالية، إلا أن فرشتها أمام عيون العرب! وانتا عارف عيون العرب ما ترحم.  	False	NEG	msa	1
1021	- عقد شغال عليه من أكثر من 5 سنوات ، بالأخير يطلعونك غلطان عشان خاطر الشركة .!	False	NEG	egypt	0
1022	نفسي أنشئ جريدة مفيش , مفيش فلوس , مفيش كهرباء ,مفيش غاز , مفيش أمن , مفيش ثورة , جريدة مفيش ترحب بكم في مفيش عددها الاول.  	True	NEG	egypt	0
1023	ده اختراع مصري .. يشف و يكشف .. ثلاثي الابعاد يستخدم للتعبير عن الاسلام الوسطي الجميل    	False	POS	egypt	0
1024	أقصى درجات السذاجة، عند وجود كتاب مفتوح يسمى حياتك، يٌقرأ ع لسان كل من كان !   #بوح	True	NEG	msa	0
1025	#كلنا_ااالدلمانيمبسوط من نفسي لاني صرت أعرف كيف اصبر وأنا مخبي كلام كبير بقلبي ولا احتاج أحد يسمعني.8VaU	False	NEG	msa	0
1026	بقى شويه ويوصل 20k شازام 💥 https://t.co/bepIXWs5CE	False	NEU	msa	0
1027	لا إلہ إلا أنت ,, سبحانگ إني كنت من الظالمين	False	POS	msa	0
1028	ايزون كوينز اومق يجنن اداءهم	False	POS	msa	0
1029	خلصنا من ازمة السولار دخلنا في ازمة البنزين ! ايه دا صحيح ازمة السولار مخلصتش اصلا  	False	NEG	msa	0
1030	📌قال الله تعالى:*(فَلَا يَخَافُ ظُلْمًا وَلَا هَضْمًا)*قال علماء التفسير :فلا يظلم بأن يحمل عليه سيئاتغيره، ولا يهضم بأن ينقص من حسناته. _*ابن كثير*_ #مقاطعه_المنتجات_الفرنسيه39	False	NEU	msa	0
1031	لا أدري معنى (غير ناضج) ولكن ما اعرفه يقينا أن هناك نفر ممن ابتلينا بهم دأب على إطلاق تصريحات غبية على اعتبار أننا شعب من الأغبياء يحضرني العشرات منها ولكن يضيق المقام بها ردي على #الفصيح أنني اتعهد باسم #الأردنيين بإنضاجه في مطايخنا!!! اي   هذه ؟	False	NEG	msa	0
1032	الان لقاء في @belmokhtasartv مع الكاتب الكبير والجميل ومن ادباء #الطائف منذ اكثر من نصف قرن رجل الفكر #حماد_السالميعلى @mbc1	False	POS	msa	0
1033	لا حكومة لا سيادة لا رئيس مثل الناس لا شعب صاحي موحد ... ايش تتوقعو النتيجة بتكون ؟؟؟ يحرق ابو الكرسي حقك يا هادي ايش فائدتك بس نفسي افهم ؟؟؟؟ ايش ناقص عليه اااااكل شارب رااااقد و اليمن تحرق يا ناس و عادكم تقولو نطالب ببطيخ   اصبحنا بين العالم	False	NEG	msa	1
1034	بالعكس مطوع بس حاب يطقطق علئ العسكري عارف ان عسكر وطننا مش حالك لا لغه ولاشي لا دورات ولاشي  _مقيم _برجال _الامن	False	POS	msa	1
1035	هو الخروف أردوغـان مش عارف إنه فيه إتفاقية الدفـاع المشترك بين دول الإتـحــاد الأوروبـي ؟؟ وبيزعلوا لما نقول عليهم خرفان ,,  	True	NEG	msa	1
1036	ماردونا: كأنني اشاهد نفسي مع نابولي عندما اشاهد وليد علي يداعب الكرة.. #kuwait  	False	NEG	msa	0
1037	(وَمَا أُوتِيتُمْ مِنْ الْعِلْمِ إِلاَّ قَلِيلاً) والله يعلم وانتم لا تعلمون  #الجن_يعاشر_النساء وما خلقةالجن والإنس إلاليعبدون	False	NEU	msa	0
1038	هدف لا يحتسب لريال بيتيس رغم دخولها كامل الخط   والله الحكام وخاصة الحكام المساعدين مستويات سيئة يقدمونها ولازم دخول تقنية الصقر و الكميرا بشكل فوري	True	NEG	msa	0
1039	واحد يقول : دخلت على الحريم بالغلط وسمعت وحده تقول مين ذا البنقالي، وش قصدها ؟؟ #طقطقة #لقط_وجهك  	True	NEG	msa	1
1040	في عيد المقاومة والتحرير احتفل بس بي شو! المقاومة ضيعت البوصلة ومهتمة بتحرير حلب وتدمير #لبنان إسرائيل هي العدو على الورقة والقلم.  	False	NEG	msa	0
1041	أضحك على من لا يزال يصدق نكتة أن في الأرض إرهابي مسلم جميع البشر إرهابيون ذئاب إذا نشرتها وسائل الإعلام العربية وصدقها السفهاء #أدب  	True	NEU	msa	1
1042	واو اليوم قدمو الديسانق مبجر؟؟	False	POS	msa	0
1043	تعمل فيلم عن المسلمين و الأرهاب امبارح - تلاقي المسلمين ارهابين فعلا و بيقتلوا المدنين و يقتحموا السفارت  	False	NEU	msa	0
1044	"""#كهرباء_الشارقة"" تعزز القدرة التنافسية لمصنع زلال بمنتجين جديدين https://t.co/2hBgA25qkV #الشارقة24 https://t.co/ZtCmGWEB3Y"	False	NEU	msa	0
1045	النخلي يقول فضلت الاتحاد لان الاهلي مليء بالنجوم ولن اجد فرصتي بينهم ..قاعد يجلدهم وهم فرحانين فيه  	True	NEG	msa	0
1046	#مصر #مرسي   بلد يطبع مع العدو الاسرائيلي، ويحكم بالإعدام على أشخاص تخابروا مع بلد عربي!!!!	False	NEG	msa	0
1047	تعلموا !شوية نرجسيه /  إستثنوني أنا شخص ما يليق له إلا الاستثناء .. https://t.co/kAP3PHmRp5	False	NEG	msa	0
1048	هيئة السياحة السعودية تضع حديقتين في شارع عام ويحجز تذكرة للخارج..لكي ﻻنظلم احد آحتمال يريد يطبق نظام امريكا في المنتزهات العامة  ..*	False	NEU	msa	0
1049	كثيرًا ما نتغاضى عن سيئاتهم فقط من أجل أن لا نخسرهم .	False	NEG	msa	0
1050	أسلــوب السخريــــه رخيــــص لا يستخدمـــه إلا من فقــــد قيمــــة ذاتــــــــــه  	True	NEG	msa	0
1051	ماسك ضحكته ااا الحفل بدون الارمي مره لا😭 https://t.co/XhHjUz4e7A	False	NEG	msa	0
1052	كثر البيض وكفي خالي,فارمي بالبيض وجوه العالمين, فكثير منهم يا سيدي, جاهلون,جاهلان,جاهلين,  	False	NEG	msa	1
1053	انت معرص ليه يلا	True	NEG	egypt	0
1054	⏰بداية المباراة#أبها_الفيصلي       #الدوري_السعودي_الممتاز تحت 19 سنة . https://t.co/zzn60E0gu1	False	NEU	msa	0
1055	ياليتنا عيال عم وبالغصب زوجونا https://t.co/wyiNob7vfm	False	NEG	msa	0
1056	إنك تبقي أكثر راديكاليه من السلفيين الإخوان وتكون جماعة هدفها انك تدعوهم للإسلام وتقولهم انهم بعيد عن شرع الله.   #EasyEnough	False	NEG	egypt	0
1057	“ #الهلال_يستمر_كوشه تخيل فريق يجلدني دوري وكأس ويأهلني للسوبر وياخذني لندن ويجلدني مرة ثانيه   ”	False	NEG	msa	0
1058	كما علمنا السيد موسى الصدر سيبقى شعارنا الدائم. #إسرائيل_شر_مطلق_والتعامل_معها_حرام. https://t.co/l1tDaU5MA0	True	NEG	msa	0
1059	ههههههههههههههه ، طبعا مين قالها تشغل مخها! لازم تبقى غبية وتقعد في البيت وما تسوي شي وكل شي حرام!  	False	NEU	gulf	0
1060	🌴من الالعاب والاكلات  الشعبيةالقديمة عند اهل خيبر الخيابر لعبة عظيم { ضاح. لاح. ساري }  وخبز الخميرة. لذيذة المذاق . اختيار ولد الكتيبة 🌴🌴حكايات- الخيبري { شهر رمضان المبارك والالعاب الشعبية🌴https://t.co/iv9gqnzXnr https://t.co/xXfYGWF22E	False	POS	gulf	0
1061	موضوع الطفل (4سنوات) مش لاقي زاوية أمسك الموضوع منه, إلا أن هناك هاجس بيقولي , إن القانون عبيط والمنفذين أعبـط ,والناس عايشة ف برمـيل هـبـل ,, لاهو حكمة ولا قانون ولا عقل ولا أدب ولا أخلاق , دي عبارة عن كمية وساخة علي فساد علي حاجات بتخرج من المجاري بس, #لكي_الله_يا_مصر	True	NEG	egypt	1
1062	الموضوع كبر ...قبل ماطلع كوبري اكتوبر علي طول لقيت هشام بيكلمني عشان جه يسهر معايا في الشغل   القدر	False	NEG	msa	0
1063	يمهههه دخلت على اداء تمورو!!!! https://t.co/jIk2nOPxRy	False	NEG	msa	0
1064	الله يسد شانهم https://t.co/dVgAnIS64B	True	NEG	msa	0
1065	اخبار هامه ينشرها الاعلام المصري يقولون قبضوا على ٣حوثيين وحمساويه وايرانيين في سيناء ( كيف ؟ مدري !!!	False	NEU	msa	0
1066	صعب اني اوصف الابداع هذا بكم كلمه والله صعب مره  #TXTatMMA2020 https://t.co/efEc2Rfv9U	False	POS	msa	0
1067	قيادي تركماني ينتقد قاسم الأعرجي: تصريحك عن كركوك غير موفق              https://t.co/FTLylcxHnV	False	NEU	msa	0
1068	*اعتبروني كتبت كابشن عميق* 🚶🚶 https://t.co/JLdTW8BS3A	False	NEU	msa	0
1069	وش القرف وع	True	NEG	msa	0
1070	اكثر هاشتاقلت #السعودية حروب اما #دينيه او شتم او   وقنص في بعض او تحسف علي الماضي او ضرب لأي نصاب بس مافي هاشتاقات علمية بصورة كبيره	False	NEG	msa	0
1071	#خالد_التويجري_يطلب_اضافته_في_تويتر ههههههه ياماءُ ما كُنتَ ترضى مِيتةً ظمـأً لو ذُقـتَ طعمَ الظما يا أيها المـاءُ(د.عبدالله الرشيد)  	False	NEG	msa	0
1072	هادي يدعوا انصاره للاحتشاد بالستين يوم الثلاثاء .. جاوبه الاضرعي : يا فندم ما بش معك انصار معك مهاجرين ههههههههههههه  	True	NEU	egypt	1
1073	اتوقع الحين لازم نبدأ نفكر بانشاء جمعية حماية ضحايا عنف هيئة الأمر بالمعروف و النهي عن المنكر!!  	True	NEG	gulf	0
1074	رغبتي بقربه انتهت بس حبه باقي والله..!! لومتي تخيلي اكتب تسذا وتغريداتي زي السماجه ذي والله مايجي ماينفع تلوع تسبدي  	True	NEG	msa	0
1075	ما شاء الله يا إصلاح..الأمم المتحدة تكذب، والعفو الدولية تكذب،وهيومن رايتس ووتش تكذب،ومواطنة تكذب. من كمان يكذب إن شاء الله؟!   #اليمن	True	NEG	msa	1
1076	سفير سوريا بالكويت اسم عايلته العرص !!! ترى جد هذا اسمه مو سبة ..   القدر #اسم على مسمى	True	NEG	msa	1
1077	ايه رأى حضراتكم نبقى ندخل #تويتر نسيق لكم البلاط ونحضرلكم القعدة والمشاريب قهوة ياباشا شاى يابيه ونسكت خالص عشان تقعدوا تبهرونا بتويتاتكم العميقة وتهروا فى المهرى؟  	False	NEG	msa	1
1078	الإنفلات الأمني والعربدة وتدني الأخلاق لدى فئات معينة من الشباب تواجه بحزم طوال السنة بينما في #اليوم_الوطني يقاس بها مقدار وطنيتك:)!  	False	NEG	msa	0
1079	طيب تذكرون لما كان يسوق https://t.co/mRFnJT5F6c	False	NEU	gulf	0
1080	"العنصرية "" هي أن يؤمن الشخص بأنه الحيوان المنوي الوحيد الذي لقّح بويضة ما فأصبح أعلى وأشرف وأنقى عمن حوله من الحيوانات المنوية  "	False	NEG	msa	0
1081	انت مستواك ضعيف يا برايز انا بحكي وَيَا الميلف كيكي تجيب لي كلب اخر امسخره غيرك صعبت علي يا برايز تمسخرت بقوه يا  	True	NEG	gulf	1
1082	#Sa400 الصدق قد يكون غباء في بعض الأحيان,الصدق مع الذات قد يكون شعور بالغباء أحيانا لكنه غباء نبيل,فليحيا النبل والغباء   #justsaying	True	NEU	msa	0
1083	"“ #ذكرى_استشهاد_صدام_حسين لا أراه إلا طاغية..استجاب الله دعوة مظلوم ممن ظلمهم و""فطس"" *أغلب المعززين له من مواليد التسعينات  ”"	False	NEG	msa	0
1084	النساء كسروا القاعدة إللي بتقول : يا مـآمـنـة للـرجــال , يا مـآمـنـة للـمـيـة في الـغــربــال ,, #محافظ_المنوفية_المرتشي  	False	NEG	msa	1
1085	. ماكانَ الخبزُ يومً طعامَ الفقراءِ فقطْ فكمْ ثريٍ لايطيبُ له النوتيلا إلا بخبزْ .. ! #صبح   ،	False	NEG	msa	0
1086	لمن أقولو ليكي اديني رقم الواتس حقك.. بلاي هو رقم الواتس و التلفون كُلّ واحد براهو.. سُبحان الله اتصور اول مرة اعرِف  	True	NEG	msa	0
1087	انا ايش قاعد اششووفف؟؟؟؟ https://t.co/AnRwGr8jsX	False	NEG	msa	0
1088	المجلس بيلعب لعبة أكبر علينا بعد ما الغاز ماحوقش..جايبلنا الجنزورى علشان نموت مشلولين #Tahrir   #LOL	True	NEG	egypt	1
1089	عندما تعامل أُناس يكرهونك لسبب لديهم وأنت تعاملهم بطيب اللقاء ! وتتخذ موقفاً منهم أنهم ليسو على وجه الأرض! يتسائلون ماذا حصل ؛)  	False	NEU	msa	0
1090	قرارك كان خاطئ حين اندفعت بكامل عفويتك ، كان عليك وضع مسافة آمنة تحميك. ❤️	False	NEG	msa	0
1091	رساله الى رئيس وبعض اعضاء المجلس انما الامم الاخلاق ما بقيت فان همو ذهبت اخلاقهم ذهبوا للاسف انكم قدوه للشعب !! #الرمز #ضحك 	True	NEG	msa	0
1092	اغلب المانشستراوية اعترفو بسمو رقي برشلونة الا مشجعي ريال مالهم حس !!...   الاقدار	False	NEG	gulf	0
1093	🌟اخترنا لكم أكثر المتخصصين كفاءة وخبرة للمساعدة في اعداد البحوث والرسائل العلمية والترجمة بأسعار مناسبة. للتواصل واتس: 00970594350236#امنيتك_في_تغريده https://t.co/F04P3HPjb5	False	NEU	msa	0
1094	الفرق فيما بيننا لا يعجبني منظر الأحتياج .↴	False	NEG	msa	0
1095	وزير الداخلية اللبناني نهاد المشنوق يعترض في مؤتمر وزراء الداخلية العرب على وصف حزب الله بالارهابي في مقررات المؤتمر النهائية  ”	False	NEU	msa	0
1096	و يوم صرت تحبّ الجفا . . رحت كلّي👑	True	NEG	msa	0
1097	نتطوع لنبني مجتمعاتناالتطوع حياة جميلة ، ولحظات ماتعة  #اليوم_العالمي_للتطوع https://t.co/fhhH0rQgdB	False	NEU	msa	0
1098	العزوف عن التصويت يسهل وصول الفاسدين لمركز القرار في الدولة ، شارك في التصويت واجعل مهمة الفاسدين أصعب عليهم .باقي ٦ ساعات وتتقفل صناديق الاقتراع ، فاحرص أن لا تجعل مصير الوطن بتساهلك او عزوفك لأي سبب كان ، لقمة سائغة للفاسدين.#وليد_الغانم	False	NEU	msa	0
1099	يا حليله أحمد العونان رايح مهرجان مدري حملة كويتي وافتخر ..   #kuwait #كويتي وافتخر	False	NEG	egypt	0
1100	إن بُليتَ فكن صبوراً سوفَ تنفرجُ الخُطوبوإن كُسرتَ فلا تُبآلي يجبرُ الله القلوب.❣️	False	POS	msa	0
1101	اتمنى انهارده حظنا يتعدل في الكأس بقى لان كأس ابو شاهين ده ملناش حظ فيه خالص والله	True	NEG	msa	0
1102	#صالح_ذيابببب_المطيريأهمال مشاعرك نُقطة بداية لكل شيء جميل.JmI	False	POS	msa	0
1103	VOGA CLOSET the good news productsكٌوبـونات خًـصم 🤗- سـنتر بـوينت CB344فوغـا كـلوسيت KR8- هـاي بيبي B43شـي ان OK15- كـٌود سيتـي مـاكس MF85ستايـلي اسـتايـلي PJ- جـولي شـيك OK5مامـاز انـد بابـاز M1- اديـداس WWكوبـٌون نُمشـي ALL7- انـاس اونـاس XDمـذركير M438FO	False	NEU	msa	0
1104	كاننن يا ماكاننننن	False	NEU	msa	0
1105	لم اعتقد في يوماا من الايام انهم سيتركونني بسهوله.	False	NEG	msa	0
1106	وضضيعع كيف التصوير وانت ف المدرج احد يـ يتعادل مع ذا الفريق وفي ارضك بعد هههههههههههههههههه  	True	NEG	msa	0
1107	المره الثالثه	False	NEU	msa	0
1108	وقت يكون راتبك 40 ألف بالشهر وأنت وعيلتك بدكن 100 ألف لتعيشوا .. هاد هو المشهد الإباحي اللي لازم الدولة تشتغل لحجبوا #هي_الإباحية	True	NEG	msa	0
1109	يالله حيره:(	False	NEG	msa	0
1110	بيست دانسرز بالكيبوب أندستري بصورة وحده https://t.co/Q9daDdbpHp	False	POS	msa	0
1111	كل شوية يقول لشلبي مش هقول اصلا مش هينفع شلبوكا يقولة عشان خاطري التاني يقول علي طول  	False	NEU	egypt	0
1112	اعمل ولا تتوقع من الاخرين شيء، اذا لم تعجبهم في يوم اخرجوا جميع مساوئك وتركوك وكأنهم ملائكة..  	False	NEG	msa	0
1113	إن للهِ عباداً يُحبُّهمفإذا رأى ابتعادهم عنهجذبهم بحبال الابتلاء حتى يرجعوا ! ❤️	False	POS	msa	0
1114	الإخوان المسلمين يعلنون عن نجاح تجربتهم في إطلاق صاروخ عابر للقارات #IkhwanRumors  	False	NEU	msa	0
1115	مورينهو: خسارة الكويت أمام كوريا تؤكد كلامي بأن صالح الشيخ مهم لأي فريق بالعالم لكسب النقاط الثلاثة.. #Kuwait  	False	NEU	msa	0
1116	هايم اللي يحط نقطه بعد كل كلمه واللي الناس تتحراه نفسيه بس هو فنان وجوه يضحك وينه ؟؟؟؟؟؟؟؟؟؟	False	NEU	gulf	0
1117	الشعب الحمار إختار... الزعران والبلطجية والكسلانين. أما يللي عنده الهمة والارادة ليشتغل لمصلحة طرابلس خسر؟  	True	NEG	msa	1
1118	اذا مستقبل حزب سياسي مبني على انتخابات بلدية في بلدة واحدة يعني   (دوري شمعون قال بأن القوات ليس لديها علاقة بقصة داني )	False	NEG	msa	0
1119	"#سنخضعكم_وانننننوفكم_راغممممممه1من قال للحياة إن لي قلبٌ من حديد""goG"	False	NEG	msa	0
1120	كريس فاز بالذهبية الخامسة وعادل سيده الافضل بالتاريخ ؟! .. خِلت انني في ابريل للوهلة الاولى لأصنفها كذبة، ثم اكتشف اننا في السابع من ديسمبر! .  	True	NEG	gulf	0
1121	ماودي يخلص هالاسبوع صراحه لان ماودي ابدا اختبارات	False	NEU	gulf	0
1122	معاملة دكاترة هندسة المنصورة للطلبة بالنسبة لدرجات الاوفر . . زى معاملة الانجليز بالظبط ... بخلا جدا ما شاء الله اخرك 5 درجات #حقيقة	True	NEU	egypt	0
1123	كلها دول محترمة تعرف باحترامها للحريات و حقوق المواطنين أمثال: كورية الشمالية ، زمبابوي ، كوبا... #Syria  	False	NEG	msa	0
1124	زمان وائل عباس الوسخ بيتعرف علي كل أنـواع المكرونة إللي بيعملها الجيش ,, طبعآ وهــا يـاكــل مـنـهــا أووووومااااااااااال  	True	NEG	msa	1
1125	و قعدت أقوله يا بيبي لحد ما قام و كان هيحدفني بالتابليت ... هو بيبي دي كلمة وحشة  	False	NEG	msa	1
1126	يعنى ايه كوك زيرو يعنى مصر كلها امبارح تتكلم عن جول ابراهموفيتش و تنسى أصلا ان اسرائيل كانت فشخة غزة امبارح صواريخ #اه_والله   #مصر	False	NEG	egypt	1
1127	بتشتم عبد الناصر .اه عبد الناصر كان مفتري و لما تنحي الناس طلعت فالشوارع و قالو لا خليك .. يعني الناس عاجبها انتا مال امك بقه!  	True	NEG	egypt	1
1128	د.سعدالخثلان فبعدفتواه بجواز تنبيه السائقين بالفلشرعندرؤيةساهروأنهامن باب التعاون على البروالتقوى قديدرج إسمه من ضمن معطلي التنمية  	True	NEG	egypt	0
1129	  عاااااجل-عباس كامل يطلق مراتو طلعت اخوانية وضعت له المايك في الرز فاكله وهو من سجل التسريبات	True	NEG	msa	0
1130	لجنة تقصى الحقائق بعد نجاحها فى تقصى احداث محمد محمود ومذبحة بورسعيد طبعا..متأكده انها هتعرف ايه اللى حصل فى النايل سيتى..اه يا بلد  	False	NEG	msa	0
1131	يا لذة مُوساتي ويَا قصيدة مُرَادي	False	POS	msa	0
1132	انه ملك الشعب ومن الشعب والى الشعب وفي الشعب خصوصا ههه فلوسو قلوسنا وعاش الملك   وحنا شعب شبعان ماخصنا فلوس خاصنا الحريرة	False	NEG	msa	0
1133	كلنا ضربنا سـقـف أحلامنا بـ أقدامنا, وفضلنا طايرين ورا الأحلام , بس ماكناش نعرف إن فيه كابوس مخيف مرعب معرص مليان معرصين وحرامية وسبوبجية وخرفان إسمه #إتحاد_الكرة_المصري .مستخبي لنا ف الـدرة ياتري الغلطة إننا حلمنا؟ أو غلطة وجود إتحاد كورة زي ده ف مصر؟ ربنا يحرقهم بجاز وسخ  	True	NEG	msa	1
1134	احب تمورو نمنم	False	POS	gulf	0
1135	مقوار عشان تقوري البطاطس وتعملي بطاطس باللحمة للمفرومة يا هانم󾌵 دا لو كان في لحمة من اساسه󾌴 #بياعين_المترو  	True	NEG	msa	1
1136	يضحك ضحكوني معكم😭😭	False	POS	msa	0
1137	مو قادرة انام من كتر التفكير	False	NEG	gulf	0
1138	#ايران تنتقد #السعودية والسعودية تنتقد ايران واثنينهم العن من بعض البلدين ملوعين جبد شعبهم ولاعنين خيره بالضرايب وغلاء المعيشه والرواتب المتدنيه  	True	NEG	msa	0
1139	في فرق بين السخرية بالناس و السخرية بالدين واكيد هالكلام مو جديد عليك بس انت رامي كل شيء بالجدار وشوف كم واحد قلدك يا #جاهل  	True	NEG	msa	1
1140	عندما تكون الرابطة مجرد واجبات ومناسبات ... سىء ما انكسر ولن يعود كما كان ابدا جاء وقت رد الجميل والتمثيل :)  	False	NEU	msa	0
1141	سخر الجميع من اردوجان عندما دخل سوريا للحفاظ علي تراث اجداده اما نحن فوقفنا متفرجين امام سقوط واحدة من اعظم حضارات الانسان في الموصل  	False	NEG	msa	0
1142	VOGA CLOSET the good news productsكوبـونات خًـصم 🤗نـون MKP- سـنتر بـوينت CB344كوبـٌون فوغـا كـلوسيت KR8- هـاي بيبي B43شـي ان OK15- كـٌود سيتـي مـاكس MF85ديـلـي OK10- مـذركير M43ستايـلي PJ- اديـداس WWنُمشـي ALL7- انـاس اونـاس XDمامـاز و بابـاز M14Lh	False	NEU	msa	0
1143	الو عادي تصيري بنتي؟ اذا موافقه حطي نجمه😔. @ETH1s	False	NEU	gulf	0
1144	يا أمة ضحكت من جهلها الأمم و من سخافتها و سطحيتها و فكرها الضحل و احلامها التافهة و شبابها الضايع و تاريخها المزيف و نفاق شعوبها  	False	NEG	msa	0
1145	كل يوم ما فينس نومه الا الخميس،، النوم يستقصدني!!! ليس بالويك اند ننام مبجر   القدر	True	NEG	msa	0
1146	وانا أيضاً جداً متحمس ومهتم بالمباراة. هاهاها مساكين هؤلاء المدريديون. اللعنة عليك يا بيبي (هو اسمه كذا، صح؟) #Clasico   #barca	True	NEG	msa	0
1147	انا لم استغرب محاولة ماركيث المشاركه في جائزة الاندلس !!! لان اول سباق شوفته في حياتى كان تى تى اسن 2013وخورخى لورينزو كسر عظم الترقوة  يوم الجمعة ذهب لبرشلونة قام بجراحه وتدبيس وعاد الاحد وشارك وانهى خامس !!!	False	NEG	msa	0
1148	أنت تُنهكني.. أشعر وكأنني في مخاضٍ طويل	False	NEG	msa	0
1149	اداء تومورو حلو مره	False	POS	msa	0
1150	عارفين الفرق بين مصلحة الضرائب و الاخوان?..ان الضرائب مصلحتك أولا و الاخوان مصلحتهم أولا #Ikhwan #Egypt copied  	True	NEG	msa	0
1151	حتى وإن اقسموا بالبقاء ، لا تثق نصيحه	False	NEU	msa	0
1152	مساكين معشر الرجال وعصمان لازم يصلي انه حصل وحدة كملتله نصف دينه المرأة كان لها دور في إنجاب أشكال عصمان   القدر	False	NEG	egypt	1
1153	( القوازة دي مش حتتم يعني مش حتتم)...هو التصريح الذي تبقى بعد إن إستوفى رئيس #الهلال تصريحاته ضد صدارة #النصر وقربه من تحقيق الدوري  	False	NEG	msa	0
1154	ما تخطططيتتتتتت رقصهممممممممم هنااااا يونجونننننننن صوتههه معع رقصهههه سنندبنتليمبمينلنينذنينبمينبنلنيملنبملمنيمبنبيملممبمل يموتتتتتت كللللل شييي يموووووووتتتتت 😭😭😭😭باقي مصدومه وربييي  https://t.co/6ZTpCOhRrQ	False	NEG	gulf	0
1155	نبي نشوف فلم لوس انجلس بالسينما عشان نستمتع بمعالم المدينه اللي ما نعرفها !  	False	NEG	msa	0
1156	الله يحشرك معه يوم الحساب . منك وفيك ؟؟ اتحداااا شكلك تدخل دبي لانك قيمتك تحت مدعس بن زايد بيطردوك مثل الكلب . اخرسسس بس يا رخيص انت لا تمثلنا اهل الجنوب عزيزين النفس. يا  	True	NEG	msa	1
1157	المشاهير الأجانب لـمـا جـاءوا لـزيـارة مصر وشاهدوا آثـارنـا العظيمة ( في نظرهم بس ) أبـدوا إعجابهم و قالوا كلام لم ينطق بـه إنسـان مصري حتي وزير السياحة ,, ههههههههههههه مسخرة مش كـده ؟  	False	NEG	msa	1
1158	إيش بتتوقعوا من مجتمعات ما بتكرّم الأدباء والمفكرين والمبدعين وأصحاب العقول الفذّة إلا بعد ما يموتوا ! وهما عايشين بيكونوا مهمشين  	False	NEG	msa	0
1159	مين بمثل هيدا البرلمان وشو محلو من الإعراب بالله. لسنا بدو في الصحراء ورأيكم لا يهمنا  	False	NEG	levant	0
1160	#أحمد_ربك_أنت_سعودي لو علموا شعوب العالم بما في الجنسيه السعوديه من ضمان لدخول الجنه لجالدونا عليها بالسيوف  	False	NEG	msa	0
1161	201205 || تغطيه كل مايتعلق بتايونق من حضورهم لحفل Asia Model Awards اليوم🌟 .	False	NEU	msa	0
1162	لو عايز تشتم الجيش والداخلية والشعب المصري , إشتم ولا يهمك لو إنت مهندس , نقابة المهندسين هاتدافع عنك وتنزل لك مظاهرة لو صحفي النقابة هاتدافع عنك وكذلك لو إنت محامي أو مـذيـع , وكل دول ↑↑من غير الجيش والداخلية ,زمانهم عايشين علي حدود #مصر ف الخيام بيبيعوا عيش أو نسوان,  	True	NEG	msa	1
1163	“ مهو لو في عنا تقدير للفنون كان كل هالدراما تم تفريغها بمسرحيات وأعمال فنية..   #Jordan”	False	NEG	msa	0
1164	قريب ماتبعدك طول المسافات دامك بقلبي والله انك قريب❤️	False	POS	msa	0
1165	نيجى نقول دى حرب ع الإسلام..يقولولنا الإسلام بخير وبريئ منكم..طب مسمعناش حد يعنى بيقول الكلمتين دول للسيسى بتاعكم لما قال كده ليه!!  	False	NEG	msa	0
1166	عندما يتحول كيان عظيم كـــ #النصر لدى بعض من يتزعمون القرار فيه إلى أشبه بالمزرعة الخاصة لمجرد فقط أنه يدفع كم ألف فهذا قمة السفه:).!  	True	NEG	msa	0
1167	يا غايبن عني ترى للبطى لوم....... ❤️	False	POS	msa	0
1168	وزي ماقالت ميسو..الفقر مش أولويه نتكلم فيها الآن.وايش يعني لو ماتو الناس.هو احنا فقراء يعني عشان نحس فيهم؟في مواضيع أهم ياجماعه #يمن  	False	NEG	msa	0
1169	هـذا زعـيم الـشرق الإوسـط بـختصار             #محمد_بن_سلمان https://t.co/uhQMQPCSqk	False	POS	msa	0
1170	مين بست بوي؟ https://t.co/vQmzx18Isy	False	POS	msa	0
1171	#النصر   في نظام الخدمة المدنية يحال الستيني الى التقاعد وفي الملاعب السعودية يحال المنتهي الى النصر #الفكر_الكروي	False	NEU	msa	0
1172	انتبهن يابنات هذا الهاشتاق خدعه حتى لا تطالبوا بالعمل..   ويمقن #حقيقه وافهم يافهيم #العاطلات_جميلات	True	NEG	msa	0
1173	جدتي طلعت تضحك موة ماكنت اعرف	False	POS	msa	0
1174	#صالح_ذيابببب_المطيريفي لحظة تجيك بالعمر ما تخليك ترجع مثل أول، لحظة تغييرك لِشخص آخر لما تمر عليك.WHE	False	NEU	msa	0
1175	لمحبي التميز 2020💜 كود خصم فوغا فوغاكلوسيت QPZ , ZUJ🦋 مذركير مازركير M70💜 هاي بيبي بوبي AAH87🦋 ماماز اند باباز  MP125💜 ريفا فاشون BUY72🦋 ستايلي BJU💜 سنتربوينت CB620🦋 ماكس فاشون ME480💜 زيلون 1 ون زليون Z179🦋 نمشي DD296السعودية الامارات كوبون 47962 https://t.co/vFbWX8Bs2x	False	NEU	msa	0
1176	#tell شكراا	False	POS	msa	0
1177	الله يديم الصاحب اللي كل ما دارت الدنيا ثبَت.	False	POS	msa	0
1178	حياتي مثل مستر بن حظه زفت بس مستانس.	False	NEG	msa	0
1179	من #الإعلام_الفاشل .. مش فاهم ,, هايكسب كام الصحفي اللوزعي إللي كل مايتكلم عن ممثل أو ممثلة ويـذكــر في معلوماته ( ديـــانـة ) هذا الشخص ؟؟؟؟؟؟؟ هاتفرق في إيـه وهايكسب كااااااااااااام ؟؟ العقول دي يا جدعااااااان لازم ولابــد من حرقهم أحيـاءأو بنضربوا بالجزم في ميدان عــام.  	True	NEG	egypt	1
1180	#الاهلي_ضمك_دوووري_المحترررفينالحياة قصيرة، لكن المصائب تجعلها طويلة. الحياة حلم يوقظنا منه الموت.1Qbea	False	NEG	msa	0
1181	يقول: هل عندك فكرة قد إيش بتوفر لو بطلت تدخين!! قلت: هل عندك فكرة كم واحد بينجلد وقتها لو بطلت تدخين ؟؟ #ساخر   #واقع	True	NEG	msa	0
1182	أهم الأنباء 1989📺 https://t.co/4RtNEBoWpP	False	NEU	msa	0
1183	ي عٌمرري 🥺♥️♥️♥️♥️♥️♥️ https://t.co/tqZ1RMRXAs	False	POS	gulf	0
1184	كيوتييييننن https://t.co/rAazaUdgRq	False	NEU	msa	0
1185	#إللي_باعها_يحررها روحوا جمعـوا شتاتكم من بلدان العام ,, معاكم مليارات لمتوها من الشحاتة والسرقة في الأنفاق , روحوا إشتروا سلاح وحرروا بلدكم . هو إنتوا تشخوا وإحنا ننضف لكم ؟؟  	True	NEG	msa	1
1186	هذولا تومورو😳😳😳	False	NEU	gulf	0
1187	#الحوثيون يرددوا الموت لأمريكا الموت لأسرائيل واليوم نسمع عن لقاءات مع أمريكيين في صنعاء   #ضحك_ع_الذقون	True	NEU	msa	0
1188	سيبوا الشعب هو إللي يتصرف معاهم ,, طالما الحكومة مش هاتقدر تعمل لهم حاجة #إتحاد_الكرة_المصري_كله_معرصين #الفساد_تاج_علي_رؤوس_المعرصين  	True	NEG	msa	1
1189	عمرى ما شفت على رئيس يقول على بلده انها نصف دوله   #مصر اه و على فكره #تيران_وصنافير_مصريه	False	NEG	egypt	0
1190	#شروطي_في_النظرة_الشرعية اخليها تقول هاي كييكرز .. اشوف سمعت الصوت من قبل أو لا! ‹›   	False	NEG	egypt	0
1191	لـو من حقنا المطالبة بالقضاء علي الإرهاب, يجب أيضآ أن نطالب بالقضاء علي من كان السبب فيه أيضآ 1- #الحكومة_الفاشلة ف مواجهته 2- #القضاء_الشاخخ البطئ الممل 3- كل خروف موجود ف موقع مسئول 4- الإعلام الفاشل الذي يمكله الخرفان وملعون من يتكلم عن حقوق الإنسان أين حقوقنا كبشر إذآ؟	True	NEG	msa	0
1192	هي ترسانة الأسلحة و البوازيك اللي مخبينيها في الكنيسة عندنا في المخازن السرية دي ..هنستخدمها امتى ؟!..ده البابا ده عليه حاجات !!   #جهل	True	NEG	egypt	0
1193	وفلان (احد المسؤولين) يقول الي مو عاجبها عساها لا تختبر .... اسلوب و نظام واحترام :) #uqu   ٢	False	NEU	levant	0
1194	الطائفي: اصطلاحاً: الشخص الذي يطفو فوق سطح الماء لغةً: ما يلف حول شيء , يطوفه ,عرفاً: شخص من منطقة الطائف فهو طائفي ,  	True	NEU	msa	0
1195	أشفق على كل من يعتقد بأن غيابه .. سيؤلمني ..!	False	NEG	msa	0
1196	يزوجون الرجل السيء بحجة إصلاحه وتبتعد المرأه السيئه من قائمة الزواج لإنها سيئه وستنتج جيلاً سيئاً والرجل السيء سينتج ملائكه #واقع  	True	NEG	msa	0
1197	وفد وزارة التخطيط يتابع الاستعدادات لبدء التدريب على برنامج خدمات المواطنين وبوابة خدمات المحليات الإلكترونية في الإسكندرية وكفر الشيخ	False	NEU	msa	0
1198	وش شعورك اذا شفت امك تناك من السواق الافريقي🍆🔥!سناب/ voxx696 #دىوث #دىوث_بدوى	True	NEG	msa	0
1199	مطعم الشاطئ للمأكولات البحريةالإسم:  مطعم الشاطئ للمأكولات البحريةالتصنيف : مجموعات/ أفرادالنوع : مطعم مأكولات بحريةالأسعار : أسعار متوسطةالأطفال : مناسب للأطفالالموسيقى : يوجد موسيقىمواعيد العمل: ١٢:٠٠م–١٢:٠٠صالعنوان : طريق الوحدة - أبو شغارة - ال https://t.co/h6eXSQXMvN	False	NEU	msa	0
1200	باعوك والحين متندم؟	True	NEG	msa	0
1201	أحياناً عندما نعطي من نُحب كل ما لدنيا و نسعدهم و نأتي بعد ذلك و نغلط غلطةً صغيرة ينسون جميع حسناتنا و لا يذكرون سوى المساوئ  !	False	NEG	msa	0
1202	قال : أنا رجال أقدح من رأسي ،فقلت: شف العيال في الحوش يدورون لهم ولاعة عطهم رأسك يالقداحة;-).. !   #صباح_الخير #تصريح_البلطان	True	NEG	msa	1
1203	الامير سلمان بن حمد يتجول الان في ساحة الفورمولا واحد ويصافح المواطنين والسياح ohh how modest of him  	False	POS	msa	0
1204	“ #RoyalWedding قناة العالم: ان المسيرات في شوارع لندن الان ضد نظام الحكم في البحرين وليس احتفالات زواج كما تدعي العربية”   lmfao	False	NEU	msa	0
1205	يعني تزوير بشكل رسمي مثل الي طلعوا قبل جوازات ارتيرية مزورة من مكاتب كانت تضع اعلاناتها داخل لجنة البدون  	False	NEG	gulf	0
1206	ياكسمي ياااننيييي اااههه ليه تقولوا انه ب15 د نخش نمتحن يبقي ب25 ال25 د دول بتوع مين يالمبي وليه 56 سؤال احا في ساعة الا ربع ابطال احنا يعني	False	NEU	egypt	0
1207	"احلى حاجه قالها باسم يوسف "" الدوله اللى توقع من #نكته ولا   "" دى ماتبقاش دوله "" !! دى تبقى #ام_احمد"	True	NEG	msa	1
1208	أتمنى من زيدان ان يغير اسلوب العب اليوم ويلعب ب 2,1,4,3 ويكون بلدفاع كل من ناتشو وفاران وميلتاو وفي خط الوسط كروس ومودريش ومارسلو و فاسكيزوخلف المهاجمين اوديغارد وفي الهجوم كريم ورودريغو  حتى يخلق التوازن والتغطيه خلف كل من مارسلو وفاسكيز https://t.co/pJZsDcc7qE	False	NEU	msa	0
1209	دوبني مخلصه دوام الساعه ٦ ونص المساء،، وعلما بدأنا الساعه ٧ ونص الصباح اول عمليه .. طلعت من بيتى ٦ الصباح عشان الحق أوصل بدري بعد قرار المستشفى بخصوص بداية العمليات الساعه ٧ ..وآخر شي راتبي زي راتب الي يداوم بعد تسعه ويطلع قبل ٢ الظهر   #الكادر_الصحي #تسكين_الكادر_الصحي	False	NEU	magreb	0
1210	ههههههه عَصّب وربي يقول اعملي بلوك ههههه مسوي مازنجر و هو ما حصل السنافر يا برايز يا  	False	NEG	msa	1
1211	منيح يلي ما كانت نسبة الإقتراع أعلى من هيك كانت خلصت ولاية البلدية الربحانة و دهني بعدن عم يفرزوا  	False	NEU	levant	0
1212	ألوان سترات وخوذات ووايتات الدفاع المدني لم تكن عبث ,الدفاع المدني نصراوي :).! #النصر #الهلال  	False	POS	msa	0
1213	شخص طبيعي ياكل كل يوم ، في يوم كان ياكل شاورما دجاج و حط فيها طحينة قام شرق و انخنق مسكين، فا تجنبوا الشاورما بالدجاج بالطحينة لانها تسب الاختناق  	False	NEG	msa	1
1214	يضحك اكثر رقصة كانت ترند هالسنه و مابقى احد مارقص عليها ما فازت !	True	NEG	msa	0
1215	طبيعه الانسان بالفيديو هذا 🙏🏻😔 https://t.co/muGAgPdDqc	False	NEU	msa	0
1216	فتاة المطر: https://t.co/I7yoTT2kAu	False	NEU	msa	0
1217	مش قادر انا مش قادر أديك أجيب منين هتكلوا مصر ياعنى   #أقسم_بالله ياحبيبى ياأأمين	False	NEG	msa	0
1218	أقسم بالله لو برنامج كوميدي وساخر ما كانت حتزبط معاهم كدا #لبسها_للإخوان_على_مسؤوليتي  	True	NEG	egypt	1
1219	هي بتستشهد مشان يهودي بدو يشيل حجابا . . وانتي خليكي رافعه بنطلونك مشان يبين الخلخال... 󾇗   󾌦󾇗	True	NEG	egypt	1
1220	ييييججججنننووننن https://t.co/tPPBL0cuFX	False	POS	gulf	0
1221	اعوذ بالله من الناس هاذي الي تقطع رزقهاا  #مقاطعه_اعلانات_هند_القحطاني	True	NEG	msa	0
1222	#ايش_يحبون_البناتخلونا بحالنا	False	NEG	gulf	0
1223	"""مصير الدنيا تدور وتعيشك نفس الشعور"""	False	NEG	msa	0
1224	اكثر مايثيرني حفيظتي هو النقاش بين العراقيين بتويتر عود واحد ناصب عالاخر ههههه يابه انتم  	False	NEG	msa	1
1225	عندما يفيق لبنان من غيبوبته ويعرف أن الإرهابي التكفيري حسن نصر الله اهانه واساء إليه أكثر بكثير من أحلام وقتها يكون هناك أمل  	False	NEG	msa	0
1226	سبحان الذي يسبح الرعد بحمده والملائكة من خيفته	False	POS	msa	0
1227	جميلة أنتي وحدكِ تزرعيّن الدُنيا زهّر.❤ . . https://t.co/d8n18jNuz6	False	POS	msa	0
1228	يقول حكيم: أليس من #السخرية: أن نتجاهل من يهتم بِنا، وأن نعشق من يتجاهلنا، وأن نحب من يجرحوننا، وأن نجرح من يحبوننا؟  .	True	NEG	msa	0
1229	مين علي غزال الي عاملين عليه هلمه دا ؟	True	NEG	msa	0
1230	فيلم التعويذه ده ماشى كويس لغاية اخره و هما جايبين الجن و العفاريت انهم لونهم احمر و بسوافر طويله و بقرون !!  	True	NEG	msa	0
1231	طيب يا شباب خلاص الزيت بخير والزيتون بخير وح نعيش مع بشار على الخبزة والزيتونة... كل واحد على شغله #AssadSpeech   #syria	False	NEG	msa	1
1232	مرسي حكمو عليهو بي الااعدام . زول حافظ القران كامل طبق شريعة الله م قال عايز قصر عاش في الشقه بتاعتو . راجي شنو تاني ومبارح برائه.  	False	NEG	msa	0
1233	#الاهلي_ضمك_دوووري_المحترررفينالملك سلمان في قلوبنا.Exlqr	False	POS	msa	0
1234	احلى بيرثداي بوي https://t.co/bDAUcxWd17	False	POS	msa	0
1235	ضيوف قبل يسألوا علـ القبلة وين،ضيوف توا يسألوا علـ الباسوورد متاع الماي فاي..  	True	NEG	msa	0
1236	السعادة .. هي الشيء الوحيد الذي يتعارض مع قانون الرياضيات، فكلما تقاسمتها مع الآخرين تضاعفت لديك💜.	False	POS	msa	0
1237	لما اعطيك بلوك مب معناته اني اكرهك بالعكس حطيتك مع الاهلمسالخير🌺	True	NEG	msa	0
1238	#حزب_النور رايـح يـبـيـع الـمـيـــة في حــارة الـسـقـايـيـن ,, علي مين علي مين علي مين علي مين يا حـزب علي مين إنت كنت جاي تغني , روح إسـأل قبلا أنـا مين ماتروحش تبيع المية ف حارة السقايين .. آآآآه  	True	NEG	egypt	1
1239	كُل عيب أحَبه فيكّ إلا,غيابَك🤍	False	POS	msa	0
1240	“ نبي نشوف فلم لوس انجلس بالسينما عشان نستمتع بمعالم المدينه اللي ما نعرفها !  ”	False	NEG	gulf	0
1241	ﺍﻟﻨﻮﻡ ﻋﻠﻰ ﺍﻟﻈﻬﺮ ﻳﺰﻳﺪ ﻣﻦ ﺇﺣﺘﻤﺎﻟﻴﺔ ﺗﻌﺮﺿﻚ ﻟﻠﻜﻮﺍﺑﻴﺲ ﺧﺎﺻﺔ ﺍﻟﻜﻮﺍﺑﻴﺲ ﺍﻟﺘﻲ ﺗﻌﺠﺰ ﻓﻴﻬﺎ ﻋﻦ ﺍﻟﻬﺮﻭﺏ ﻭﺍﻟﺮﻛﺾ	False	NEU	msa	0
1242	#التهامي: أقترح علي منظمة الأمم المتحدة ومجلس الأمن أن تقوم بعمل إدارة تنفيذ من محضري تنفيذ محكمة الجيزة لتنفيذ القرارات الصادرة من الجمعية العامة للأمم المتحدة ومجلس الأمن ضد دولة إسرائيل الصهيونية وعلي أن تلغي الدراسة الأمنية حتي لاتكون هناك عراقيل في إجراءات التنفيذ 	False	NEU	msa	0
1243	القصة انو صار لقب القدير والقديرة ليلي بيسوى وما بيسوى ويلي عنجد قديرين عمينحط اسمهن حاف..متل القامة والهامة الأستاذ عبد المجيد مجذوب حاطين اسمو حاف ب #الهيبة_العودة ..وميرفا القاضي ونيكول سابا وما بعرف مين كلن القدير والقديرة اللامعة والقنبلة وما بعرف شو  	True	NEG	msa	0
1244	واااووو تمورو واااوو جست واو .	False	POS	msa	0
1245	ياعسى الجاي خير و اللي مضى خيره	False	POS	msa	0
1246	اخاف اقول اشتقت لك ويجرحني ردكواخاف اسكت وتطلع ميت من الشوق ):	False	NEG	msa	0
1247	37,2 دينار سعر غرام الذهب عيار 21 محليا #صحيفة_الرأي #الأردن https://t.co/SKu8vR3wbV	False	NEU	msa	0
1248	With no offense ... بقول لواحد صاحبي تخيل جاريث بيل مش موجود في #تشكيلة_العالم قاللي ازاي يا عم اكيد في الاحتياطي #hilarious  	False	NEG	egypt	0
1249	مره التايم لاين جذي متروس هالحزه كان بالعيد	False	NEU	gulf	0
1250	H&amp;M the good news productsقَـسيمه الـخصـم* كُـود نـمشي PAY106سيـفي si19* ريڤـا BUY67* كـوبٌـون فـوغـا فـوقـا كــلوسيت MFEانـاس اونـاس MNF* كـارفـور ON22* جـولـي شـيك FM1جـاب GG* اديـداس HN* سنـتربـوينـت CB739سـتي مـاكـس MF58* كـارديـال MH83iia	False	NEU	msa	0
1251	الموت صمتاً هو الحل الوحيد إذا لم يكن الموت جوعاً طريقة مثالية للحياة! عبد الله القرني  	False	NEG	msa	0
1252	طول حياتي اكره الكمال و اشوف في بعض النقص روائع نادرة و في الوقت الي يحببني فيها شخص ارجع اكرها اضعاف من الشخص نفسه!  	True	NEG	msa	0
1253	ربي هب لي من لدنك سلطان نصيراً  ✨🖤	False	POS	msa	0
1254	رجل الأعمال الذي يقدر قيمة الوقت لا يهدره في متابعة مالا فائدة منه ووجوده كعدمه لا يمكن بحال من الأحوال أن يكون هذا البرلمان معبراً عن إرادة شعب بعد ثورتين   !!.	True	NEG	msa	0
1255	عشت وشوفت اليوم ال مدينتي العزيزه يحصل فيها اعصار الحمدلله🙂❤️	False	POS	msa	0
1256	بصفة عامة فالمغرب التحايل على القانون يعتبر انتصار فردي على السيستيم. ضونك مفخرة...  	False	NEG	msa	0
1257	يحمس الا بطن يونجون وش صارله https://t.co/U3quszUaTt	False	NEG	gulf	0
1258	تنظيمهم سبب زحمه برا وفاضي داخل المدرسهكانك يابو زيد ماغزيت	True	NEG	msa	0
1259	هههههههههههههههههههههههههههههههههههههههههههههههههههه 😭😭؟ #SenCalKapimi #HandeErçel https://t.co/zHJJKzn0LB	False	NEU	msa	0
1260	#عاجل إبليس يشكر الحوثيين على تأديتهم لمهامه على أكمل وجه أثناء غيابه في رمضان .. ههههههتهههههههههههههههههههههههههههه  	True	NEG	msa	0
1261	#الاهلي_ضمك_دوووري_المحترررفيندوام الحب في مراعاة الأدب.ZCGpg	False	POS	msa	0
1262	متوهمش نفسك إنك غالي عند حد لمجرد إنه غالي عندك	False	NEG	msa	0
1263	الرجل الذي يتزوج أربع نساء فهو رجل نبيل ويستحق كل تقدير بعد أن ضحى بنفسه لينقذ ثلاثة رجال ..  	False	NEG	msa	0
1264	بس بلبنان مرشّح للرئاسة ما بينزل على انتخاب الرئيس و يلي مرشّحه بيصرِّح انو متفهِّم موقفه !  	False	NEG	msa	0
1265	اجتماع أردني سعودي بالمنامةhttps://t.co/gk1KH5LBHi https://t.co/CMGMd0AOS7	False	NEU	msa	0
1266	اذا يصير استعمل سماعات بلوتوث غير عن شركة آبل نعمة عالأقل ال ٣٠٠٠ ريال اللي بدفعهم ادفعهم على شي يسوى	False	NEG	gulf	0
1267	ااااااءء سوبيننن😭😭😭	False	NEG	msa	0
1268	وزير الخارجية سياله يطالب وزير خارجية البوسنة والهرسك برفع القيود عن التأشيرة لليبين#وزير الخارجية يبي يعنسكم	False	NEU	msa	0
1269	البحث العلمي يقول لنا أن أربعة عشر من كل عشرة أفراد يحبون الشيكولاتة. ساندرا بوينتون  	False	NEU	msa	0
1270	فى دمنهور المتظاهرين قدموا طلب لوزارة #الداخلية بتنظيم مظاهرة للتنديد بالحرب التى قامت بين أحمس والهكسوس #إستهزاء  	True	NEG	msa	0
1271	🌼حبوب تسقيط🌼🌼حبوب سايتوتك🌼🌼حبوب سايتوتيك🌼🌼تنزيل الحمل🌼🌼اسقاط حمل🌼🌸حبوب أجهاض🌸🌼حبوب الاجهاض🌼🌼حبوب اسقاط🌼🌼برشام اجهاض🌼🌼حبوب للاجهاض🌼🌼تنزيل الجنين🌼🌸اجهاض الجنين🌸🌼تواصل مباشر عبر خاص 🌼🌻🌻🌸🌸🌼🌼🍀🍀🌺🌺دكتورة حنـــان https://t.co/lCw45H35x5 https://t.co/4qAVIMqncL	False	NEU	msa	0
1272	اجمل الاشخاص اللي جمعتنا فيهم الحياه صدفه، والناس اللي كنا ميتين نبيهم اذا صارو بحياتنا نممل منهم  	False	NEG	msa	0
1273	مبّ كل شَي نبيه يكُون لنّا	False	NEU	gulf	0
1274	، 2:20ص نقطه ان يكون المجتمع كقطيع لوحدة الرأي لوحدة التفكير لوحدة الملبس لوحدة قمع اي اختلاف ومحاربة اي لوحه مختلفة بجهل.	False	NEG	msa	0
1275	أطالب بتعويض كل من لم يتعلم الانجليزية بسبب إلغاءها من المناهج بأن يرسل الى بريطانيا لتعلم اللغة 5 أعوام على حساب البلد #ليبيا	False	NEG	msa	0
1276	كم أحزنني أولائك الذين تجمهروا بثيابهم وأشمغتهم حول بوابة مقرالمنتخب الأرجنتيني من وقت مبكر ثم تصوروا مع أنفسهم ;-) #السعودية  	True	NEG	msa	0
1277	ما كملت خمس دقايق وانا مبسوطه الا زقت😀	False	NEG	msa	0
1278	ههههههههههههههههههههههههههههههههههههههههههه تذكرت الكوتش وهو يقول أتمنى من ماجد الخروج من بوتقته :)..!  	True	NEG	msa	0
1279	لو ابوها ولا اخوها يقولها اقعدي بالبيت تعصب بس لمن حبيب القلب يقول انثبري بالبيت تقول واااي رومانسي يغار علي ! ^حيوانه #Lol  	True	NEG	msa	0
1280	ما أعتب على المرشح اللي في كل كلمة وندوة يعزف ألحان الطائفية ويدندن على المظلوميةوما يتطرق لهموم الكويتيينفهذه بضاعته الفاسدة وماعنده غيرهاولكن عتبي على الناخبين اللي يشترون بضاعته ويبيعون الكويت	True	NEG	msa	0
1281	إذا ظهر الـعــرص أبـو تريكــة في قنـــاة الأهلي ,, سـأقـاطـع الأهلي نـهــائـيــآ. وهامسح القناة أسـاسـآ ,, من لا يراعي شـعـور الشعب ضـد الإرهابي , لا أراعي شـعـوره , أنا ضــد المعرص الإرهابي أبو قليطة ( تريكة سابقآ ) وكده كده أنا مقاطع الكورة العربية عــامـــة ..   كروية	True	NEG	msa	1
1282	واحد مقزز برضو شيعي ما يستأهل اسم طلال :& حطي أم بي سي دراما الحين منورين الشاشه  	True	NEG	msa	1
1283	هههههههههههههههههههههههههههههههههههههههههه جين جين جين جين جين https://t.co/eDRuAM93St	False	NEU	msa	0
1284	لا ويقولون بيسوون مترو أنفاق في الرياض ,يخرب بيت الفساد ياشيخ :)..! #أمطار_الرياض #السعودية  	False	NEG	egypt	0
1285	#كلنا_الدلماني✅    (5) #كلنا_الدلمانيالحضــور هــمـــتــكــمياريــت ماتنفعنــاعـــد رجــالــك وأرد المـــاء#عــــنزه #كلنا_الدلماني https://t.co/2DE1yvH3mm	False	POS	msa	0
1286	من على بعد 30 قدم بدت وكأنها امرأة راقية، من على بعد 10 قدم بدت وكأنها شيء مصنوع ليرى من على بعد 30 قدم!	False	NEG	msa	0
1287	انا بنت وما عاد قادرة اتحمل البنات 🐍ما بعرف الشباب كيف متحملينا	False	NEG	msa	0
1288	لاتكتب شئ لاتؤمن به. . في تويتر نري العجب. . اغلب من يكتب الحكم والكلام الرائع لايطبقه في حياته الفعليه  	False	NEU	msa	0
1289	الصبح توفي المجند عماد عبد الملاك متأثراً بجراحه..سادس شهيد فهجوم على قواتنا بسيناء..بس مكانش يصح نطرد السفير..مش اخلاق ولاد البلد  	False	NEG	msa	1
1290	صوته مزعج💔💔💔💔	True	NEG	msa	0
1291	احساسي يقول ان كلاسيكو اليوم لن يكون ممتعآ بدون كاسياس ... يضيف نوعآ من المتعة عند تسجيل ميسي اﻷهداف عليه  	True	NEG	msa	0
1292	كل من يسمح بتجنيد الأطفال وسلبهم حق العيش والتعليم والصحة ووووو فهو مجرم في حق الانسانية.والصمت عن هذا هو أيضا إجرام في حق البراءة https://t.co/oAaSZbZ3d2	True	NEG	msa	0
1293	،؛! كل فكرهَ ابدااِعية : يقابلهااِ الناس بثلاثة مراحل   ثم #مقاومة ثم #تقليد. ̷♡̷̷̷̷̷	False	NEU	msa	0
1294	دراسة حديثة: أعلى الكتب مبيعا في الوطن العربي..هي كتب الطبخ وثانيها انقاص الوزن وثالثها كتب تفسير الأحلام! #Arab #Jo  	False	NEG	msa	0
1295	العرص جمال ريان كاتب : الـقـدس تـنـاديكم يا مصريين ,, ماشي ياسطي , إن شـاء اللـه هانزورها لما مقاتلي حماس إللي كانوا بيهددونا بيهم يحرروها , أوعدك هاكون أول واحد هايكون في الـقـدس بعد ما تحرروها , وسيب جيشنا مش فاضي بيعمل صينية مكرونة , آه يابن العرص  	True	NEG	egypt	1
1296	صباح الظهر 👩🏽‍🦯	False	NEU	msa	0
1297	يونجون مو طبيعي هالولد 🤯	False	NEG	msa	0
1298	#فهههد_غشام_البصممممانالملك،Y5tv9	False	NEU	msa	0
1299	بس هذا المهم تيهيونق https://t.co/eTz5TNaHy7	False	POS	msa	0
1300	#الترفيه_تعيد_الحفلات_الغناييه اهنيكم تفوزون باكثر شعب يحب الكآبة والنكد ويفتخر به يقال عشان يحصل اجر  	True	NEG	msa	0
1301	من علق احلامه على صدر الليال ما نال من صدر الليال الا .. الأرق .	False	NEU	msa	0
1302	#اجمل_اللحظات بعض اللحظات لا تقدر بثمن https://t.co/eqnwDxuU15	False	POS	msa	0
1303	• ورد إعلان في إحدى الصحف يتضمن: أعزائي القراء كل الأخطاء المطبعية في هذه الصحيفة مقصودة لإرضاء كل الأذواق لأن البعض هوايتهم تتبعها!  	True	NEG	msa	0
1304	أقسم باللـه العظيم أنا أحـافظ علي الشعب ,..!!! ده جزء من القسم إللي يقوم بأدائه المسئول , هو فعلا بيحافظ علي الشعب وأموال الشعب ,, ما بيخلهاش تـنـقــص , بس أي زيــــادة تـتـحـــــول علي حسابه في البنــك راحتك من راحتي واي زيادة فـ مصلحتي ..  	False	NEG	msa	0
1305	وييي لااااوووسستتت ذااا سااموررر😭😭😭😭😭😭😭😭😭😭	False	NEG	msa	0
1306	اذا كنت تكره شخص بدون سبب ردد ه الايه: https://t.co/1IQFRH1EuL	False	NEU	msa	0
1307	لو بأيدك تعمل خير وتوفر الدفا لأسرة، ليه تستنى؟!!بـ 150 جنيه بس مع مؤسسة #مصر_الخير تقدر تقدم لأسرة كرتونة مواد غذائية 11 كيلو توفر لهم وجبات سخنة في وقت البرد، خلي خيرك دفا لغيرك وأتبرع على https://t.co/wAbm71iWsV أو اتصل على 16140 يوصلك مندوبنا #سكن_ودفا#خيرك_دفا_لغيرك https://t.co/uQj3wbx1jA	False	NEU	msa	0
1308	يفوز باحلى اداء وربيي https://t.co/yrOzNbtGh2	False	POS	gulf	0
1309	"••""في قانون النساء ، إذا كنتتُحبها فعليك أن تكره جميع نِساء الأرض ""🖤••#ايش_يحبون_البنات https://t.co/Rqcj8AQCwz"	False	NEG	msa	0
1310	“في جميع العلاقات .. لم اجد أوفـى من علاقة المدخن بسيجارته !! هي تحترق لاجله وهو يموت !!  ”	False	NEG	msa	0
1311	"اشوف كلامك عن الهيئه اقول ماشاءالله اكيد هالبنت كلامها منطقي ادخل حسابك القى""حبيبي""اتصور بالسناب""ولما اناقشك قلتي انطم!  "	True	NEU	gulf	0
1312	"""يارب كُل مُر يحلو ، و كُل شيء باهت يتلوّن ، و كُل شيء ذابل يرجع يتوّرد""♥️."	False	POS	msa	0
1313	"""أتذكر المرة الأولى التي مشيت فيها بجانبي،وقتها شعرت بطريقةٍ ما أن بقيّة العالم إختفى.""♥️"	False	POS	msa	0
1314	#امن_كليه_الشريعه_ببريده على وقتنا التفتيش على النقابات واحتجزوها ،، نهاية الدوام طلعو البنات يابطرحاتها او متسلفتها من صديقتها  	True	NEG	gulf	0
1315	قسم بالله ناس ترفع الضغط يعني أؤكك فيه شي ينضحك عليه بس فيه أشياء بزياده #أستهزاء مسخره ناس بايخه :/	False	NEG	gulf	1
1316	مع هالحر والرطوبة،وقطعة الكهربا،I'd jump out of the window بس ي حسرتي ي ام حسنين اللي برى مش احسن من اللي جوى  	False	NEG	egypt	0
1317	حمدوك : الذين يرددون شعار الجوع ولا الكيزان لا يدركون انهم يصفوننا نحن بالجوع https://t.co/LrhJ5y5NGg	False	NEG	msa	0
1318	ينظرون لاجساد العراه فى الشوارع على انهم زناه ومجرمين ولم يعرفوا ان الجوع وراء ذلك يحاسبون الاجساد ويتركون الجوع يبحث عن ضحيه اخرى  	True	NEG	msa	0
1319	النواب مستناسين بموضوع سيداو لان الحكومة لما تغلق باب النقاش في وجههم كعادتها انهم كطفل وجد مصاصة ولم تمنعه امه عنها   #البحرين	True	NEG	msa	1
1320	سريع تابعنـي💬 وأضغط ريتـويت🔄 ونوئطـــة💦 وقلــب🤎 هيتابعك199❤	False	NEU	msa	0
1321	وااااااوووو اداء توبايتو اوففف😭😭	False	POS	msa	0
1322	شو الهنا الي نحنا فيه الصبح بتشتي الدني #مطر والمسسا بتشتي الدني #صواريخ   القدر	False	POS	msa	0
1323	لمّا فكّر بالمرشحين للرئاسة ومين داعمن، والمشاريع... أو غياب المشاريع، بفكّر بكلمة وحدة:  	False	NEG	msa	0
1324	"#عاجل: وزارة الصحة برام الله: ننفي البيان المتداول والمنسوب للوزيرة حول فرض إغلاق شامل وهو ""مزور"" وستعقد لجنة الوبائيات مساء اليوم اجتماعًا لتقييم الوضع الوبائي، ورفع توصيات للجنة الطوارئ العليا."	False	NEU	msa	0
1325	منظمة محششين بلا حدود تطالب القذافي بالافصاح عن الصنف الذي يتعاطاه #gaddafi   #libya	True	NEG	msa	0
1326	مافيش غير وزارة الخارجية إللي أخــدت موقف علني من كلام الخروف الـتـركـي أردوغـــان ... سيبك م الإعــلام الفاشل بتاعنا , كلمني عن شعب مصر ,, عمل إيـه ضــد تـركيا وكلام خـروفـهـا .. هل قاطعتوا منتجاتها؟ مسلسلاتها؟ قنواتها إياها؟؟ شكلي بانفخ في قربة مقطوعة ..  	False	NEG	egypt	1
1327	ترا نحن عايشين بتبات و نبات وما عندنا أي مشاكل و مو ناقصنا شي أبدا لذلك خلونا نتقاتل على موضوع كأس العالم و متابعته حلال و لا حرام و بدعة و لا مانو بدعة ..  	False	NEG	msa	0
1328	اايينننق اااا😭😭😭😭😭😭😭😭😭😭😭	False	NEU	msa	0
1329	الواحد مطلوب منه ميجيش علي حد علشان ميزعلهوش بس انت تيجي عليا عادي صح	False	NEG	egypt	0
1330	الاعضاء القدم واهم يرحبون على بالهم يايين لهم عازمينا على الغدا	False	NEU	egypt	0
1331	#صالح_ذيابببب_المطيريولو احب اثنين ، احبك انتِ و عيونكVHz	False	POS	msa	0
1332	عاجل| #أمير_الكويت يشكر #أمير_قطر و #العاهل_السعودي لجهودهما في التوصل لاتفاق نهائي يضمن وحدة الموقف الخليجي	False	NEU	msa	0
1333	"وإن طالت الغيبه وانا صرت ماضي   خلي"" دنيااااكـ ""ذكـرى جـمـيـله"	False	NEG	msa	0
1334	فعاليه:نقطه واقيم مثبتتك من 100..:	False	NEU	msa	0
1335	أكثر الفرِحين بفوز #الشباب مطاعم البيك وأشد من سيحزن لهزيمة #الأهلي مطاعم السليق :)..!  	True	NEU	gulf	0
1336	#مسلسل_سلفي_يستهزئ_بأهل_الدين لا جديد!! #العاهره ناصر القصبي اذا يبي يضحك المغفلون  ب الدين - لكن يبقون رجال الدين عالياً بالقمه	True	NEG	msa	1
1337	أول ما تقف قدام واحد , وهو يصرخ ويقولك ( إنت ماتعرفش أنا أبقي إبن مين )) بالـجـزمــة وعلي دماغه , وقول له عارف إنت إبن مين إبن حرامي ومرتشي وفاسد وإبن ستين كلب كمان هو لسة حــــدّ فاضل في المسئولين ما إتقبضش عليه ؟؟  	True	NEG	egypt	1
1338	ههههههههههههههههههههه هو لسة عمر موسي بيفكر في كرسي الرئاســة ؟؟ لأ ,,و و و و بيعلـن عــدم ترشحـه , ياخي الناس دي ,, أي نــوع من السوائل بيجري في شرايينها ؟؟  	True	NEU	egypt	1
1339	عضو كتلة حزب الله نوار الساحلي وفي معرض تعليقه على خلاف باسيل بري، اتهم الناشطين على مواقع التواصل الاجتماعي بانهم يعملون على صب الزيت على نار الخلاف بين حركة امل والتيار الوطني الحر.. #البلطجي_جبران   #تحليل_عميق	False	NEG	msa	0
1340	البرادعى يطالب وزير التعليم بتقديم اعتذار للطلبة فى حال صعوبة اللغة العربية #Egypt  	False	POS	msa	0
1341	الفارق بين ضربة الجزاء الميتة وضربة الجزاء الحية كالفارق بين صلعة الكوتش قبل الزراعة وبعدها :).! #الهلال #النصر  	True	NEG	msa	1
1342	واحد ورايا في القهوه بيقوول القنبله بتاعة وزير الدخليه كنت الكترونية عشان عملت *تك بوم* مش *بوم* #egypt   #idiot	True	NEG	msa	1
1343	حاولوا تقرأون #بيان_الاهلي من اليسار لليمين ,طيب من تحت لفوق, طيب اقرأ كلمة وأترك كلمة, طيب اقرأ سطر وأترك سطر ممكن تصل لنتيجة :).!  	True	NEG	msa	0
1344	“ السعودية والكويت والبحرين يستدعوا سفرائهم من لندن للتشاور حول الأحداث الأخيرة هناك :P :P :P :P  ” looool +100	False	NEG	msa	0
1345	فقط، نحن معكم.#مقاطعه_المنتجات_الفرنسيه39	False	POS	msa	0
1346	الريمونتادا لها اهلها .. تخيل خيتافي بكأس الملك خسران ٢-٥ في كامب نو يرجع ويفوز ٤-٠ في ملعبه ويقصيهم ..	False	NEU	gulf	0
1347	انا بهنئ #المصرين بالريس تبعهم ياريت يصير عنا رئيس زيه هههه علي الضمان   لنقلبها ..	False	POS	msa	1
1348	خيررر انتظر شي من الاداء زي الباقين ف النهايه بس دخان!😭😭	False	POS	msa	0
1349	مساء الخير احبابييحلى الشتاء بالشبه وفنجال شايولمة  وفرح وناسه وسهر 🌹💖 https://t.co/LgbaAXPdih	False	POS	msa	0
1350	ابغى ارسل سمن بلدي من #قرية_قطر الى #اليمن ، عن طريق شركة سنحان اكسبرس ، احد منكم جرب من قبل يرسل معهم من قبل ؟  	False	NEU	gulf	0
1351	أذا هـم أحبـابـك أنـا ... أحـيابـك!❤️	False	POS	msa	0
1352	"  الدين السني ""دخلنا على عائشة فسألناها عن غُسل النبي ص فدعت بإناء نحوا من صاع فاغتسلت ومن بيننا وبينها حجاب ""ه والسؤال :لماذا اختارت الإجابة العملية وتركت النظرية ؟ قال النووى :يبدو أنهما رأيا عملها من رأسها وأعالي جسدها أقول :نحمد الله أنهما لم يسألاها عن الجماع"	False	NEU	msa	0
1353	مشاري بويابس حاليا لابس فنيله دي ماريا بس المشكله دي ماريا اذونه كبار وخشمه مطقوق او بويابس غزال او مايصيدونه  	False	NEG	msa	0
1354	#فههههههههههد_غشششششششاااااااام_الببببببصصصصصمانالوهاب،z5K	False	NEU	msa	0
1355	وحدة متينة تسأل زوجها:وش ألبس أي لون؟ قال لها: الرمادي!قالت له:ليش؟قال : لأن هذا اللون الطبيعي للفيل! يقولون بركت عليه ومات   #طرفة	True	NEG	msa	0
1356	احيانًا راحه قلبك تكون في حس شخص.. يعني بإختصار كل اللخبطه والأشياء السيئه اللي داخلك تختفي بكلمه منه.#كلنا_ااالدلمانيQgqZl	False	NEU	msa	0
1357	"عروض نهاية الـعـام 🎈🎊..لأن سنة 2020 كانت غير حبـينـا آخرها يكون غير ^^("" قسم المختبرات الطبية "").نستقبل إستفساراتكم و حجوزاتكم920006449☎️..#مجمع_تداوي_الطبي.#أبها #الجنوب #عسير #محايل.#خميس_مشيط #عروض_نهاية_العام. https://t.co/5roHiM2Sol"	False	NEU	msa	0
1358	#الاهلي_ضمك_دوووري_المحترررفينلم لأطمئن قط إلّا وأنا في حجر أمي.zcAEs	False	POS	msa	0
1359	من   القدر ان تكون حاملا لرسالة اصلاحية وياتي احد الفاسدين المسترئسين ليملي عليك درسا في المناقبية	False	NEG	msa	0
1360	#الاهلي_ضمك_دوووري_المحترررفينالفرق بين نظرة الإسلام والنظرة التشاؤمية، هو أن الإسلام ينظر للحياة كما ينبغي أن تكون، أما التشاؤم فإنه ينظر للحياة كما هي.EUAVc	False	POS	msa	0
1361	صايره نفسيه وع — عحسب انتي منو🤣🤣🤣🤣 https://t.co/RgO8rRG1BI	False	NEG	msa	0
1362	الكلبات يجون خاص #عمه	False	NEG	gulf	0
1363	هل في قانون يحمي خصوصية البيانات الشخصية؟ ولا متل شركات البيانات المصرفية يملكوا معلومات عن كل الشعب!  	False	NEG	msa	0
1364	ههههههه موتني ضحك انا ولا انتم اللي فرحتم ببوسه مقرفه ورحتم تدعون لهم في الحرم لم ولن ننسى يا  	True	NEG	msa	1
1365	Good morning Twitter أحلى شي في الحياة انو أخوك الصغير يكون سبب صحيانك في الوييييك اندددددد :) :s #goodmorning_people #morning  	False	POS	egypt	0
1366	ارمي ياحلوها منه 🥺🥺 https://t.co/egflOvVLSg	False	NEG	msa	0
1367	#سسسسلطاااان_ججججدعان_اااالشمرييا حي يا قيوم برحمتك أستغيث أصلح لي شأني كُلهfULcB	False	NEU	msa	0
1368	قمة السخرية حينما أسمع البشير وهو ينتقد حكم القذافي ويهنئ الثوار   #Sudan #Lybia	True	NEG	msa	0
1369	اللهم أرزقنيَ رزق لم أتوقعه وخيراً لم أفكر به واستجابة لدعاء اكرره دائماً.	False	POS	msa	0
1370	الاشخاص اللي بتضل تعمل اكشن بكل شي لنلاحظ وجودن هدول بالذات ماعدنا نلاحظن ، من كتر الاكشن صرنا حافظين السيناريو من طق طق لـ السلام عليكم .. السلام عليكم بحياتنا والله معكن هاشتاغ:  	False	NEG	msa	0
1371	اول مره اشوف دانس بريك بلو اور واخر مره❤️نو وندر سوندوك ماذكر اسم تكست انه مصمم لهم	False	POS	gulf	0
1372	الله يعينهم الممسلات على شو بدهم يلاحؤا لا يلاحؤا . ويلهم ساعات التصوير الطويلة ويلهم ساعات إزالة مساحيق التجميل الأطول  	False	NEG	gulf	0
1373	لن نخذلك#الدائرة_الثانية #كلنا_حامد_البذالي https://t.co/SjOvF8MjUC	False	POS	msa	0
1374	من الصبح إلى هالحين شحنت بطارية الجوال مرتين والسبة الواتساب وهزيمة الهلال هههههههههههه #الهلال   #موقعة_ذات_الكباري	True	NEG	msa	1
1375	قناة #المنار قاعدين يبثوا عل الإنترنت بعد ما حاصرهم العالم كلو، وعنا قناوات عندها مصاري ووقت كتير تتبهدل ببعض   #اعلام_اكل_الهوا	True	NEG	msa	1
1376	كل مالشعب المصري يهتم بـ محمد صـلاح ,, يطلع لنا ولاد الوسخة بـ كارت #أبو_قليطة ( تريكة سابقآ ), #خلهيا_تاكلكم  	True	NEG	msa	1
1377	لقد غرقنا	False	NEG	msa	0
1378	الاسم في ورقة الاقتراع:✅ عبدالله مبارك خلف الدلماني العنزي#كلنا_الدلماني https://t.co/3PRDpN6Kv2	False	NEU	msa	0
1379	ولكن تؤخذ الدنيا غلابا.. 🖤 https://t.co/pvJLS3zT7i	False	NEU	msa	0
1380	اسلوب الإغراق يعتمد على وجود مصدر آخر يعوض نقص السيولة لحين تحقق هدفه وإلا س ينطبق : يامن من شرى من حلاله علة #النفط #البترول  	False	NEG	msa	0
1381	"“ ""القصف بدون سبب قلة أدب"" هذه الرسالة شديدة اللهجة ارسلتها لاسرائيل رداً على قصفها لسوريا قبل اسبوعين” #syria  "	True	NEG	msa	0
1382	ليه سمعت صوته وهو يقول جيكي https://t.co/Mhw8bASFmT	False	NEG	msa	0
1383	الشجاعة لا تعني المواجهة لابد ان تختار معاركك بحكمة ولا ستفقد كرامتك قبل حياتك! https://t.co/NisMpS2xjh	False	NEU	msa	0
1384	يا الله السايد بروفايل حقه كيف مثالي لهالدرجة https://t.co/Tgp4jBvSoX	False	POS	gulf	0
1385	اومنق اس😭	False	NEU	msa	0
1386	ياويل حالي.... https://t.co/SKHMnkcq3D	False	NEG	gulf	0
1387	"-قريباً في رَمضان. فقط وحصرياً في رمضان! صير غبي معنا. ""ليش انا مش غبي؟"" - آسفين أخطئنا بحقك. منك الغباء.  "	True	NEG	gulf	1
1388	مساء الليغا الكروي الممتاز https://t.co/zoOGkijnF5	False	POS	msa	0
1389	#اللغة_العربية_الأولى_عالميًا  #يوم_التطوع_العالمي@hakeemtaug التطوع:الجهد الذي يبذله أي إنسان لمجتمعه بدون مقابل،ويحث الإسلام على التطوع ويجازي من يفعل الخير مهما قل ثوابا عظيماصار التطوع راية ووسيلةولأجله عزم لنا دفاقلا أجرا نبغي لاوساما لاصدىهي خطوة هي خبرة ورفاقُ https://t.co/subxgXXil7	False	POS	msa	0
1390	تستانس الروح لا جتني مراسيلك لا تقطع الروح من شي يونسها.	False	NEU	gulf	0
1391	والله دنيا الآيفون صار عالمي ويدعم نوعين من الشبكات في نفس الوقت، والهلال ما بعد وصل للعالمية .. صدق اللي قال العالمية صعبة قوية  	False	NEU	gulf	0
1392	إذا نظرت بعين التفاؤل إلى الوجود ، لرأيت الجمال شائعاً في كل ذراته.	False	POS	msa	0
1393	ابوووو طبيع ما يجوز عن طبعه .. المؤمن لا يلدغ من جحر مرتين. #المصالحه_الخليجيه	False	NEG	gulf	0
1394	جمهور فقد الثقه في مستقبل ناديه.. فأصبح مصدر سعادته فوز منافسيه..   دمتم_مصدر_ضحكاتنا.. #وحارس_عمارتنا	False	NEG	msa	0
1395	شو الشي الحلو بالتلج ؟ غير انو متل قلبك 🙂	False	NEG	msa	0
1396	استلام الجوائز وخطاباتهم مباشر اما الاداءات مسجله 🤔	False	NEU	msa	0
1397	موب وقته الاسه#ال يجي الحين وربي موب وقته	False	NEU	gulf	0
1398	هُو يٌحبّك ، وآنتيِ مٌغرمَہَ بِ آخر ، والآخرَ يَموٌت هيآماً بِ خآئنہَ ، وآلخآئنہَ تَبكيِ من حبيِبهآ قهَراً ، وآلحٌب #يضحَكُ بِ #سخريہَ	True	NEG	msa	0
1399	زوّد . رفيف . فوادي	False	POS	msa	0
1400	انا حلمت اني اترفدت م الكليه 45 يوم وانا مبنزلش اصلا😂	False	NEU	egypt	0
1401	"مش بس امبريالية. المعترضين من ممانعة الشام و ليبراليي الخليج حسب وصف الدخيل ""الليبرالي"".  "	False	NEG	msa	0
1402	لن تجدني مؤذيًا أبدًا، حتَّى إن خاب ظني فيك سأُغادرك بلُطف، فإنتهاء الرغبة أشدُ من الكُره.	False	NEG	msa	0
1403	ويبدو أن الحارس كان مرتاحاً في المرمى وذلك لأن ريال مدريد لم يسدد أي تسديدة على المرمى في تلك المباراة.  	True	NEG	msa	0
1404	لاتوقظوا أوجاعكم ليلاً غلّفوها بالدعاء لتشفوا منهاونامــــوا متــوكلين ..9mi7w	False	POS	msa	0
1405	من   القدر مني مينا نسيت المستفيات اللي بتتباع لشركات متعددة الجنسيات للسيطرة علي القطاع الطبي مع شبهة غسيل الأموال وماسكة في الشرطة !	False	NEG	msa	0
1406	فجأة إفتكرت فيلم ( أرض النفاق ) لفؤاد المهندس ,, إحنا محتاجين الراجل إللي بيبيـع الحبوب ذات الصفات المختلفة ,, مش محتاجينه يعمل لنا حبوب ,, توء توء توء ,, إحنا محتاجينه ياخد مننا بعص الصفات الجديدة ويعمل عليها حبوب هههههههههههه  	True	NEG	msa	1
1407	#زانيتي #شمال_الرياض #صرخات_احلام⚠️ الأن 💛يتوفر بأقل الاسعار🚩 متابعين تويتر 🚩 متابعين انستقرام 🚩متابعين سناب 🚩 رفع هاشتاق ترند 🚩 تصويت تويتر خليجي 🚩 رتويت ولايكات خليجي 🚩 متابعين تيك توك 🚩 متابعين تليجرام🚩 متابعين يوتيوب مشاهدات انستقرام ⬅️	False	NEU	msa	0
1408	يا إلهي! يا له من اجتهاد فقهي معاصر سيسهم بلا شك في دعم مسيرة المرأة المسلمة المعاصرة #شيوخ_آخر_زمن  	True	NEG	msa	0
1409	عودوا أنفسكم أن تكون أيامكم: احترام، إنسانية، إحسان، تسامح ، تفاهم ، حياة صافية .. فالبصمة الجميلة تبقى وإن غاب صاحبها.💛	False	POS	msa	0
1410	#الهلال__الاهلي نادي الهلال اول نادي ينطرد لعبينه ومدربه ورئيس ناديه في أسبوع   أعتقد لو لعب معهم الاهلي مباراة 3 يقفلون النادي	True	NEG	gulf	0
1411	هذا هو الأستاذ كيم  https://t.co/RNjUVO5WJA	False	NEU	msa	0
1412	بلاك بييينك 💗  #MMA2020	False	POS	msa	0
1413	يعني توا الشعب الليبي حيتعلم الاعتماد على نفسه و ليس عالنفط. هذه هي توقعاتي الموضوعية  	False	NEU	magreb	0
1414	الحكومة الرشيدة صرفت النظر عن استكمال مشروع الدائري الرابع لتجنيب المواطن مصاريف مالها داعي. حكومة همها المواطن اولا #Kuwait  	True	NEG	msa	0
1415	السواحل فتنة و فسوق، الحكومة عندها بعد نظر و تبي مصلحتنا، عشان جذي ما عندنا سواحل الله يسلمك.  	False	NEG	msa	0
1416	"في وسط سورية وتحديدا في💜 مدينة السلمية💜 هناك جملة تقول: ""تقدمك بالسن مو بإيدك لكن تقدمك بالثقافة بإيدك"".الصورة لإحدى نساء مدينة سلمية المرحومة ""أم محمد الأسعد"" وهي مقبلة على قراءة الكتب حتى وافتها المنية العام المنصرم.ألا تستحق متل تلك السيدة أن توضع صورتها غلافا للكتب https://t.co/ubd7OSmTD2"	False	POS	gulf	0
1417	#المصالحه_الخليجيهاللهم ارحم مؤسس المجلس الخليجيما كنا نعرف الكراهيه بيننااللهم ارحمهم واغفر لهم https://t.co/yNo9bPdghJ	False	NEG	msa	0
1418	لــم يقتلــني ســوى أملــي الــذي يعــود خائبــًا كــل مــرة	False	NEG	msa	0
1419	لما تسأل واحد عندك بنادول ويجيك ويحبطك ويسالك ليش مصدع !!؟ ^^, لا والله بحطه زرار للثوب #حقيقة   #سحقاً ツ	True	NEG	msa	0
1420	انا اسعد انسانه بعد المطر ❤️.	False	POS	msa	0
1421	المؤتمر الصحفي ، المهرجان ، الاحتفال الملعب ، آخلاق لاعبين الريال الاستيديو التحليلي ، القناة الثالثه #مهزلــــه #حماقـــه 	True	NEU	msa	0
1422	إتفرجت علي صورة من #أطفيح , والمئات واقفين وصراخهم يصل لعنان السماء ,, إعتقدت في الأول ,, إنهم رايحين يحرروا القـدس #في_بيتنا_إرهابي  	True	NEG	msa	1
1423	اذا حد قالي ساعدني وانا مالي خلق : https://t.co/LmkA5N3j8d	False	NEG	msa	0
1424	حبسوا مطربة عندي ظروف ,, عشان شرحت ظروفها علنآ ,, مع إن مـلايين الشباب تدخل علي النت تشوف حل للظروف إللي عـنـدهــم  	True	NEG	egypt	0
1425	بس بلبنان الاستاذ المتعاقد بيقبض كل ٤ شهور مرة بيطلعلو زودة ٢٠٠٠ ليرة بربحو فيها جميلة مع انو حقو اكتر بينزل معاش ناقص اكتر من الزودة لي لازم ياخدا وين طارو المصاري ما حدا بيعرف ضريبة تخبيص غلط انت بدك تنزل تلم مصرياتك بين المالية والتربية	False	NEG	msa	1
1426	اسعد الله مساكم بكل خير 🍇🍇🍇🍎🍎🍐🍐🍓🍓🍒🍒🍈🥭 https://t.co/iTaVtaeQ2C	False	POS	msa	0
1427	  القدر في زمن تعددت فيه مصادر المعلومات و سهولة الوصول اليها .. اصبح الوصول للحقيقة اصعب	False	NEU	msa	0
1428	دوبي اشوف في #قناة_طيور_الجنة الاخوين يتكلموعن وحده ماتت في الاسعاف بسبب الزجمةفي صلاةالجمعه!وش هالمخفه؟ قال معرض سيارات مو صلاة #إستهزاء	True	NEG	msa	1
1429	الماتش إللي شوفته النهاردة ,, كان كـــورة ؟؟؟؟؟؟ هههههههههههه ياجدعااااااااان أومال إللي عندنا إسـمـها إييييييييييييييييييه ؟؟؟ وعاملين لها إتحاد بيسرق و بينصب بإسمها ,,  	False	NEG	egypt	1
1430	"يعتذرون عن السخريه والنكت بحجة ""مادرينا انه في وفيات"" الله يخلف على عقولكم بس #حريق_فلاجيو "	False	NEG	msa	0
1431	أمن مطار الكويت   ! أبي أصعد الدور الثاني بروح الحمام،، يقولون لي بس للمغادرين!!	False	NEG	msa	0
1432	نتوقع بقي انهم هيفتحوا سلسلة محلات اكل زي كنتاكي في الجامعة تديعماً لثورة الطلاب المشروعة #GUC  	True	NEG	msa	0
1433	عارف لما تبقي رايحة فرح وكارهة وشك وشكله وحش؟ ااااه	False	NEG	egypt	0
1434	الكوميديا السوداء .. حصرياً فى مصر ! قرار إلغاء حل البرلمان قرار ثورى أما أسرى الحرية فتشكل لهم لجنة #عبث و  	False	NEG	msa	0
1435	انو معقول كرمال تربحوا صوت بالزايد بالانتخابات ترجعوا تفلّتو المجرمين والسفاحين ومروجي المخدرات بالشوارع?? #انتخابات٢٠١٨	True	NEG	msa	0
1436	يا جمااااله 😫❤️ الألوان الصراخه كهذه جميلة في المغاسل او الاحزمة او في جدران المداخل بتصاميم مدروسه ! بس مشكلته غالي 😢 https://t.co/g0I98Xqy8F	False	NEG	msa	0
1437	مــــاهــي سقـــوطإلا نهـــــــوضوإرتــفـــــاعهـــاذي السعــــودية🕊🇸🇦💚🇸🇦#صباحكم_سعودي https://t.co/Y5Fwt3Oy87	False	NEG	msa	0
1438	نحن نتبدل تماماً بحضور أشخاصنا المفضلين، نصبح أكثر ثرثرة، أكثر صخباً، نصبح أشخاصاً مفعمة بالحياة والنشاط، ولو أن أحدهم ألقى مزحة لا تحمل بين طياتها أي شيء يثير الضحك، ربما سنفرط ضحكًا، فقط لأن قائلها له رصيد من المحبة بما يكفي لنضحك حتى على أسخف كلماته، إستثناءنا هم.❤️	False	POS	msa	0
1439	أسوأ ليله عديت إمبارح بأبشع شعور لكن إحساس الارتياح و إني بذلت مجهود و عملت كل اللي أقدر أعمله عشان العلاقه تستمر برغم كميه الاذي النفسي اللي فيها كان مجهود كبير عليا أقدر أقول إني خدت أعظم قرار حزين في حياتي و عارفه إني هعاني أكبر معاناه بعدين بس مش مهم الاهم ارتياحي	False	NEG	msa	0
1440	كان نفسي اكبتن سون عشان هيلاعب الارسنال	False	NEG	msa	0
1441	"""اللهُم اجبر خاطري جبرًا أنت وليّه، فإنه لايعجزك شيئً في الأرض ولا في السماء ، ربي أشرح صدري وأرح قلبي وأزح من قلبي كل خوف يسكنني وكل ضعف يكسرني وكل أمر يبكيني ، ولا تفجعني في مستقبلي ولا في نفسي ولا في باقيّ أهلي ولا تُعسر أمري وأفتح لي أبوابي المغلقه"". 🤍"	False	POS	msa	0
1442	هيلت فاززت	False	POS	msa	0
1443	يضحككك وهما يصرخو ورا 😭😭😭😭 https://t.co/uTM0S5zwyB	True	NEG	msa	0
1444	كنا نغني واحنا صغار عيب عليكي تشتي والشمس طالعة 🔥😂	False	NEG	msa	0
1445	شارك في صنع القرار الكويتي.. داخلياً وخارجياً..#مستمرون_ضد_التطبيع #انتخابات_مجلس_الامه_2020 https://t.co/oaLD4Ty1HX	False	NEU	msa	0
1446	”كم أنتَ رغم الوضوح خبيء“	False	NEU	msa	0
1447	كل شي يذهب ولا يعود، إلا #الصدقة ،، تذهب عنك بالسيئات والمصائب، ثم تعود عليك بالبركة والصحة والعافية🕊 #وقف_الصدقة_الجارية_بالبلد_الحرام	False	NEU	msa	0
1448	الغير منطقي في متش الكبار والاطفال ان آخر هجمه بيبي منطلق في الهجوم وراموس مطرود ؟؟! #طقطقه   #برشلونه_ريال_مدريد	False	NEG	egypt	0
1449	من غير سوري ولا يهمك اي عمل شاذ في مصر حاليا هو اللي بيتشهر انما اي نجاح او عمل بطولي يقولك ده واجبه وبيقبض عليه   #مصر	False	NEG	egypt	1
1450	يا جماعة يلي لقا ساعة مراقب الجامعة العربيّة يلي ضاعت بدوما يرجعها ...انشرها تأجر #Syria  	False	NEG	msa	1
1451	"""الله يُمطرني ، فكيف أجـفُّ ؟"" https://t.co/3pG8udcGUK"	False	POS	msa	0
1452	“الوطنى للذكاء الاصطناعى” يعقد إجتماعه الثانى برئاسة وزير الاتصالات https://t.co/G7aY5WB9rT	False	NEU	msa	0
1453	أحلى انطباع يكونه زوار البلد، عندما يستقبلهم أصحاب سيارات الأجرة.. وجه بشوش وكلمة طيبة ولا يحبون الاستغلال  	False	NEG	msa	0
1454	“ أنا مستانسة لدرجة ممكن اطب بذا البحر من الوناسة   #agirlinsaudi”ههههه يعله دووم	False	POS	msa	0
1455	عسى نور الفجِر يطوي ظلام الليّل وأسراره.	False	POS	msa	0
1456	بعد تصريح اوباما الجديد اكتشفت انو جماعة المعارضة كانوا يفكروا معهم واليوم اتضح انو عميل اسدي  	False	NEG	levant	1
1457	كل شي كنت اعتقد اني مالي قدره استحمله واكرهه اكتشفت إن بإستطاعتي احبه واخليه  مهاره جديده لي.	False	POS	msa	0
1458	نفسياً :عندما تكره شخص ، فمن الرقيِّ ألّا تجعل الجميع يكرهُه من خلال حديثك السيئ عنه ، دع غيرك يخوض التجربة ، فقد يكون الخلل منك !	True	NEG	msa	0
1459	تااي خلق للتأمل ولو جلست اتأمل فيه العمر كله وربي ما امل 😭😭 https://t.co/5ExPDZhBfV	False	POS	msa	0
1460	قلبي  شاب حررريقه  ،ونبكييي طول   الوقت  ولاكإن  هالدنيا فيها احددد بدوون طلته	False	NEG	gulf	0
1461	كلُ حبٍ متغير وزائل ..إلا حب الوطن كحب الوالدين  ثابت ويسمو إلى التقديس ..الكويت 🇰🇼❤️#انتخابات_مجلس_أمة_2020	False	POS	msa	0
1462	واو عربية وبتكتب تويتات بالأنجليزي ..... واو مثقّفة وفهمانة وما حدا غيرها بيعرف انجليزي  	True	NEG	egypt	0
1463	الشرطة مستخدمتش أى أسلحة نارية أو خرطوش أو مطاطية و الدخان اللى إحنا بنشوفوا ده بخور للثورة لا تتحسد #Tahrir   #Nov20	True	NEG	msa	0
1464	والله احنا نحسن الاختيار بس بعدين يقلبون	False	NEG	msa	0
1465	إذا أردنا رؤية أحد وجوه الثقافة لدى الشباب القارئ في المجتمع ، علينا أن نلقي نظرة على ما يتم بيعه في المكتبات .  	False	NEG	msa	0
1466	استقدم عاملتك المنزلية الكينية مع ضمان 3 أشهر.. من مكتب «آل شهاب» للاستقدامالقطيف اليومhttps://t.co/P8K9CZKN4zعبر القطيف اليومhttps://t.co/PV9acZuo8K	False	NEU	msa	0
1467	أزمة الرهن العقاري أخبرتنا أنه: عندما تعطس أمريكا، يُصاب العالم بالأنفلونزا الحادة!   #تسلط	True	NEU	msa	0
1468	اصلاً انا مسويه انستاغرام عشان احط صور الناس و اكتبلهم هابي بيرثداي، اصلاً شخباري احط صوري ب انستا  	False	NEG	msa	0
1469	في كل دول العالم المتحضر رجال القانون هم من يصيغون الدساتير أما في سوريا فالأمر متروك للغزاة والراقصات والمهرجين السياسين.  	True	NEG	msa	0
1470	#الكاس_يا_اهليخدوه كوبى و روحى تويتر لازم الهشتاج يطلع تريند تويتر ي جماعه .#الغاء_الدراسة#الغاء_الترم_الاول#اغلاق_المدارس_والجامعات#رفع_الغياب#صحتنا_أمانه_في_إيديكوافعلوا الهاشتاج ياجماعه على تويتر بالذات عشان صوتنا يوصل الحالات بتزيد والموضوع خطر اكتر من الاول بكتير	False	NEU	msa	0
1471	ثم ذات يوم عندما تكون قد تخليت عن الانتظاريحدث ما كنت تريد، و لكن لم يعد مهماً !  	False	NEG	msa	0
1472	ما لهم حق اليابانيين لازم يلعبو دور الوطنيه الكذابه ويشتغلو شغل توم وجيري مع الوطن لا صراحه مقصرين ..ماعندهم مصلحه عليا  	True	NEG	gulf	0
1473	ظننت أن الحب هو إعجاب شخص بشخصية الآخر ، لم أدرك أنه الآن تفاخر بالمحبوب و مجرد سخافات فقط لمجرد التميز. واذا لم تكن وسيما لن تُحَب !  	False	NEG	msa	0
1474	حانهار والله !!! https://t.co/A6sCAplFyz	False	NEG	egypt	0
1475	بيقولوا يا سي سلامة إنهم هيعملوا نقابة للإعلاميين و نشروا ضوابط الإنضمام ليها اللي من ضمنها انه مش لازم العضو يكون خريج كلية إعلام كفاية إنه يكون حاصل علي مؤهل عالي طبعاً ما هو لو اتحطي الشرط ده الغيطي و أمثاله اللي هم تلات اربع العاملين في الإعلام هيقعدوا في بيوتهم  	False	NEG	msa	1
1476	ياااارب فرحه يعجز القلب عن وصفها ياااارب🙏🙏	False	POS	msa	0
1477	شدعوىى.لههالدرجه وصلت بكم السخريه بانفسكم.. #تبآ لكم ...كم انتم.. واذآ كان يفعلهآ البعض. فانت أول من فعلهآ..  ..	True	NEG	msa	0
1478	يلااا😂😂 https://t.co/okhKMb2edp	False	NEU	msa	0
1479	القهوه ملاذّ القلبّ وَ سعادة للخاطّر 🤩	False	POS	msa	0
1480	هيدي اسما حضارة،بلبنان كان دعسها و تلفن للكلب الكبير و صار الحق عليها...في فرق بين   و #حضارة !!	True	NEG	levant	0
1481	"مهلة ""#تيك_توك"" تنتهي ووزارة الخزانة الأميركية تبدأ بسحب استثمارات الشركة المالكة للتطبيق#الشرق #الشرق_للأخبار https://t.co/MyTaUbNAN0"	False	NEU	msa	0
1482	سألوا الحوثي ليش سمحتوا لليهود مغادرة البلاد ومعاهم كتاب التوراة قالوا سهل قد احنا حافظين لها صم ههههههههه󾌰󾌰󾌰  	True	NEG	msa	0
1483	هو زمان الكل تحس انو بيحب مصر و بيحاول انو يدافع عنها ,, اما دلوقتي بيعملو مسبقة مين.هيمشي اﻷول من البلد  	False	NEG	egypt	1
1484	طب ما الحراميه الشرفاء يورونا همتهم بقي اهم عرفوا ان بيوت الاخوان فيها فلوس كتير .(.   علشان الاغبيه )	False	NEG	msa	1
1485	"مادري شماكل الي صدري يعورني ، إييه من عاب ابتلاا .. كنت اعيب على ""نااس"" و الحين صرت مثلهم ، ان شاء الله ماكو عمليه هالمره !   القدر :("	False	NEG	msa	0
1486	ههههههههه و العريفي يقول الملائكه ستهزم الحوثي ههههههه الاخواني و الخليجي الوهابي  	True	NEG	msa	0
1487	تعبت من الأغاني    ..  أحتاج صوتك  ؟	False	NEG	msa	0
1488	ما اروع ان تعامل الناس تحت قانونمالا ترضاه على نفسك لا ترضاه على غيرك .	True	NEG	msa	0
1489	الـفـن ؟؟ كـان زماااان, كنت باتعلم منه الصدق والأمانـة والإحترام والحب وبذل المجهود ف العمل, وكنت بافهم الرسالة إللي بيقدموها كويس , ومستوعبها ,ولا أخـاف ع أولادي من إنـهـم يتفرجوا عليها , لكن .. فـنـانيـن النهاردة , تقدر حرررتـك تقولي فاهم من رسائلهم الـفـنية إيـه؟   صـح؟	False	NEG	egypt	0
1490	طلاق زوجة في عمان بسبب منشور على الفيس بوك حول زوجها وبسبب قيام صديقاتها بالاستهزاء بزوجها عبر التعليقات حول المنشور ..!  	True	NEG	msa	0
1491	مهرجان المؤوسس بميدان الشحانية الشوط الثالث شلفاء العمانيات الثنايا رسميه محمد بن زايد الخيارين https://t.co/8YX9UvqeQY	False	NEU	msa	0
1492	واحد كاتب 󾌰 اللهم ارزقنى زوجه جميله بيضاء فاقع لونها تسر الناظرين󾌸󾌸 ليه كانت بقرة بنى اسرائيل󾌴󾌴󾌴  󾌴	True	NEG	msa	0
1493	سنة واحدة تكفي لكي يرتاحوا على اثر الجهد على مر السنين وحل كل مشاكل الدول العربية شكرًا جامعة الدول العربية  	False	NEU	msa	0
1494	انا اشوف المطب الي على الشارع العام يكفي لثلاث مطبات موزعة على السيح   ولا شنو	True	NEU	gulf	0
1495	الحمد لله الحقوق الانسانيه موجوده ونتنعم بها فهي على الاوراق نقرأها لم تمزق بعد ولم تقمع بالحرق  	True	NEG	msa	0
1496	#الشباب_ريسول ،، حظ أوفر لكل الشبابيين ، لو عندي أرقامكم كان اتصلت عليكم فردآ فردآ لمواساتكم :) .. #عشرة_نفر  	False	NEU	msa	0
1497	ليش ماكو سعوديين يشجعون نادي العربي او القادسيه ؟شمعنى كويتيين رازين ويوهم ويشجعون الهلال أو الأهلي !ليش ان المباراه بلندن يعني وشو!  	False	NEU	gulf	0
1498	  سئل مرا برناردشو عن احدى النساء وهل هيه جميله ام لا فقال دعني اراها عندما تستيقظ من نومها صباحا 	True	NEU	msa	0
1499	ههههههه امة ضحكت على جهلها الأمم انت شو عرفك شو هو اللي صار لحتى دخل هون ؟ والله انكم اغبياء  	True	NEG	msa	1
1500	اطلبوا الحوائج بعزة الأنفس، فإن الأمور تجري بمقادير الله.	False	POS	msa	0
1501	"بعد هجوم ""السوشيال ميديا"".. أول رد من ""الآثار"" على أزياء موديل ""موكب المومياوات"" https://t.co/xwpii68wpA https://t.co/wKDniXByKm"	False	NEU	msa	0
1502	رحبوا معي بددسني عقب غياب سنه فالحدبه https://t.co/bHUqewM28J	False	POS	gulf	0
1503	لن أكون في ندوة توعوية لسرطان الثدي يوم الأحد القادم تقيمها جينيرال إلكترك بالتعاون مع جامعة الفيصل :( لأني مسافر  	False	NEG	msa	0
1504	كل الإنتظارات لرسائلك ، لا تتأخر     ُ   .@paaet__2019	False	POS	msa	0
1505	على كل مزدوج إيراني وسعودي وعراقي وسوري ومصري وأمازيقي أن يعود على قاربه ويعيش الكويتي البيوووووووووووووورررررررر عشون عيل!  	False	NEU	msa	0
1506	الانانية وحب التملك هي صفة غير جميلةقد تشوه حياة صاحبها وتنّفر منه حتىاعز الناس اليه..	False	NEU	msa	0
1507	قرفتيني حرفيا .	True	NEG	msa	0
1508	الجمهور المدريدي يطالب برحيل مورينهو ,, والجمهور البرشلوني يطالبه ب الاستمرار  	True	NEG	msa	0
1509	ينوكل اقسم باللهhttps://t.co/6ZQWCCYRg0	False	POS	msa	0
1510	"الشخصيات ""الزنانه "" اقترح تتم عملية ابادية جماعية لهم !"	False	NEG	msa	0
1511	ممثل ومتحدث #وزارة_الداخلية مش عارف أن والد الطفل تم حبسه 4 شهور بدلا من إبنة المحكوم ضده ذو الأربع سنوات #زمن_الهلس	True	NEG	egypt	1
1512	الاشياء السيئه تصير لي فوق بعض ماتعرف تجي بالدور  مع الاسف.	False	NEG	msa	0
1513	إذا كانت حرمه تكره رجال لدرجة الموت تراها كانت تحبه لدرجة الموت ツ   #حقيقة #سحقاً	False	NEG	msa	0
1514	تم الكتم بنجاح ..👌😊	False	POS	msa	0
1515	اي دائره انتو @laI7ubkk	False	NEU	msa	0
1516	لل ناس اللى بتقول عجلة الانتاج لازم نبطل مطالب, احب اقولهم العجلة مخرومة من زماااااااااااان وعشان خاطركم عايزينها تيوبليس   #Tahrir	True	NEG	egypt	1
1517	يارب ابوي مايدري اني ابطلت صوتيبالانتخابات :) https://t.co/GwR5QpIDPP	False	NEU	gulf	0
1518	كل الشوارع و المباني اللي مش هدخلها تاني.	False	NEG	egypt	0
1519	"🚨 - الرياضية:شارك اللاعب ""جيوفينكو"" في تدريبات الفريق بعد تعافيه من الإصابة. •وعلى الجانب الآخر فإن اللاعب ""جوستافو كويلار"" يعاني من إصابة بعضلة الساق وينتظر أن يخضع للفحوصات الطبية للتأكد من إمكانية مشاركته بالتدريبات الجماعية. https://t.co/57UBSYzGwI"	False	NEU	msa	0
1520	كل هذا الضرب ومتحمل الولد وما نزل اسم الناصريه #الناصرية_لن_تخضع https://t.co/X77IlEg73Y	False	NEG	msa	0
1521	يا قمر بني هاشم يا عشقي عباسي 😍💝💐✨ https://t.co/JKmU3lcCea	False	POS	msa	0
1522	الليبرالية مشتقة من ليبرال وهو أحد أصنام بني قينقاع التي كانو يذبحون المسلمين عند اقدامها. انشر تؤجر #الليبراليه_الحقيقيه  	False	NEU	msa	0
1523	صوتي اليوم لواحد .. ودعائي اليوم لخمسين نائب✨✨اللهم ارزقنا بخمسين نائب يخافون الله فينا وفي هذا الوطن الغالي .. اللهم ولّي علينا خيارنا اللهم آمين يارب العالميناللهم احفظ الكويت وبلاد المسلمين وانت خير الحافظين اللهم انفع بهم البلاد والعباد ..#مجلس_الامة_2020	False	POS	msa	0
1524	حسافه على موضه الحواجب الخيط	False	NEG	msa	0
1525	وَأحْسِنُوا إِنَّ اللَّهَ يُحِبُّ الْمُحْسِنِينَسورة البقرة / الآية 195 https://t.co/zDhhrhuNkV	False	POS	msa	0
1526	التيليفزيون ده حرام..و الأباجورة دى حرام..و الثلاجة دى حرام..و البوكسر ده حرام #Salafi  #Egypt   	True	NEG	msa	0
1527	الكل صار ممسحة للحزب كرمال رئاسة ياعيب الشوم وين صارو حزب مشا بلد وزعماء وراه  	False	NEG	msa	1
1528	اهنئ الشفافية اللي عندنا لدرجة انه القضايا في عدالة تشوفها كاملة وبدون دفع أي ريال -.-  	True	NEG	msa	0
1529	إحنا هانضحك ضـحك للركب ,, شـوفـوا ردود أفـعـال النشطاء والنكسجية بعد كلمة شفيق ,, يابوووووويااااااا أولهم طبعآ #الدواسة كلاف المواشي , وحـنـديــن , وخالد بو صباع #شفيق_ضاع ,,  	True	NEG	msa	1
1530	عارفه بس انا اسال على المناهج الجديده هل بيختبرون القدرات او لا توقعات الناس يعني لان وزارتنا مره كويسه :)  	False	POS	gulf	0
1531	جين جين جين جينيييياااااه	False	NEU	msa	0
1532	مرسى هيبقى شخصيه العام لعام 2012 تصدقو احنا اللى ناكرين الجميل دا الراجل زى الفل	True	NEU	egypt	0
1533	"انا ضد اعلان ""ملوخية و فرخة محمرة "" بتبين ان الست مجرد طباخة للراجل ! انا ضد الاضطهاد ! #فيمينست_ستايل لوولز  "	True	NEG	msa	1
1534	اعزائي الوطنيين اللي كانوا ضد الثورات ومع احترام القانون .. اللي يشوف موقفكم من احداث مصر يتعلم منكم الصدق والثبوت على المواقف !!  	True	NEG	msa	0
1535	مليت عاد متى اداء بانقتان	False	NEG	msa	0
1536	اللهم احفظ وطني الكويت وعائلتي فهم اغلى ما عندي ❤️مساء الخير 🌹🇰🇼 https://t.co/ciepau9Sus	False	POS	msa	0
1537	سرعة دوران الايام مخيفة فكن روحا في السماوكن أنت في الارض خليفة https://t.co/2zJJPTv8eu	False	NEG	msa	0
1538	اللهم انبتها نباتاً حسنا.....#ايش_يحبون_البنات https://t.co/u9rxWKQcVm	False	POS	msa	0
1539	محد ينطاق صراحة يا الله اسألك بناس جدد عدلة في حياتي😷💔	True	NEG	msa	0
1540	فقط في #جامعة_الملك_فيصل معامل الدراسات العليا ما فيها ماء ، يعني شلون نشتغل بالله حصري  	False	NEG	msa	0
1541	#النسويات_حثاله_المجتمع   اللهم اغنني بحلالك عن حرامك وبفضلك عن من سواك يذالجلال والاكرام اكرمني وارزقني واعني يارب وكل من قال امين رتويت الله يرضى عليكم لعل وعسى فاعل خير يعينناً لا اله الا انت سبحانك اني كنت من الضالمين	True	NEG	msa	0
1542	في الإعــلانات عن منتخب مصر بيقولك إيييييييييه : مصر مش هاتتفرج بس ,, مصر هاتشارك و موسيقي فخيمة كده , تشدك ,, لا ياروح أمــــك مـنـك لـــه , مــع #إتحاد_الكرة_المصري_المعرص >>> مـصـــر بـتـتــســــرق . #الفساد_تاج_علي_رؤوس_المعرصين  	True	NEG	egypt	1
1543	هاهاهاهاها الاخوان طلعوا هيرشحوا الشاطر عشان أبو الفتوح مش هيكسب هاهاهاها  	True	NEG	msa	1
1544	بيقولو للعيسوى رجال الشرطة قتلوا الثوار قالهم كدابين الداخلية مفيهاش رجالة #moi    copied	True	NEU	egypt	0
1545	محلا اللقى وياك؟	False	POS	msa	0
1546	غدا عيد العمال الرجاء من العمال عدم ازعاج الموظفين والمدراء الحكوميين وعدم ازعاج مسؤولين نقابة العمال . إشتغلوا بهدوء مع عدم الازعاج   #رڜٱد®✓	True	NEU	msa	0
1547	تانى جالى حظر باكات الوضع كده مش مظبط الناس دى عندهم مشاكل شخصية معايا انا شخصيا 😂 #المعلم_بفلو_دعم_السبت	False	NEG	msa	0
1548	بدوش يتصور مع الشجرة طيب☹😢❤❤❤❤❤	False	POS	gulf	0
1549	الذين يتباهون بطول ألسنتهم، وقدرتهم على إنتقاد الناس وتجريحهم ..يقول الحبيبﷺ (إن أشرّ الناس منزلة يوم القيامه من يتقيه الناس مخافة لسانه)	False	NEU	msa	0
1550	اععهععع، بصيح احبهم خلاص بناضره من جديد 😭. https://t.co/OWYuKV2VfM	False	POS	gulf	0
1551	تقلد أسلوبي صح لما قولتلك مستأنس و انا امسخرك ههههه جيب يالا ورقه و قلم و اكتب اُسلوب سيدك احمد يا بروزه يا   هههه	True	NEG	gulf	1
1552	#سُخرية لم يَفلح العَالم المـُتنمر أن يَكون مَسئولاً عَن بؤسك ، فقط يُعيدك وَ قد أصبحتَ سميكاً بِه .....! سيد الجياع	True	NEG	msa	0
1553	"لو على مذيعين الاخبار يبقى الأمر هين .. مرة خطيب شاب فى الجيزة بيقول على المنبر "" يا عم فكك بقى من الشغل ده "" تخيلى يا عم فكك على المنبر   وربنا .. ده بخلاف بئا واللهجة القاهرية دى"	True	NEU	egypt	1
1554	أغامربركوب البحرفيهدر التيارويقتلعني موج الهجرفأغرق ولا يسعفني القرار♥️	False	POS	msa	0
1555	كىىىىم الحاله مارح افتح الانستا ولا اي شي اسبوع كامل عشان اركز بالمذاكره وتعديل الدرجات الخرا هممففف	True	NEG	msa	0
1556	مو مُهم البعد الحُب شعُور ..	False	POS	gulf	0
1557	  تعليقا على قرار غلق المواقع الاباحيه و«ياللى ساكت ساكت ليه.. مالى هاردك ولا إيه»	True	NEU	egypt	0
1558	الجاسوس الاسرائيلى #عزام_عزام افرج عنه بعد فضاء 15 سنة وصار بطلاً فى اسرائيل واليوم الحكم بإعدام ستة مصريين للتخابر مع الشقيقة #قطر	False	NEG	msa	0
1559	إنتباه: عم نفكر نغيير اسم المجموعة من صوت النسوة، لصوت، لأن كلمة نسوة فيها كتير مبالغة. #هاها   #طلعت_ريحة_التحرش	True	NEG	msa	0
1560	فيه مصادر بتقول أن سبب زيادة قطع النور أن السيسي بيشحن نور عنيه إستعدادا للإنتخابات. #مسر  	True	NEG	egypt	0
1561	بسم الله الرحمن الرحيم 😳 https://t.co/ovFRuCv2v9	False	NEU	msa	0
1562	شـــعـــــــار #إتحاد_الكرة_المصري_كله_معرصين .. مــش أحــسـن مـانـكـــون زي إيـطـالـيــا إللــي مــاراحــتــش الـمـونــديــال .. #التعريص_تـاج_علي_رؤوس_الفاسدين  	True	NEG	msa	1
1563	ياخي ظلمت الميزانية و الجرد السنوي , وقولت إنهم السبب في الحرايق إللي ورا بعضها دي ,, إخييييييييييييييه عليا ,, أنا وحش وحش وحـ.... معبر رفح مفتوح علي طول , بتقول إيه ؟ باقولك معبر رفح مفتوح علي طول ,   ومحتاجة #مشخرة	True	NEG	egypt	1
1564	أناس أفنوا حياتهم بحثًا عن المعلومة... ويا عبداللطيف الله يهدينا وإياك تبيها تجينا باردة مبردة وبالتلفون؟!؟ أتعبنا الكسل... :)  	True	NEU	msa	0
1565	وبعدين يا شهيد ياللى مت فى الشارع .. رصاصه ماشيه بتدلع وقفت قدامهاا ليييه يا عم ...!!  	True	NEG	egypt	0
1566	الملا كل واحد بعيد عن البرشا يسولف وايد ولا قطه القدر والقرعه معانه يبلع العافيه وسبوع ماينام   القدر #فواز	False	NEG	msa	0
1567	هكذا لاعبى #الاتفاق لايوجد لديهم روح ولا قتالية ولا حماس ولا احساس ولا غيره مهزله ومسخره لكل الفرق وإدارة فاشله لم تأتي بجديد وبقائها في الرئاسة سيضع النادي في دوري المظاليم . #خالد_الدبل انت مجرد شخص   سيتحدث عنك التاريخ في كل زمان ومكان	False	NEG	msa	0
1568	"أمس قيل لي : "" عجبت ممن عرفك كيف تركك"" الحق أنها قيلت لي مرارا وأحق منه أن من قالها تركني   #ق_ق_ج"	False	NEU	msa	0
1569	صحيت من النوم وفيني صداااع رهيب 💆🏻‍♀️	False	NEG	msa	0
1570	انا أنتظر الدنيا تقول سبرايز هذي مو حياتك كنا نمزح معاك.😐	False	NEG	msa	0
1571	لا ترحم احد عندما تكون قائداً ، الحياة لم تصنعك لتكون حنوناً على علم في زمن الجاهلية ، ابتسم وقاوم ودع الحياة فوضوية الاهم ان تنتصر هل هذا واضح ؟🦆☁️🌟.	False	NEG	msa	0
1572	اختبار تحليل الشخصية هذا النوع أصبح معتمد في الاختيار والتعيين وتقلد المناصب في المؤسسات.https://t.co/Jd39C9Z3kP…	False	NEU	msa	0
1573	بريطانيا: تعرض سفينة لهجوم قرب شواطئ اليمنللأطلاع | المهرة بوست https://t.co/9KWWdg57We https://t.co/t5w2zHBQRU	False	NEU	msa	0
1574	ماسر عايشة على تحويلات المغتربين اللي حطاهم على قوائم ترقب الوصول !! #العسكر  	True	NEG	egypt	0
1575	#برت باختصار رجعوهم من الحج ... لان الوحدة الاسلامية والوطنية أهم من وقفة الشيعة فعرفة   ..	False	POS	msa	0
1576	كرهتيني عيشتي والله شكرا الك	False	NEG	msa	0
1577	#سياكل_سمائل إنزين هل سيتم إنشاء خط سريع جديد( مسقط-سمائل) مزود بالرادار لقائدات السياكل !   ﻟﺂ اكثر *-*	False	NEG	msa	0
1578	نفس الشعور,,لان جلساتهم تثير الغثيان وتكشف الوجه الحقيقى لنخب ليبيا السياسيه ,,   مريره 	False	NEG	msa	0
1579	حكم #مرسي النهاردة   مؤبد و15 سنه وبراءة اشوف البراءة عن تهمه ايه؟طلعت عن الحصول ع مستندات للتسليمها للجهات اجنبيه..الا هي تهمة التخابر	False	NEG	egypt	0
1580	وصل عفاش معزي الى شبوه وضجة مواقع ألتواصل بالشتم والسب لشبوه،، أليوم يتضح وحسب مصادر مؤكده بوجود قوات من ألحرس الجمهوري يتم تدريبها في عدن وتحديداً بئر أحمد؟وتشير الاخبار الى انطلاق تلك ألقوات بعد تجهيزها نحو صنعاء، وبدعم من ألمقاومه،ألجنوبيه؟  	False	NEG	msa	0
1581	لا اله إلا الله،، كملنا فطور و بندوا علينا الكهرباء  #شكرا_وزارة_الكهرباء_و_الماء   	False	NEG	msa	0
1582	الانسان محتاج يخس	False	NEG	msa	0
1583	كان متعرض للأمير وانحكم والآن عليه حكم اقتحام مجلس الأمة ٩ سنوات وعندما يسلم نفسه بالمنفذ رجال أمن المنفذ يقبلون خشمه   #عجبي	True	NEG	msa	0
1584	اخ ياحلم ياحلو لييييت م صحيت منه. ❤️❤️❤️❤️❤️❤️❤️❤️❤️❤️❤️❤️.	False	POS	gulf	0
1585	♡''كل فكرهَ ابداعية : يقابلها الناس بثلاثة مراحل   ثم #مقاومة ثم #تقليد آعد قرآتها ...	False	NEU	msa	0
1586	تقديري ان اي معيار  علمي دقيق سيبين انه باستثناء العصابة وحواشيها، جميع المصريبن اصبحو بسبب سياسات شر الدواب وعصابته، فقراء معدمين	True	NEG	msa	0
1587	مداخلة مجدي #مقشة مع معتز الدمرداش في تسعين دقيقة مع بعض الصحفين الشبان كانت اقل ماتوصف به انها   اتهامات متبادلة شرشحة أما آن الأوان لنتخلص من هذا الكابوس:مجدي عبد الغني ومن كل اتحاده الفاشل بل والفاسد أيضأ؟	False	NEG	msa	1
1588	انا صراحه ارفع راسي لما اشوف ناس تكتب كتب مثل هذي يعني صدق فيها ابداع و و كلنا لازم نتثقف والاضعنا في صنع ايدي اليهود  	False	POS	msa	0
1589	هربت من السعودية ورحت في مكان بعيد في لندن عشان يجي سعودي من بين الخليقة ويسألني -أنت طرش؟  	True	NEG	msa	0
1590	انا يومها استغربت بعد اعلان النتيجة و اهاااااات التحرير , المرشد يعلن انه حل مرسي من البيعة ,  	False	NEG	msa	0
1591	تدري وش اكثر شي خلاني اهواكحبك و عطفك والغلا و التفانيوتدري وش اللي مايخليني انساكخوفك علي وتضحياتك عشاني	False	POS	msa	0
1592	مثلا لو خيرووك تشرب خمر 🍾🍻او تعيد الدراسه من اول ابتدائي✍🗒عن نفسي شباب كثرو الثلج وشغلواابو بكر سالم يازارعين العنب 😂👏🕺👏😂😂✌	False	NEU	gulf	0
1593	انت تدري انه لو اخذها اتلتيكو يكون الفارق بينه وبينكم 1/5 اقل من الفارق بينكم وبين الريال 5/10	False	NEU	msa	0
1594	"كان كلُّ شيء واضح من البداية ،، كانت الأحداث والتصرفات جليَّة ومفهومة من زمن ،، لكن كان هناك كثير من ""حسن الظن"" و قليل من "" العشم"" بأن لا يمكن أن يحدث أي شيء سيء أو معيب . لكن  "" كنت أظن وكنت أظن و خاب ظني "" #غرق_الغرقان_أكثر"	False	NEG	msa	0
1595	اسكتي امون مابغيت اصدمها اني كنت احسبها غرفة المولدات الاحتياطيه حقت الكهرب   #lol	False	NEU	msa	0
1596	لروسو رأي ينتقد فيه ديموقراطية الانجليز، يقول فيه أنهم أحرار فقط في يوم الاقتراع، اما بعدها فيصبحون بلا حرية!رأي قد يكون متطرف قليلاً، لكن فيه من الصواب الكثير.لذلك أستثمر يوم #حريتك هذا جيدا، اما أن تتحر دائما بنائب يمثلك جيدا أو قرار يستعبدك لحين من الزمن.#امة2020	False	NEG	msa	0
1597	"كاتبين باحد المواقع ""لو ادينا الفرصة لحسني مبارك يروح يصوت تتوقعوا هيرشح مين ؟؟"" انا بقول حيرشح حاله! ف-لوووووووووووول #Pun   #haha"	True	NEG	egypt	1
1598	خالد إيش قلة الأدب ذي ممنوع تعبر عن رأيك وبأي حق تعبر عن رأيك وكمان إللي يعجب الناس غصب يعجبك الشغلة مو على كيفك المفروض لأنه ما يزعج ناس كثير أنت ما تعبر عن انزعاجك لكن تعبيرك عن انزعاجك عادي ينزعجون منه  	False	NEG	msa	0
1599	النفسية محتاجة ديربي مع النصر لو ودية 😂😂😂😂😂	False	POS	msa	0
1600	لا صدق جودة الحفل ما تنطاق يت تراكم حفل كبير شوي ارتقوا بالجودة ترا يقرف	False	NEG	msa	0
1601	قطيع أغنام يتسبب بمشاجرة في الكرك ... و الحصيلة خمسة اصابات بأعيرة نارية إحداها خطيرة #JO  	False	NEG	msa	0
1602	الله يوصلكم بالسلامة يا رب ما أجمل مطاراتنا وخطوطنا، كل شيء في غاية النظافة والترتيب ماشاءالله. دام عزك يا وطن  	False	POS	gulf	0
1603	رجعت يا الكلب ما يحب الا خناقه بسرعه على المعرف الثاني طوشي الغوار دا انت   مثلك مثل #برسيم_مصاري	True	NEG	egypt	1
1604	تصريح بن سلمان الغرض منه اتهام امريكا بنشر الارهاب باسم الاسلام الوهابي والذي يدعون محاربته اليوم ومازلت امريكا تتبع هذي السياسه في نشر الفوضى في العالم الاسلامي وتفكيكه والسعوديه البئه المناسبه لهذا الارهاب وتصديره واليوم يعقدون تحالفات اسلاميه امريكيه لمحاربه الارهاب  	False	NEG	msa	0
1605	- عزيزي العربي: فعلاً انت لست هندي! فالهندي حاصل على تسعة جوائز نوبل في الفيزياء والاقتصاد والطب كما ان لہ صاروخ في الفضاء من صنع يدھ  	True	NEG	msa	0
1606	شهر 3 الظاهر انه معلق،،،واحد يطفيه و يشغله خل يمشي شوي . . انصدم لمن اشوف هالحجي يطلع من رجال كبير #حرام  #شوية_عقل	True	NEG	msa	0
1607	ومازلت اكتشففففف في كل لحظة ان الدنيا صغيييرة جدا لا ابحث عن شئ..يأتيني إلى تحت قدمي   القدر	False	NEU	msa	0
1608	فتحية أحمد - يا قلبي عمري ما شفتك https://t.co/lxl51nxa5Q via @YouTube	False	POS	msa	0
1609	ما الحال يا كُل حالي؟	False	POS	msa	0
1610	نواب #البحرين قرروا تكوين منتدى عربي لمواجهة التدخلات الايرانية لا مشاركين فيه غيرهم حيث لم ترسل الدول العربية ممثلين لها اليه  	False	NEG	msa	0
1611	"يعجبني من يغرد بحكمٍ لقمانية، ولا يضعها بين علامتي اقتباس، أو حتى كتابة كلمة""منقول"". أحسه منسجم مع واقعنا المعاصر.  "	False	NEG	msa	0
1612	تموروووو يجننوونننن	False	POS	msa	0
1613	بما ان الجوامد تتمدد بالحرارة وتتقلص بالبرودة ليش شارع الستين في الصيف مايصير شارع الواحد وستين !؟   #مجرد_تساؤل	True	NEG	msa	0
1614	"وزارة الصحة الفلسطينية تنفي ما ورد في بيان مزور منسوب لوزيرة الصحة د. مي الكيلة حول ""الإغلاق الشامل""."	False	NEU	msa	0
1615	التغطية الإعلامية في مصر خرا وحاجة في منتهى السوء. كمية الكوارث اللي بتحصل بشكل مستمر دي وماتلاقيش محطة واحدة فكرت تعمل بث مباشر ومتابعة فورية، كله مستني ياخد تعليمات أنهي معلومات اللي تطلع. اللي هو طب هخلص عشا وأطلعلك على هناك والناس تفضل تخمِّن.  	False	NEG	msa	0
1616	#ابو_طرود_الخير طلعت القصة كلها مجرد ستار مشان تتحرك سيارات الدخان براحة ويسر #فضيحة_الدخان  	False	NEG	msa	1
1617	إلى كل المجتهدين البتذاكر من أول السنة عشان امتحان سعتيين ، فين كرامتك ؟؟  	True	NEG	msa	0
1618	أسعد الله مسائكم بكل خير	False	POS	msa	0
1619	وستنتهي #مفاوضات_السلام بدون سلام! وستبدأ رحلة البحث عن بلد آخر مناسب لمفاوضات جديده! وياحبذا لو تكون تناسب أذواق راقصين البرع ..!!  	True	NEG	msa	0
1620	مندوب تنسيق توصيل هدايا  #علموني_كيف_احب https://t.co/DQV11GGnZb	False	NEU	msa	0
1621	هذا نسيم الربيع او ايششششش 😭	False	POS	msa	0
1622	"٨٠٠ شهيد في #سوريا منذ مبادرة عنان! و مازال وقف إطلاق النار ""الحذر"" مستمر!   #syria"	False	NEU	msa	0
1623	جوز عصافير ياخراشى😍😍😍أمك مابتعتقشى ياتيمو https://t.co/01mFuMF8f4	False	NEG	egypt	0
1624	#تخيلوا_مدارسنا_مختلطة المشكلة شفناكم في المدارس السعودية في الخارج كل واحد في حاله وأدب وإحترام مافي قلة حياء وكل شخص يلتزم حدوده :)  	False	NEG	gulf	0
1625	كل تبن و شوف علم ايران اللي انرفع في بلادك غصبٍ على خشمك و خشم الدب الداشر و لا هو كفو يقول لهم شي اقترب الفرج يا اهل #السعودية هههههههه  	True	NEG	msa	1
1626	لفتني بالأخبار قال الدول الأوروبية تضامنت مع بريطانيا و طردت دبلوماسيين روس من أراضيها... ونحن العرب منتضامن مع الدول الأجنبيية لندمر البلدان العربية ونهجر شعوبنا ونجوع أطفالنا ونهجر شبابنا... وقال شو نحن الأمة العربية  	False	NEG	msa	0
1627	الشتاء خلص ؟	False	NEU	gulf	0
1628	هل سيكون تأخير 19 يوم من #الباكالوريا يكفي لاستدراك ما فات في ثلاثة أشهر ؟؟؟   #مينو	True	NEG	msa	0
1629	"#الدعاءُ ما أعتقد في كلمة أحنّ وأرقّ من كلمة ""دعيت لك"" يارب كثّر الأشخاص اللي ما ينسوننا في دعائهم لأن الدُعاء أصدق علامات الحب، وش فيه أكثر من أن الشخص يتمنى لك الخير وحتى في لحظات الدعاء تخطر على باله  🤍🤍🤍🤍"	False	NEU	msa	0
1630	""" فزعة الرجال لابن العمومه فرض عين "" 💯💯💯💯"	False	POS	msa	0
1631	تدعي القلوب بما تشتهي فيستجيب الله بما هو خير لها	False	POS	msa	0
1632	حين يقول لكِ أحدهم أحبك ِ لا تسرحي بعيداً وتفرحيفكري جيدا ً.بحبك كلمة كبيرة بدها أسيادها.لي بحبك هو لي مابيتركك بوقت مرضك بيسهر على تختك بلمستشفى.لي بحبك ما بينسى ادق تفاصيلك بحب سيءاتك قبل حسناتك .لي بيهتم بأدق تفاصيلك  .لي بيسرق دقيقة من وقته  ويسأل عنك هيدا هو لي بحبك https://t.co/hLmXZ3HqB2	False	POS	msa	0
1633	ولن يبقي لك شيء الا نفسك التي كنت تحطمها...	False	NEG	msa	0
1634	#الاهلي_ضمك_دوووري_المحترررفينليكن وجهك باسماً وكلامك ليناً،1xOXr	False	POS	msa	0
1635	قصدى إنها بتجوز و تخلع و تجوز و نخلع و تجوز و تطلق و ساعات بتجمع بين إتنين شرشر بقى تقول إيه فبتبتدى السكة بدرى شوية  	True	NEG	egypt	1
1636	يا سلام عليكوا و انتوا جايبين م الآخر !   قمة في التخلف و عاملين نفسهم مفتحين !	True	NEG	egypt	1
1637	ترا شخصياتكم حلوه على الطبيعة لا تتصنعون !	False	POS	gulf	0
1638	خاف من إللي إتكلم على حد قُدامك ولما شافه خدُه بالحضن🤚	False	NEG	msa	0
1639	ما أكثر الناس وما أندر الإنسان — ميخائيل نعيمة	False	NEG	msa	0
1640	زي ما إحنا شايفين أن حملة الدكتور مرسي مهتمين جدا بالترويج للبرنامج الإنتخابي ومشروع النهضة وليس كلام عام مثل تطبيق شرع الله..  	False	NEG	msa	0
1641	#الى_احدهم لا بد لأحد العاشقين أن يفيق قبل الآخر.. من يسبق؟! ومتى؟! هذا هو ما لا يسعنا تحديده.  	False	NEU	msa	0
1642	اعلام #زميره هذا ديدنهم منذ الأزل اعلام ابو ريالين وقد أخبرنا عنهم ( كبيرهم شايب الدلم) يدخلون في الذمم و يتهمون خلق الله بلا دليل ولا حسيب ولا رقيب ويعلمون انهم يكذبون ويعلمون انهم مكشوفين ،لكن اكل عيش كما قال احدهم بل خبيرهم الذي علمهم فن المهنه	False	NEG	msa	1
1643	متابعتنا لك ليس تأييد بل #شماتة و   عرفنا توجهك السلفي الوهابي فلذلك نحن مع علمنة الدولة أما دينها فلا يشرفنا أن نتبعه #ارتاح	True	NEG	msa	0
1644	شكل البنت لما تكلمك باليل وتواطي صوتها -انوو -عامن ايه -نود عليا -مش عايز تنود -طب سنام سنام  	True	NEU	egypt	0
1645	احتجت اليك بين سكوني وصمتي ياصوتاً عشقه روعي واختلط به جذعي  فكنتُ من قبل لم أكن... https://t.co/ygKC4XGrKJ	False	POS	msa	0
1646	عندك مانهوا ترشحه لنا — ما اقرا مانقا والله بس اتابع  https://t.co/CQAHdnPPUR	False	NEU	gulf	0
1647	البينكزكزكزكز	False	NEU	msa	0
1648	الوليد مع محاولة اقناع المشاهد ان بداياته كانت من الصفر ههههههههههه نسى طال عمره الشرهات السنوية اللي تمشي لهم  	True	NEU	gulf	0
1649	يااارب فهالمطرر💗	False	POS	gulf	0
1650	- الستي يلعب نصف نهائي الأبطال ميلان و ليفربول يصارعون على كرسي اوروبي ..   القدر ،	False	POS	msa	0
1651	اللهم إن هناك ضيقه بقلبي ولايعلم بها احد سواك ف يارب ابعد عني كل ضيق وارح قلبي .	False	POS	msa	0
1652	ويش النجومية الي فيها .. ! لا نجحت في أفلام ولا نجحت في أغاني ولا نجحت في أزياء .. وين النجومية  	True	NEG	msa	0
1653	""" هناك شيء قد أنطفأ في قلبي للأبد ، شيء لن يعود كما كان مهما حاولت ""."	False	NEG	msa	0
1654	هدول بيرجعوا للأسد بعدين ببيعوهن لك وين كل هالمخازن السلاح والمستودعات والصولريخ معقول مافيهن يضربوا ضيعة علوية او مؤيدة  	False	NEG	msa	1
1655	كان الجناسي تجيب الفوز للمطران بين الاوايل كراسينا و مجلسنا ✅ https://t.co/bHMdm6JjWU	False	POS	msa	0
1656	من يقول أن هيثم منّاع عميل للنظام ! من الممكن أن يكون قد قتل أخوه للتخفّي والمرواغة أيضاً #tanseeq #Syria  	False	NEG	msa	0
1657	تذكرت جلسة قانون التحقيقات و الاعضاء الذين عارضوا القانون. وانا اشاهد لسان حالهم اليوم وكانهم يقولون ارحموا عزيز قوم ذل.   الاقدار	False	NEG	msa	0
1658	من مساخر مصر أن عدد الذين صوتوا للمتسابق المصري في برنامج ستار أكاديمي أكثر من الذين صوتوا لرئيس الجمهورية!  	True	NEG	msa	0
1659	تبقى دائما الأحب لقلبي🖤.	False	POS	msa	0
1660	اول اذا تكلمت علئ امير رحت ورا الشمس .. الحين تكلم على الكواريا . تروح ورا الشمس  	False	NEG	msa	0
1661	بلاوى بتتحكى عن مستشفى 57357....اما هم بيعاملوا الاطفال المرضى بالشكل ده اومال احنا بنتبرع لمين؟ عشان تعملوا بيها اعلانات؟!!	False	NEG	egypt	0
1662	الحب الحقيقي هو الحب اللا مشروط وبعد البحث والتفكير والتأمل والمقارنة والصمت الطويل أدركت أنه حب الأولاد والاخوة والاصدقاء والنفس وقبل كل شيء هو حب المخلوق للخالق وما سوى ذلك إن هو الا وهم.	False	POS	msa	0
1663	اذا قلت ذبه عند صديقاتي https://t.co/SFDWmh0tHN	False	NEG	gulf	0
1664	أداااء تمووورووووو	False	NEU	gulf	0
1665	ويوما ما ``ستبحث عن ضحكاتي وكلماتي واحاديثي فلن تجد مني سوى الذكرى 💔 https://t.co/k8kANfdtPp	False	NEG	msa	0
1666	وَقَوْلِهِمْ إِنَّا قَتَلْنَا ٱلْمَسِيحَ عِيسَى ٱبْنَ مَرْيَمَ رَسُولَ الله وَمَا قَتَلُوهُ وما صَلَبُوهُ وَلَٰكِن شُبِّهَ لَهُمْ  وَإِنَّ الذين ٱخْتَلَفُواْ فِيهِ لَفِى شَكٍّۢ مِّنْهُ مَا لَهُم بِهِ مِنْ عِلْمٍ إِلَّا ٱتِّبَاعَ ٱلظَّنِّ وَمَا قَتَلُوهُ يَقِينًۢا (157) النساء	False	NEU	msa	0
1667	يونجوننننن يجننن	False	POS	msa	0
1668	"انا لله وانا اليه راجعون انتقلت الي رحمه الله تعالي ""حرم"" فضيله مولانا الشيخ الطيب شقيق فضيله الإمام الأكبر الشيخ احمد الطيب شيخ الأزهر خالص التعازي ال الطيب بالقرنة الأقصر ابناء عمومتنا وكل الساده الإشراف            ال العقاري https://t.co/IHEYO4Qvyq"	False	POS	msa	0
1669	#يؤسفني_أن_أقول تقبل أيام قدمت إجـازة ثم ترددت وتراجعت عنها .. ويبدو سأتقـدم بها #حقيقة  	False	NEG	msa	0
1670	بخرج من بيتنا ورده مفتحه برجع بطه مكسحه 😂	False	NEG	msa	0
1671	نحتاج الى جمعيه تحمي الحقوق الفكريه! حتى الأفكار أصبحت تتعرض لعملية (الكوبي والبسيت)  	False	NEG	msa	0
1672	مبروك يا شعب الكويتي العظيم.. مبروك علي التنمية .. مبروك علي الارتقاء بالتعليم و حل مشاكل العالقه! مبروك علي التغيير  	False	NEG	msa	0
1673	يا أستاذ لو قريت كل الأخبار عن حادثة أسانسير مستشفي بنها ,, مش هاتلاقي كلام تقوله, وزير الصحة لازم يتشـال فورآ , يُـقــال ,, ولا ننتظر إنه يقدم تقديم إستقالته. هو كده بدون تفكير, الموظف إللي مش شايف شغله يغور ف داهية. #شوية_بهايم  	True	NEG	msa	1
1674	#عن ناس اول حاجه بتيجى فى بالهم كتفسير لأى تويته .. الحب .فرحان؟تبقى بتحب ..مجروح ؟من فراق الحب ..مشتاق ؟..  	True	NEG	msa	0
1675	  أي ومسخرة كيف الشعب بعدو عم يصفق للحراميه السياسين وبيعرفو انون كذابين بس لما تكون الجيبة معباية مصاري كل شي بيهون	True	NEG	msa	1
1676	بانيٍ له بيت عامر ورا الضلع النحيلبيتٍ يستر صورته من شموس القايلة..ㅤㅤ	False	NEG	msa	0
1677	فنانين بيقهيت كاملين😗	False	NEU	msa	0
1678	يجيب المطر طاريك يا حيّ هالطـاري	False	NEU	gulf	0
1679	مش معئول نفس الفيديو يخليني احزن وادمع كأني اول مره اشوفه😔	False	NEG	msa	0
1680	والله محد داري فين زقتك الكلاب #السعودية لاتهدد .. تفعل فقط واذا ارادت ان تهدد فهي ستهدد دول وليس ...  	True	NEG	msa	0
1681	يسسس فزنا بأفضل رقص	False	NEU	msa	0
1682	بيبي يرقص https://t.co/wrX2IZkeGT	False	POS	msa	0
1683	اللي يخليك صابر أحياناً، على أي حاجه سيئه من حياتك هو إيمِانك بأنها فترة وتعدي.#كلنا_ااالدلمانيlaUlS	False	POS	egypt	0
1684	وإن ضاقت عليك الارض يوماوبِت تئن من دنياك قهرافرب الكون ما أبكاك إلالـتعـلم أن بعد العـسر يـسراذائقه 👌	False	POS	msa	0
1685	الشعر و العيون و الخدود الي يبي لها عض و الشفايف و اه https://t.co/JT1hGgbXDI	False	NEU	msa	0
1686	٩٠٪ من وقتي يكون مع ناس اكرههم مثل ربع الدوام و١٠٪ مع وقتي مع الناس الي احبهم	True	NEG	msa	0
1687	اهلييييييييين يوم السبت	False	POS	msa	0
1688	#النسويات_حثاله_المجتمع انشاء ايميل ،تسجيل مواعيد في المستشفى   دعوات إكترونيه ،زواج ،مواليد، لجميع مناسباتكم فتح حساب في حافز تواصل دايركت😍🤝.اتمنى تدعموني😔خدمتكم شرفُ لنا ❤️	False	NEG	msa	0
1689	انا اقترح ان برشلونة ينتقل اي دوري قوي لانه خرب الدوري الإسباني 7 مرات اخر 10 سنين ويحسم الدوري من الدور الأول	True	NEG	msa	0
1690	ابغا جاد اكبر من 35سنه يمسكني سبعاوي ويبدا يزغب فيني حتى يكب جوا ابغاه يدخله كامل بخرقي ويطلعه ويضربني على طيزي حتى تحمر ابغا احس بفحل ينيكني #موجب_المدينة #سالب_المدينة #اجنبي_المدينة	True	NEG	msa	0
1691	لو ما نطقت دموع عيني تبوحي 🎻  #طلال_مداح https://t.co/BLgfOYexuI	False	POS	msa	0
1692	"العزله ع قد م هيا وحشه بس بتبعدك عن الدنيا وقرفها.. """	False	NEU	msa	0
1693	ذاستيلر ريمكس هل انا احلم	False	POS	msa	0
1694	#كلنا_ااالدلمانيصبّاح الخير على الناس الحلوة، اللي تعوض لنا كل الأيام الحبيب الحبيبه اللي عشِناها.UYR5	False	POS	msa	0
1695	جيمين بيرفكتت https://t.co/XjTfQwvP9a	False	NEU	msa	0
1696	انت هتعمل ايه ؟؟؟ ... هنام !!! ... هتنام , ليه ؟؟؟ ... لا والله ف حلم جديد نزل , هشوفه وارجعلك  	True	NEG	egypt	0
1697	#الحوثيين يرفعون لافتات في صنعاء(ياقدس إناقادمون)قادمون لأين وكيف وأنتم القات أكسيرحياة لديكم  ,هرمنامن هذه الشعارات والترهات والهرطقات	True	NEG	msa	0
1698	بيقول أنهم لما اتعرضوا لهجوم من الطيران الإسرائيلي عملوا دفاعات جوية بالنظر يعني كانوا بيرقبوا العدو بالعين المجردة علشان الرادارات بتاعتهم كانت بعافية شوية  	True	NEG	msa	0
1699	#من_العجائب .. الـخـــروف ,, هـو الحيوان الوحـيــد الذي لا يـري أن مـصـــر مـهـددة من جميع الجـهـــات ,, ويركبـه الـعـصـبـي لـمـجـــرد سـمــاع كلمة : السيسي , مصر , تحيا مصر , وأخير تسلم الأيــادي  	True	NEG	msa	0
1700	تكفون يا عبس لـ سعد الصوتتقضبوا بحصانكم وإنتخوله 🔥✅الحضور مهم الله يرحم والديكم والالتزام .. الرجال والنساء ✅سعد الخنفور ✅#انتخابات_مجلس_الأمة_2020 https://t.co/6Y2uPAxT7M	False	NEU	msa	0
1701	مساء الاكتفاءْ بكِ	False	NEU	msa	0
1702	طيب هذا فرع من هذاك الهاشتاق اللي نعرفه والا بتطلعون لنا بعد شوي تقولون صفوا النية تراه اسم ممثلة 🌚  #_رحتي	False	NEG	msa	0
1703	"""بعبع"" الإغتيالات: سيناريو ""بوليسي"" خشية الإنفجار الإجتماعي https://t.co/05FTa4Gmw9"	False	NEG	msa	0
1704	#مرررررررزووووق_فاااااااالح_الحببببيننننيالرؤوف،vUE	False	NEU	msa	0
1705	هوبي يثولف 🥺	False	NEU	msa	0
1706	لبنان بعمرو ما رح يتغير ... و متل ما ستنتجت من هالعملية الغبية لي اسما انتخابات إنو الشعب غبي بقوة ! #انتخابات_بطاطا   #معش_بدي_صلي	True	NEG	msa	1
1707	وزيرة الصحة: تسجيل 15 وفاة و 1422 إصابة جديدة بكور ونا خلال الـ24 ساعة الماضية. https://t.co/LhwDEMbDDt	False	NEG	msa	0
1708	الحديث مع الناس كالخياطه فأنت الخيط وكلامك الإبرة ان احسنت الخياطة صنعت ثوبا جذاباً وان اخطأت لن تجرح الا نفسك https://t.co/sxbaeu4wjB	False	NEU	msa	0
1709	أي مستقبل تعنيه و تلوح به بريطانيا!!؟؟ مقولة تذكرني بأوباما وهو يلوح بأيام #بشار_الأسد المعدودة ...  	True	NEG	msa	0
1710	اتمنى من قلبي اللك احلا وارق دمعة عين تجيلك جروح ودمع وهموم ماتدري منين !	False	NEG	msa	0
1711	وها هى بلدنا مصر كما تعودنا عليها وها هم حكام مصر اللذين تعودنا منهم على الصراحه والوضوح فى كل شيء #سيتم تنصيب السيسي رئيساً لمصر 	False	NEG	msa	0
1712	👱🏼‍♂️: شلونج؟👩: احاول اصير زينه ، وانت؟👱🏼‍♂️: افكر شلون اخليج زينه المهم ماعلينا منهم انتو تقولون كمبل و لا كنبل ؟	False	NEG	gulf	0
1713	انخمدوا وأريحوا ملائكتكم .. ولا يهمك يا صالح .. المرة الياية بكتب   عشان ما تخبص أوراقك	True	NEG	msa	0
1714	فاتني جزء من الحفل	False	NEG	msa	0
1715	خطواتي القليلة للبهجة💕🧡. https://t.co/MS0YGtavX5	False	POS	msa	0
1716	قال شو عندكن معلومات عن اللي بدن يتجنّسو خبرو الأمن العام محكمة دولية بإما و ابوا ما رديتو عليا بدكن تردو علينا؟ #لا_للتجنيس_لا_للتوطين  	False	NEG	levant	0
1717	البرلماان يا فوفس .. فوفس: إيييه برطمان إيه .. آآآه برطمان الطورشى فالتلاجه موش تقولوا كده  	True	NEG	msa	1
1718	#AlSudais   خخخخ عشم تبليس بالجنه الخميني مو فاضي لك ياعم لاهي بالتفخيذ والتمتع والمجون عساه يلحق يتسبح بس والله ريحته 	True	NEG	msa	1
1719	لووو سسمممححتتتتت؟؟؟؟؟ https://t.co/v8yZ4mNtCT	False	NEG	msa	0
1720	احّب قرِبك احّب وُقتي فيك	False	POS	msa	0
1721	يحق لك يوم مالك وسط قلبي شريكتسرح وتمرح ولاتحسب حساب وتزلأحاول اكتب قصيد عتاب وازعل عليك واذكر عيونـك واخليها قصايد  غزل  ♥️	False	NEU	gulf	0
1722	بغمض عيوني مابي اشوف	False	NEU	gulf	0
1723	مادري كيف اقول اشتقت لايام الحجر الصحي بدون ما احد يجي يصيح	False	NEG	gulf	0
1724	صار ما يغريني لا ويكند ولا عطله ابي شهر عسل😂	False	NEU	gulf	0
1725	المنفعة هي أن تمتلك جهاز تليفون واحد، الرفاهية هي أن تمتلك إثنان، البذخ هو أن تمتلك ثلاثة، أما النعيم فهو ألا تمتلكه بالمرة.  	False	NEU	msa	0
1726	بيني وبينك شوق وحنين https://t.co/aO2bbNHDWQ	False	NEG	msa	0
1727	ولذس؟؟!!!!	False	NEU	gulf	0
1728	ارتدائك لقميص زهري يثبت فعلا أنك واثق من ذكورتك و أنك أنيق.. و في نفس الوقت يبرز لون خدّيك  	False	POS	msa	0
1729	#A3lanalhoob انا يحبوا بابا، بابا يحبني *يوبي :)* انا يحبوا ماما، ماما تحبني *يوبي تاني برضه :)*	False	POS	msa	0
1730	1 / كيف يتم تصوير هذا الفيديو في ساحه متسخه لم يتم غسلها من سنوات !!؟ 2/ ضياع الحصص من اجل غرض تافه هو  !!!	False	NEG	msa	0
1731	جوالي بيطفي شحنه و انا برا انتظرهم و عارفه انكم سحبه محد بيعلمني اذا جوء عشان كذا قاعده ع البث	False	NEG	msa	0
1732	معليش بس انا صرت الخبط كتير.. هوا دا تويتر ولا فيسبوك؟!   #TwitterIsTurningIntoFacebook	False	NEU	levant	0
1733	و يجوز الدعاء على الكفار و المشركين لأننا لا نتفق معاهم ولا يوجد قيمة إنسانية لهم أبدًا كفار و العياذ بالله  	False	NEG	msa	0
1734	لكل داء دواء يستطاب به الا المستشرف عيت من يداويها	False	NEG	msa	0
1735	تعالو نوحد الصف : بس لحد يتكلم ع حزبي ولا حد يتكلم ع زعيمي ولحد يتكلم ع منطقتي !!  	True	NEU	levant	0
1736	"أهم مواصفات الكتكوت الجيد ""عالي الجودة"". 🐥#كيوفيتيك #صحة_الحيوان #دواجن #مزارع_الدواجن #مربي_الدواجن #كتاكيت #مواصفات_الكتكوت_الجيد #إنتاج #دجاج_بياض #دجاج_لاحم #بيض #أمراض_الدواجن #سالمونيلا #إيكولاي https://t.co/HdkvmqaMhI"	False	NEU	msa	0
1737	كيف كان الخطاب المنتظر الذي سيغير حياتنا الى الأبد؟؟... فاتني كان عندي شغل #Syria  	True	NEU	egypt	0
1738	قمة المهزلة إنه تنتقم من طالب او جروب فقط لأنهم طالبوا بحقهم مش اكثر .. دكاترة الاعصاب وعدوا فـ أوفوا ، شكراً لكم على شخصنة المواضيع  	True	NEG	msa	0
1739	اللهم العدم لكل شعور لا يطاق في قلب صاحبي	False	NEG	msa	0
1740	كل اللى بيحصل ده مش مهم، المهم النور بطل يقطع والميه بطلت تقطع ومفيش طوابير فى محطات البنزين#مصر  	False	NEG	msa	0
1741	العجمان دايم سبب سقوطهم النساء دايم ضعيف يا اخي اعتبره سوق	True	NEG	msa	0
1742	اللهُم ما في القلب	False	POS	msa	0
1743	س.ليه دايما الأخبار الصحفية المنشورة بتكون على قد الصحيفة (الورقية) ؟ عمرها ما زادت أو نقصت ؟! ج.المهنية تقتضى ذلك.  	False	NEU	egypt	0
1744	#كلنا_الدلماني ما نستغني عن فزعتكم ✅ https://t.co/KkJdj5j0lR	False	POS	msa	0
1745	في #اليوم_العالمي_للمتطوعين نستذكر الرجال الذين هبتوا للتطوع بعام 2004 دفاعا عن مرقد الإمام علي ع (مركز التشيع) في العراق. حينما تصدوا ودحروا وبلا مقابل وبأسلحة بسيطة أعتى قوة غازية بالعالم أرادت تدنيس المرقد الطاهر، واخضاع التشيع لسطوتهاشكرا من الله تعالى لأولئك الرجال الاشاوس https://t.co/fKZycfMLjv	False	POS	msa	0
1746	الصحفيون المصريون بيسألوا وزير الطيران في المؤتمر الصحفي عن جنسية المختطفين داخل الطائرة رد وقال: أنا عارفهم بس مش هقول.  . #مصر.	True	NEG	msa	0
1747	مره واحد حب وحده	False	POS	msa	0
1748	إنه احتلال جبان عديم الشرف، يقتل عن لذة، ويسفك الدم عن شهوة، ويهلك النسل عن إرادة.مزقوا أحشاءه برصاصهم وهو طفل ذو 13 ربيعاًإنها قصة متكررة لا تتوقف بداياتها مع محتل يمارس عادته نفسها منذ عقود طويلة؛ ونحن نعرفه أكثر من أي سياسي بليد أو تاجر رخيص يدخل عليهم الباب مسلّماً ! https://t.co/hVbQrR4OEO	True	NEG	msa	0
1749	ينرفزني اللي يقفل حسابه في تويتر! على أي أساس حاسويلك فولو يعني ؟ وينرفزني أكتر الفاضي اللي يسويله فولو وهو مقفل حسابه !!!!  	False	NEG	msa	0
1750	ضحكني العبد😭😭 https://t.co/bVsRhjSP8c	False	POS	msa	0
1751	( أحد الهلاليين الذين دخلوا تويتر وهم هازمين النصر ) ^^ بايو جماهير الجار .. #النصر    	False	NEU	msa	0
1752	هداف اوروبا مش مرشح لاحسن لاعب فى اوروباا نقول تااانى هدااف اوروباا مش مرشح لاحسن لاعب فى اوروبا  	False	NEG	msa	0
1753	مستستيتسنسخحسشنن	False	NEG	gulf	0
1754	اليوم احس تيزر النسخة اللي احبها	False	NEG	msa	0
1755	Stylee the good news productsكوبـونات خًـصم 🤗- نـون MKP- سـنتر بـوينت CB344- فوغـا كـلوسيت KR8- سـيفـي S33- كوبـٌون ايـوا OK2- كـٌود سيتـي مـاكس MF85- زهـور الـريف OK- موقـع جـولي شِـيك OK5- ستايـلي PJ- اديـداس WW- نُمشـي ALL7- انـاس اونـاس XD- مـذركير M43QWG	False	NEU	msa	0
1756	أنا مشتاق انا ولهان انا احبك من الاخر	False	POS	msa	0
1757	#غرد_كان_ازمه_كندا_ازمه_قطر اللي يدخل الهاشتاج داهيشوف اد ايه المسخرة والألش علي النظام السعودي وتابعيه من المغردين   السنين	True	NEG	msa	1
1758	حرفيًا تمورو ابهرونييييي	False	POS	msa	0
1759	انا الصحيان بدري ده بقي جزء من شخصيتي...عارفين لو يوم اجازتي نمت شوية بقلق علي نفسي  	False	POS	msa	0
1760	انا لو بس وجهي مايتشكل تبعًا لِمشاعري كان انحلت اموري بس الفضيحة فضيحة.#كلنا_ااالدلماني4s0aw	False	NEG	msa	0
1761	ما مستفيده شي من العزايم غير الاكل	False	NEG	msa	0
1762	مغرز واييني صاحبي يعني يبي يطلعلي ويشتغل طنازة ويطب معاي واييبلي لوري يطلعني وارجع انا اطلع صاحبي .. #مصخرة صح ؟   القدر	True	NEG	msa	1
1763	ههههههههههههههههههه كان يوم بجد   .. - #فسيييع يا خوخه󾌴󾌴 -ندي مش هتكلم الصراحه 󾌴󾌴󾍕󾍕 - رحمة كان خبر #السهرة 󾌴󾌴	True	NEG	msa	0
1764	آكثر مآ آحتقره #استهزآء بعض التآفهين بشيء أفتخر به ! خصوصيآتي , لهجتي , مبآدئ , آسلوبي , ذوقي فَ لتحتفظ بـ رأيك فهوَ لن #يغير شيء !	False	NEG	msa	0
1765	البارسا في طريقة لتحقيق ثلاثية جديدة ! ريال مدريد في موسمين على التوالي يحاولون مساعدةكريستينا في تسجيل الأهداف لكي يحقق لقب الهداف !  	False	POS	msa	0
1766	زعلانه لأنه صارلي فترة مب قادرة اسهر ولا قادرة انام نومة عدله بدون ما اقوم الف مرة وارد انام. والحل؟	False	NEG	msa	0
1767	نحنا بأميركا نحنا بكندا نحنا بألمانيا نحنا بالسويد وكل واحد شروال جده معلق بالتوتة  	False	NEU	msa	0
1768	السواء المبيديش فرصة لحد يعدي و أول ما الواحد يئف و يستنه انه يعدي يشورله بئيده و يئزنله بالتعدية لأ زوء عالأخر.  	False	NEG	levant	0
1769	هو ليه كل ما الموضة تتطورالبنات بتزيد انوثة .. و الولاد بيزيدوا انوثة بردة !! xDياض أرفع البنطلون ....... عيب ياض #ARealMan. #lol  	True	NEU	egypt	0
1770	طيب ردي على المصريه الهام .. اللي مسحت فيك الارض وهددتك تهديد مباشر وشرشحتك ولا خايفه انهم يمنعونك من دخول مصر  	False	NEG	egypt	1
1771	أما الأسى فأسايَ أنك راحلٌ	False	NEG	msa	0
1772	بعد كل لفياضانة وتسكير الطرقات من الشته والعواصف ب#لبنان بترجع ع بيتك لتغسل نقطة ماي مافي #lebanon  	False	NEG	msa	0
1773	احبهممم🥺🥺🥺 https://t.co/IboDxI43ff	False	POS	msa	0
1774	عيال الوفاق يلعبون بالكلاشنكوف واحناالجراخيه ممنوعه ولاعندالجسراذا بتدخلهم سولك محضر ويمنعون انهاتدش الاالكلاشنكوف اشلون دشت ؟   القدر	True	NEG	msa	0
1775	#كلنا_ااالدلمانياذا كان التغريد من فضه فالسكوت من ذهب	False	POS	msa	0
1776	ايه ده؟ السلفيين حيصوتوا؟ مش خايفين تكون في واحدة علمانية (وبالتالي سافرة والعياذ بالله) رايحة تصوت وتقف جنبهم في اللجنة؟  	True	NEG	msa	1
1777	غبي قال لصاحبه كيف انعاكس البنات ؟ قاله: لازم تجيهم بالسياسة.. مشي الغبي غمز لبنت وقالها: مينه المحجوب حضرة الجلسه والا لا .....  	True	NEG	msa	1
1778	أين الراي والراي الاخر ؟!! يا اصحاب الديمقراطية والحكومة المنتخبة ؟! #اقصاء  #عداء	False	NEG	msa	1
1779	يمه ايش مانبي نختار ما ابي شي https://t.co/abyosas6vH	False	NEG	msa	0
1780	"عدد المقترعين في #الدائرة_الرابعة حتى هذه  ""الساعة 1:16 ظهراً"" بلغ 46288 ناخب بنسبة حضور 30.7% وذلك خلال 5 ساعات من فتح صناديق الاقتراع."	False	NEU	msa	0
1781	سيبي اويكو على جنب امانه هو كيفانش محتاج توبا عشان تروج وتشهر مسلسله بعض الردود  	False	NEG	msa	0
1782	عَيناك بُنٌّ يَمنيٌّوالشَّعرُ ليالٍ نجديَّةتَمشي كغزالٍ بغداديٍّوالخَدُّ ورودٌ شاميَّة!♥️	False	POS	msa	0
1783	الجو مال ديت	False	NEU	gulf	0
1784	هو غير قادر على رؤية المهاجرين والإحساس بهم لأنه يعتقد بأفضليته عليهم, بينما هم يساهمون في بناء (أفضل الأمم)!  	False	NEG	msa	0
1785	  حوثي عينوه الحوثيين مدير إدارة بوزارة المياة راح أول يوم يداوم بسروال سباحة وتيوب . 󾌴󾌴󾌴󾌴󾌴󾌴󾌴كشفكم	True	NEG	egypt	0
1786	#لا تحزن فإن المرض يزول والمصاب يحول والذنب يغفر والدين يقضى والمحبوس يفك والغائب يقدم والعاصي يتوب والفقير يفتني 🕊🕊•••==•••	False	POS	msa	0
1787	قلڪ سـرر صغيـر آلضحڪه اللي بضحكآ مـعك آمـة الله ڪلا مابتقـدر تضحڪني ياهـآ ✨💛 https://t.co/8ljCPd8qIQ	False	POS	msa	0
1788	يلي بدو سيادة و حريّة و استقلال .. ما بيروح زحف ليتصوّر و يلتقي مع رئيس دولة عندها أطماع ببلدنا .. مش هيك يا زعماءنا الشاطرين ؟!  	True	NEG	msa	1
1789	سِرتُ سوياً(فتحطمت)والأن وفق نهج كل البشر أسير  فتفاجئتُ بأني لا أبالي لأي شئ  وأن الحياة ضمن سهولتها تُبان#كن_عفوياً#حارب_للأستمرارهي الحياة تحتاج الكثير منك. https://t.co/ybMSiBUmuK	False	NEG	msa	0
1790	أحذر يآبشآر : ف أمة العرب إذآ غضبت / غردت بآلتويتر وغيرت بآلبروفآيل وقلبت بآلصور !  	False	NEG	msa	0
1791	#الرياض_الان أمطار ما شاء الله 🥸	False	POS	msa	0
1792	عادي	False	NEU	msa	0
1793	المواقع الإباحية ثم الخمر ثم الأصنام .. أولويات النواب في عهد الرفاهية المصرية ! 	True	NEG	egypt	0
1794	#امنيتك_في_تغريده كل الي أتمناه حاليا يخلص هاليوم بدون راسي ينفجر 👍🏻	False	NEG	msa	0
1795	  من كثر ما البنات يهتمون بشكلهم صرت اتوقع إذا ماتت وفتحوا وصيتها تكون كآتبه آمآنه شكلي حلو وآنآ ميته !	False	NEG	msa	0
1796	أنت لم تفهم قصدي :) أنا أتكلم عن أن سامسونج تقوم بالتقليد بنسبة 80% و تضيف شئ جديد فتصبح براءة اختراع	False	NEG	msa	0
1797	برشلونه يفوز بعد مباراة درامتيكية و يستنفذون ادرينالين جماهيرهم لأول مرة منذ سبتمبر ٢٠١٢   #ملل #ميسي_قوي	False	NEG	msa	0
1798	دور الشيطان هو اخراج لنا امثالك لكي نضحك و نشبع من الضحك عليهم في زحام هذه الدنيا فعلا انك  	True	NEG	msa	0
1799	في ناس عندك ممكن تغلط وتسامحها عادي جدا ..	False	NEU	egypt	0
1800	شاهدوا كيف كانت ردة فعل مستشار خامنئي، علي اكبر ولايتي عندما تحدثت ابنة راغب حرب.. (الفيديو السابق).. 	False	NEU	msa	0
1801	اختلاف الرأي لايفسد للود قضية اكثر من يقولها يبغاك تنثبر و وده يفقع وجهك بعجره في ذيك اللحظه!   #لول	True	NEG	msa	0
1802	اللهمّ إنّك تعلم أن هذا القلب لا يريد من هذه الدّنيا إلا السّلام، فسخّر له كل سُبل السّلام وأمطرها عليهNdQmD	False	NEU	msa	0
1803	تمكنّتي ، اي والله تمكنتي .'	False	POS	gulf	0
1804	"أما ثالث ""مخيسه"" أن بـ350 درهم كان للعميل أن يحصل على سرعة 16 ميجا و لكن الآن فقط 10 ميجا بـ350, بينما الـ20 بـ500 درهم!"	False	NEG	msa	0
1805	جان أجلته لبعد كسار الفاتحه إنه برزت العده في السيارة لأن البندر جريب   #KingAdvice	False	NEG	msa	0
1806	هُوَ لآ يُجيد شَيءْ إِلآ آلحلفآن بِأنَّ قلبهُ لَم يُدَق إِلآ لِي ’ وَهُو مُغرَم بِمِئَة سآذَجَة غَيرِي ’   !	True	NEG	msa	0
1807	عماد الدين أديب يعلن عن استيائه من حال الإعلام المصري . طب ماتقول لأخــوك ومراتــه آآآآجــرع  	True	NEG	msa	0
1808	الاعلام المصري يقول قبضوا على ٣ حوثيين وحمساويه وايرانيين هل هذا ( تبرؤا من علاقاتهم بالحوثي ؟!!! ههههههههه	True	NEU	egypt	1
1809	فكر عدواني جديد ... ادهس ضباظ وافراد رجال الداخليه وبعدها طلع #شهادة_طب_نفسي وعيش حياتك طبيعي  	True	NEG	msa	0
1810	تدخن ؟ تكذب؟ تسب؟ تناصر الحوثي والمخلوع رمضان فرصتك للتخلص من العادات السيئة 󾍇󾌴󾌴 ههه٧ههههههههههههههههههههه	True	NEU	msa	0
1811	تخيل فريق يجلدني دوري وكأس ويأهلني للسوبر ويعطيني مدافع وحارس وياخذني لندن ويجلدني مرة ثانيه   #لو_شتتها_جحفلي	True	NEG	msa	0
1812	⛅اللهم في هذا الصباح ألبسنآ حلّة الصبر..وارزقـنآ آلرضآ بمـآ تخـبئْہ لنآ..وسُـق إلينآ غيومَ الخيرٍ..فإنک تٌحسن تدبير أمـورنآ💞	False	POS	msa	0
1813	وبيزعلوا مننا عشان بنقول عليهم خرفان, طب يا شوية بهايم , ماهو إنتوا لما تعلنوا تأييدكم لأي حــد , أكيد هايكون خروف زيكم ,, وده لايمكن يحصل إن الشعب المصري يوافق عليه..!! #خروف_منه_فيه  	True	NEG	egypt	1
1814	ستظل الكويت شامخه بحكامها وشعبها الوفي اليوم فزعة وطن واختيارك للمرشح  الامين هو أمان مستقبل الوطن	False	POS	msa	0
1815	ماكو غير كلمة وحده شعب مؤذي ما كدر إلا عل قنفه بريئة من قنفات هاذ المجلس المحترم   #قنفتي	True	NEG	gulf	1
1816	لن يعود النصر  الى وضعة الطبيعي ويتقدم الى الافضل الى من خلال الثقةوالهدوء والتركيز والفكر العملي الجيد.النصر تحت ضغط متعصبين وتحت ضغطنفوذ وتحت ضغط فوضوية عمل اجهزةوضعف في خطوطة من خلال اداء لاعبيةوكثرة الاخطأ الي تسبب ارباك للفريق.ان لم يوجدوا لها حل.	False	NEG	msa	0
1817	اداء تمورو يجننن صدق واو	False	POS	msa	0
1818	أول يوم دوام، ومتوقعين الناس تشتغل؟ مين أولى يعني، السلام على الزملاء بعد العيد، وللا معاملات ومراجعين وكلام فاضي؟ لاحقين خير  	True	NEG	msa	0
1819	اشكالهم من حلاوتها تبكي وشعر جيمين شيت صدق	False	POS	msa	0
1820	احد خطط اليله كشتت بر	False	NEU	gulf	0
1821	اجعل بينك وبين الله مشاريع خفيةلا يعيد الناس تغريدها ,ولا ترصدها العدسات ,ولا تخافت بها صديقاً ,ولا تحدث بها قريباً .	False	POS	msa	0
1822	تسع مباريات في الجولة 11 من #البريميرليغ في ظل تأجيل مواجهة أستون فيلا v نيوكاسل .. والاثارة مضمونة وربما المفاجآت 👀 https://t.co/GfTZp1iVC9	False	NEU	msa	0
1823	"خالد يوسف يطالب ابو اسماعيل الاعتذار عقب الاعتداء علية و ابو اسماعيل يرد ""حين ميسرة"". #اعتصام_الانتاج_الاعلامى  "	False	NEU	msa	0
1824	إحنا نعمل دورة للفرق إللي خرجت م المونديال, كأس عالم صغنونة. ونعمل إعلانات بأة ونحط صور رقاصين وراقصات, علي شوية خمسة أمواه ونجيب بيـرة و ندخن سيجار زي إبن الحافية إللي ما شافش لحمة في بيتهم شاف ... . ونخلي #اتحاد_الكرة_المصري إللي كله معرصين وحرامية يعمل سبوبة ولا يهمنا  	True	NEG	msa	1
1825	أن شاء الله كم مظاهرة ع كم مقال راح ترجع فلسطين. وجاري تحضير لمظاهرة مشان جولان وأقليم كشمير  	False	NEU	msa	0
1826	فيمين ياربي https://t.co/ozvLLev4YR	False	NEU	msa	0
1827	"""سَيمُر كُل مُرّ ، سيتمهد الطريق وينطوي تعب الأيام ، سينتهي كل ما حدث معك وكأنه لم يكن يوماً، سترحل الأوجاع من الدُنيا.. مثلما جاءت يوماً بلا استئذان، سيطرق الفرح باب قلبك بدون حساب ، سَتعود كما كُنت ذلك الشَخص القوي ، ستُقابل أشخاصاً أفضَل ، ثق بالله وَاطمئِن."""	False	POS	msa	0
1828	#علموني_كيف_احباليوم تعلم حب نفسك ووالديك ومن يحبك فقط تعلم الرحيل والتخلي نصيحة الصادقون رحلوا	False	NEG	msa	0
1829	دورينا دوري قبايل، كل لاعب وكل حكم وكل اداري صار فجأة عنتر وقبيلي، دورينا في أيدي أمينة  	True	NEG	msa	0
1830	كويتي يكلم هندي: بابا أنت يعرف هذا وين أنت يؤدي ؟ الهندي يرد: أي أنا أدله أفا عليك ماعندي مشكلة !   #الأقدار	True	NEU	gulf	0
1831	حوثيات يقتحمن وينهبن منزل مالك محلات الصرافة عبدالإله الثور ويعبثن بالمنزل وأخذ مبلغ مالي يقدر ب 300مليون ريال الناس هذه كل يوم تتعدى أكثر	False	NEG	msa	0
1832	مُحاولة انتحار فاشله بإختصار هذا هو من حاول يحب دون حبيب هذا هو الحب في نظري نظره مستحيل تتغير كم اشفق على حال العشاق ف ٓهنيئنا لي #سُخريه	False	NEG	msa	0
1833	#القطيف  الي عنده اسئله عن ليله الدخله تجي خاص 🌹🌹	False	NEU	msa	0
1834	ليس عيب بالاشخاص ، فهم مسالمون ، ديموقراطيون ، ساعون للنهضة ؛ لكن كراسي الحُكم ملعونة بمس شيطاني ، فلا تقاضوهم بل نكّلو بالكراسي  	False	NEG	msa	0
1835	رسى موج البحر من يم بيتك كأنه عن هوى الايام داريوقفت اسألك لكن مادعيتك اخاف الشوق وحدود انكساري 🎼.	False	NEG	gulf	0
1836	لو تعلم كم أنا احبك ماذا ستفعل؟ 🤔	False	POS	msa	0
1837	  اليمن أول دولة في العالم معاها بنكين الأول يشحت من الخارج و الثاني يشحت من الداخل . و كل بنك راكن على الثاني يصرف المرتبات .	True	NEG	gulf	0
1838	#انتخابات_مجلس_الامه_2020أسقطوا من لايحترم الشعب ويخذله الاستجواب له ثمن وكرسي الرئاسه له ثمنالدائره الرابعه كثر الكلام عنهامخرجاتها سيئه لابد تغير النظره السوادء عنهايوجد بها رجال ونساء مخلصين للوطن نظفاء اليد## أختار الافضل	False	NEU	msa	0
1839	#الاهلي_ضمك_دوووري_المحترررفينقد يفتقر الجمال إلى الفضيلة، أما الفضيلة فلا تفتقر إلى جمال أبداً.fbtIQ	False	NEU	msa	0
1840	سمح المحيا لا ضحك انزاح همّي ..	False	NEG	msa	0
1841	احس مارح اقدر من المخدر	False	NEG	gulf	0
1842	  يا الله صباح خير والبعض يسوق بسرعة مليون ويكبس على العالم (ترى يالحبيب كلنا رايحين الدوام) لا يكون تبي العناية تلمركزة!!	False	NEU	msa	0
1843	جميع القنوات الفضائية خارج مصر أو في بعض الدول المجاورة لم تجد لإضحاك جمهورها أفضل من إعادة فقرات من برامج التووك شو المصرية!!  	True	NEG	msa	0
1844	ييضضححككك	False	POS	msa	0
1845	المفروض ,, ولن أدعي الخبرة والمعرفة ,, أن الحكومة في الفترة القادمة تنضف وتطهر مصر من الخرفان,, وتاخد موقف جــدي تجاههم ,, كفاية أوي إللي حصل منهم, دول موجودين في أركان البلد زي الـسـوس , وفي أي مكان تتخيلوه. وكفاية عـلـف و تسمين لهم ياحكومة  	True	NEG	egypt	1
1846	اللهمَّ صلِّ على محمَّد وعلى آل محمَّد، كما صليتَ على إبراهيم وعلى آل إبراهيم، إنَّك حميدٌ مجيد. اللهمَّ بارِك على محمَّد وعلى آل محمَّد، كما باركت على إبراهيم وعلى آل إبراهيم، إنَّك حميدٌ مجيد. https://t.co/k0WXVJlP4w	False	NEU	msa	0
1847	عودت قلبيّ على صوته وضحكاتهأسهر عليه لِين النوم يدركنيمافيه أحدٍ في البشر سوا بي سواتهاسمه إذا مر بالي ينعشني ويحيينيأولهّ على صوته في صباحاتيوأغار من ناسٍ في صوته تشاركني.	False	POS	msa	0
1848	#فهههههههههد_غشششششششاااااام_الببببصمممممانالرقيب،EqF	False	POS	msa	0
1849	بوست دسم جدااا واحده بعتت ان جوزها بيخونها وانها اكتشفت وده كان رد الرجاله هههههههههههه  	False	NEG	msa	1
1850	حملة '10 ملايين وجبة' تحصد 6 جوائز من 'كريستا العالمية' و 5 جوائز من 'شورتي للنفع الاجتماعي'#الامارات#الإمارات_العربية_المتحدة#الإمارت	False	NEU	msa	0
1851	الهلال اخر ست مواسم هو الكوشة حتى الموسم الماضي كانوا الثالث وهايطوا وانحسمت البطولة من قدامهم  	False	NEG	msa	0
1852	#من_تجربتي_في_تويتر قررت ان اصبح مصور احترافي واشتري كاميرا كانون وآكل كوب كيك واروح دانكن  	False	NEG	msa	0
1853	يارب في هذا الصباح  اللهُم أجعل صباحنا يحمل بشائر خيرك ، وأجعل لنا مع نسمات هذا الصباح رزقاً وفرحاً وعافية🤍	False	POS	msa	0
1854	ايوة بالله اتركه وارتاح..انتا انسان مشهور دحين وضروري تنتبه لأعمالك وأشغالك الكثيرة..منتا فاضي لتويتر أبداً  	False	NEG	msa	0
1855	اكرهم ايش مسوين بوجهه😇 https://t.co/I2K3zIL3ZC	True	NEG	msa	0
1856	ستنهمر عليك العطايا كالغيث، حتى يرتوي قلبك جبراً .	False	POS	msa	0
1857	فااااااازروا😭😭😭	False	POS	msa	0
1858	#ايمن_نور_وفضيحه_اسطنبول ده خـــروف عــرص ,, معروف من زمان إنــه هــلاس و بـزرمـيــط ,, إسـألوا بــوصـيـنــة مــراتـه السابقة, والغلطة مش غلطته , غلطـة الخرفان إللي مشيوا وراااااه  	True	NEG	egypt	1
1859	  كل يوم يدق حوالك وترد واذا بواحد من الاصدقاء يهذري ويهذي بكلام وهو ( سكران ) ويمسك عليك ولاتقدر تخلي جوالك صامت لظرورة العمل .	False	NEG	msa	0
1860	المبدئ،#سنخضعكم_اعلاميه_اااالحميدي7jwS5	False	NEG	msa	0
1861	اجواء الخبر حاليا💜💜💜🌧	False	POS	msa	0
1862	وظننت أن قلبي ملكاً لي حتى التقيتُ بك .•	False	POS	msa	0
1863	حتى الشخص الي كنت اروح له كل ماحسيت اني كاره الدنيا صرت بعد اكره اروح	False	NEG	msa	0
1864	جَعَلْتُ مِنَ المُعَانَاةَ #سُخْرِيَةً لِأضَضْحَكَ بِهَا، فَأنْشَغِلُ عِنْ أوْجَاعِهَا التِي تؤرِقنِي :$$	False	NEU	msa	0
1865	#itechia بسم الله على الأرضية ، تصدقون كل يوم أروح اتفرج على الأرضية ، لدرجة اذا جاي اطلع اناظر فيها و اشوف انعكاسي و ارتب عمري  	False	POS	msa	0
1866	تووموررو	False	NEU	msa	0
1867	انت كأنسان و كمواطن فى البلد دى ليك حرية اختيار الطريقه و الاسلوب اللى تنفذ بيه اللى السلطه عايزاه منك ... و هو دا لب الديمقراطيه  	False	NEG	msa	0
1868	#أحمد_البديحيستاهل التصويت✅✅✅✅	False	POS	msa	0
1869	اللهم إجعلنا ممن يأتون إليك بالدُعاء فتأتي إليهم بالرحمة والإستجابة، اللهم قدراً يشبه كرمك وفضلك.	False	POS	msa	0
1870	أحياناً نكتب لمجرد الكتابة لكن ومن غير أن نشعر نخفي حروفنا ؛ خوفاً من أن يكون الضمير متصلاً بنا منفصلاً عن غيرنا ، ينطق ضميرنا حباً وهماً وحزناً وفرحاً . ليس من باب التناقض لكنها مواقف وأحداث ليس لها شرطاً أن نكون مررنا بها ، بل ربما مرت بغيرنا ، أو ربما هي هوس الرسم بالكلمات!🕊 https://t.co/NtGG9h1SJp	False	NEG	msa	0
1871	انخفاض ملحوظ في درجات الحرارة لتصل الصغير ل ١٥ في #القاهرة ........... والعظمي ٣١ خلاص نمشيها صيفي نهارا شتوي ليلا #طقس	False	NEU	egypt	0
1872	ماابالغ لو قلت حبيته كثر هالدنيا واكثر	False	POS	msa	0
1873	تيتي😭 https://t.co/9dPeX19sVx	False	NEU	msa	0
1874	ارجعوا يحلوين	False	POS	gulf	0
1875	حنا درسنا ان من اسباب النجاح المثابره العطاء ال ال ال ال طلعت السالفه فقش بقولكم اسباب النجاح الحقيقيه في المجتمعاات العربيه  	False	NEG	egypt	0
1876	مثاليييييي مثالي مثالييي  https://t.co/6bBPA8nEFR	False	POS	msa	0
1877	❄❄ عليك بذل الأسباب المشروعة للتوفيق في الحياة و إستغلال الفرص المتاحة تنبيه مهم قد يكون من أسباب قلة التوفيق أن يكون المرء مبتلى بعين من حاسد و لهذا إلزم النحافظة على الأذكار الصباح و المساء و قرأت القرآن و الرقية الشرعية وثق في الله و أبشر بالفرج و خير بإذن الله سبحانه ❄❄	False	POS	msa	0
1878	🔴 هذا الحساب لا يمثلني 🔴 https://t.co/O76obNxVso	False	NEG	msa	0
1879	اهه يا العْبنه وصلنا جدة واداء بتس لسى ما بدأ 😭	False	NEG	gulf	0
1880	بنفجر مو قادره الحق اي حاجه جالسه تصير	False	NEG	gulf	0
1881	لجنةصياغةالنظام الأساسي للإتحادبرئاسةخالدالمعمرلم تصغ النظام!كيف حدث تشكيل الإتحادواللجان والنظام لم يُصاغ!هل هناك إبن بلا أب؟   #النصر	False	NEG	msa	0
1882	#شلشيات صديقة عزيزة التقيت بها في أحد المؤتمرات قالت لي:٣٥ مليون قراءة لموقعي!!! مت ضحكا ولكن هذا أصبح العادي ١٠٠ مليون متابع ونصف مليار متابع!! بعض أصحاب الملايين أدخل على حساباتهم لا أجد سوى ٢٠٠ وفي أحسن الأحوال ٣٠٠ لايك ليس إلا.	False	NEG	msa	0
1883	#قررت_البس_عبايه_علي_الراس ماهذا القرار الشجاع ؟؟تخيلت انك عايشه بين كفار قريش وحتنضربي في الشارع عشان لابستها وتقولي أحد أحد وكذا  	True	NEG	msa	0
1884	يلا بسرعة .. نخّ و وقّع و ادعم السعودية و بلا تدفيش ! هذه هي عنوان السيادة و الإستقلالية في بلادي!! #وثيقة_الوفاء_للدول_العربية  	False	NEG	msa	0
1885	ما تقصر إسرائيل.. الصراحة فيها شهامة، من يخدمها تصرف عليه وما تقصر. ونعم الصديق الوفي إسرائيل  	True	NEG	msa	0
1886	اللهم لك الحمد امطار حفرالباطن الآن	False	POS	msa	0
1887	#الشيعة اقتصوا من أبا عدي وقدموه أضحية في عيد الأضحى .. و أهل السنة مهمشون في صنع قرار للقصاص من النصيرية ..  	True	NEG	msa	0
1888	#ايش_يحبون_البنات الفلوس والسوق	False	NEU	gulf	0
1889	و بعد شوي تسب https://t.co/GCQMBhZoeb	False	NEU	gulf	0
1890	جيمين وحركاتهه	False	NEU	msa	0
1891	بيقولك الموؤسسة العسكرية عملت ايفينت عالفيس بدعوا الحوار الوطني . محدش شافه غير الريس .. و عمل اكسيبت !!! طلعتك دي بقى يا حسين !  	False	NEG	msa	1
1892	يا رب أدم علينا بركات ماركس و لينين و ستالين و تشومسكي و لا تحرمنا من يساريتنا و لا شيوعيتنا قادر يا كريم  	False	POS	msa	0
1893	مع السﻻمة مع السﻻمة مع السﻻ مة يا أبو عمة مايلهمش قادر أبطل ضحك يا فرقة تحكييم هههههه نشوفكم بقى إن شاء السنة الجايه  	True	NEG	msa	1
1894	يالله الجائزه الي بعدو https://t.co/iKHHm4bNFz	False	POS	msa	0
1895	#اليوم_العالمي_للاسود لأ يعني الحين من صجكم ولا شنوووو ! كل شي خليتوا له عيد وخليتوا له يوم عالمي شالمسخرة ! زين الأمور اللي سويتوا لها أعياد ويوم عالمي .. باقي الأيام شنو مصيرها ! زبالة تكرمون !! المهبّل يقررون والقطيع وراهم ....   ! #بوح ..........	False	NEG	egypt	0
1896	أولاد البلد طلعهم من حسبتك ، و لو سمحت ، الحسبة الا مسونها و حاطنها عندك في السكن شيلها .. #HeyMrDj  	True	NEG	msa	0
1897	شورى الإجازات يمنح أعضائه إجازة بعد عودتهم من إجازة ,يسعدلي جوكم ياشيخ إنت وإياه وإياه وإياها :)..! #السعودية  	True	NEG	gulf	0
1898	للحين فازوا بثلاث جوائز بسم الله	False	POS	msa	0
1899	أنتِ صدفة عظيمة أربكت هدوء أيّامي ❤️.#FortyRules40	False	POS	msa	0
1900	فاتكم غصيت كنت بموت😔	False	NEG	gulf	0
1901	بصيححح ابي اكله😭😭😭😭 https://t.co/dbSKY5LHEQ	False	NEU	gulf	0
1902	إيمان العاصي تروج لفيلم «عمار» قبل عرضه بالقاهرة السينمائي  https://t.co/Hs5rwZ9RsD	False	NEU	msa	0
1903	ويبقى الرئيس الوحيد اللي استجاب لمطالب المتظاهرين في اسرع وقت هو حسني مبارك  	False	POS	msa	0
1904	وربي جبرت خاطري	False	POS	gulf	0
1905	انا الي اقول للكل لا تذلون نفسكم لا تحبون احد ما يحبكم انا الي انصح و  اسوي كل شي عكس	False	NEU	gulf	0
1906	اللي مايفوزهم دايم يقطعها  https://t.co/3zGQ29Kq4s	False	NEG	gulf	0
1907	أنباء عن تورط ايران و الشيعة في زلزال اليابان. حيث يوجد ٢٥ مليون شيعي وضعوا جوالاتهم على الهزاز هناك.   #Iran	True	NEG	msa	0
1908	أغبياء بنك الراجحي أغبياااء :/ ياحلو رقم انتظار الاحوال ١٠٠ عند ١٢ حقهم واخرتها سرقوا بطاقتي الاخيره الي موزيتها لي موظفتهم الحنونه	True	NEG	gulf	0
1909	دويسان حطوه يقيم مايكرفون و برامج و جرب ألمايك ويقول تست تست .. مو يقيم حكومه ونواب ..   #القدر	True	NEG	msa	0
1910	شكله المخابرات المصرية تتعاطى نفس نوع الحشيش اللي كان يتناوله قذافي ... حاجزين طير مهاجر الله لا يوطرزلكم ع هالعملة !  	True	NEG	msa	1
1911	وَمَن يَكُن عَبدَ قَومٍ لا يُخالِفُهُم                                          إِذا جَفوهُ وَيَستَرضي إِذا عَتَبوا🍃	False	POS	msa	0
1912	(لو حاجه وحشه هتحصل , تحصل بسرعه , واخلص بقاااا.... يعنى لو هتضرب , اضرب وماتهوش )... شعورى وانا مستنى نتيجه الترم ده ..  	False	NEG	msa	0
1913	صبرنا لها مازعزع الدهر عزمنا ونلنا بها العليا على كل طايل🇶🇦 https://t.co/fIJyZXssmI	False	POS	msa	0
1914	الفرق قاعد يتقلص كثفوا التصويت https://t.co/6tG3I2Pj3W	False	NEU	msa	0
1915	لا بد ان تعرف بأن وجودك يشكل فارقاً عظيماً و ان كنت لا ابدي ذلك إلا انك شديد الوضوح علي بطريقة اشعرها .	False	POS	msa	0
1916	عملية الصعود للمونديال , موضوع صعب, لذلك كانت فرحتنا كبيرة ,والفرحة دي إفتقدتها دول كبيرة ولها تاريخ في كأس العالم. رجالة المنتخب عملوا إللي عليهم , برغم فارق الإمكانيات بينها وبين أقل منتخب آخر. أي منتخب يقدر يفوز علينا ليس بسبب لاعيبينا ,عشان ماعندهمش #إتحاد_الكرة_المصري  	False	POS	egypt	0
1917	تكفه وقفوا الويكند بأي طريقه لا يخلص	False	NEG	gulf	0
1918	صباحح الخيررر https://t.co/F6hR2VwpTo	False	POS	msa	0
1919	عندما يصدر ايفون 6 ، #أتوقع السيمي كارد بتكون بيكو وواير الشحن بيكون متغير عن الإصدارات السابقة.	False	NEU	msa	0
1920	يا شينه ..🤢 https://t.co/A2IZmQN3FL	False	NEG	msa	0
1921	الطرف المعطل في التحالف (الامارات) دعمت الحوثي قبل الحرب على اساس القضاء على حزب الاصلاح و اثناء الحرب احتلت جزر و موانئ اليمن .. قادة الانقلاب السيساوي على الشرعيه في مصر و الان تحرشوا في تركيا و جلدهم اردوغان و قالو نبي نعوض و راحوا لتونس و لقولهم تفله على وجيههم .  	False	NEU	msa	0
1922	الباص السريع موجود في عمان... بس الشعب مش سريع كفاية أنه يلحقه.... زي سيارة النسور الي بتمشي 100 كيلو بيورو واحد... شعبنا مسرف وبعرفش يمشي زي المسؤوليين الي عنا... لهيك رفعوا الخبز عشان الشعب يبطل مسرف...	True	NEG	msa	1
1923	عيش في الدنيا كالغريب او كعابر سبيل واترك وراءك كل اثر جميل فنحن راحلون ولن يبقي الا العمل الصالحZaeuI	False	NEU	msa	0
1924	الزعيم العربي حتئ وان أدت سياسته إلئ تدمير نصف الاقتصاد ونهب النصف الثاني يبقئ هو الأمين عَِلئ ثروات آلامه.  	True	NEG	msa	0
1925	عن ابن عمر رضي الله عنهما قال: [ نهى النبي صلى الله عليه وسلم عن النجش ]25h	False	NEU	msa	0
1926	لا ماهم بيحسوا اهو وعملوا حداد لمدة 3 ايام لأ ظلمناهم .. هو ده بس اللى بيعملوه حداد ولجنة تقصىى حقيقى فرحانه !!	True	NEG	egypt	1
1927	للبيع	False	NEU	msa	0
1928	من سار بين الناس جااابراً للخواطر           أدركه الله في جوف المخاااطر..!!!	False	POS	msa	0
1929	حسبنا الله ونعم الوكيل #مقاطعه_المنتجات_الفرنسيه39	False	NEU	msa	0
1930	"لما كنت صغيرة كنت انام بدري, بابا طبّق عنصرية من نوع""انا ابوكي تسمعي كلامي"" عشت طول عمري انام بدري!   #SomeTweetsAreSilly #NoOffense"	False	NEG	msa	0
1931	yiii dommage, بيروت كمان مقطزة و ملوثة... مش رح تزبط معن. بس في بغداد و دمشق و منامة so all hope is not lost  	True	NEG	levant	0
1932	ذاا ولدد منن الحلوو https://t.co/jByNUDEGQx	False	POS	gulf	0
1933	مابين القلت وهجرة السلمانية امطار رعدية مستمرة#حفرالباطن_الان https://t.co/tQaG8saKdR	False	NEG	msa	0
1934	#الدوري_الفرنسي اليوم راح ينتهي رسمي مبروك #باريس_سان_جيرمان البطولة ال٤ ع التوالي في دوري لايوجد منافس مش ممكن فرق النقاط	False	POS	gulf	0
1935	محاكم حكم يقضي بحبس الشيخ عذبي الفهد وخليفة العلي وأحمد الداود وحمد الهارون وعبدالمحسن العتيقي وفلاح الحجرف 3 سنوات مع الشغل والنفاذ في قضية قروب الفنطاس و2 بتهمة الإساءة لرئيس مجلس الأمة مرزوق الغانم وغرامة 5 آلاف دينار	True	NEG	msa	0
1936	لابس ساعة في يدّه اليسار؟ هذا دليل أنّ الفيديو مفبرك وإستخبارات مصر هي من قامت بإنتاجه يا عديمي الكرامة! #عبط   #نكران	True	NEG	msa	1
1937	#الاهلي_ضمك_دوووري_المحترررفينما العمر إلّا آمال ومنى نسعى خلفها سعي الصياد خلف الطرائد.Nhfj0	False	POS	msa	0
1938	الكثير من الشباب من الاولاد والبنات حديثي القياده لا يعلم ماهي المنطقه العمياء اثناء القياده وربما البعض يرسب اثناء الاختبار لعدم معرفته بها لانه اول مره يسمع بها ولا يدري ماهي المنطقه العمياء👇 https://t.co/s5dnkVCFxD	False	NEG	msa	0
1939	حاسس إني راح آنجز بعض الأعمال __ ولهيك راح أضل قاعد لحتى #يضمحل الإحساس لحاله  	True	NEG	msa	0
1940	هو رافض فكرة ان انسان غيره يحكم مصر، ما هي داشه مخه، اذا من عمره ١٥ وهو يحكم، انا صراحة بصفه يعني الرجال متعود	True	NEU	egypt	1
1941	السعوديين هم من باع اراضيهم لليهود والي بنا الجدار مقاول وعمال سعوديين وبريز راح للسعوديه وعطيناه سيف والقى محاظره بجامعه الامام وحليب الحمير التركي السعوديه صانعته والخميني شريف والحوثي نزيه والامير مشتري قصر بأموال حليب الحمير  	False	NEG	msa	0
1942	شرطة الفلوجة تصدر امرا بمنع دخول الشباب دون سن 18 عاما الى المقاهي في عموم مناطق المدينة مع محاسبة المخالفين. https://t.co/fNgwHYPeqX	False	NEU	msa	0
1943	  حاول بعض بعاطيط الانتقالي الاقتراب من الوزير البريطاني لالتقاط بعض الصور والغرض تسويقها القطيع لكن حراسة الوزير كانت لهم بالمرصاد! ههههه يا فرحة ماتمت	True	NEG	msa	1
1944	اللهم اغفر لي ، وارحمني ، واهدني ، وعافني ، وارزقني. #كلنا_ااالدلماني	False	NEU	msa	0
1945	مجرّد تفكيري بالكبريَاء .. و تخطِيطي له وقت فُراقك .. يجعلُني في   من تفكِيري و وعُودي الغير منصّفة ..! #ورود_أحمد .	False	NEG	msa	0
1946	الصاحب اللي منزله داخل العين هو الخويّ وقت السعه والضّوايق .	False	NEU	gulf	0
1947	ادعم سايكو	False	POS	msa	0
1948	عون أدعو الشعب اللبناني للتظاهر من أجل دولة القانون و الدستور , و لك يا عمي تظاهرة مين و الناس نايميين   القدر	True	NEG	levant	0
1949	گـلْ فگـرهـ إبـدأعيـه يقابلها ألـنـأس بـــ ثـلآثة مرأحل #سخريـه #مقـأومـه #إتبـاع	True	NEG	msa	0
1950	#الاهلي_ضمك_دوووري_المحترررفينشاق هو الفراق الأبدي ولكن علينا أن نتدرب على النسيان لنستطيع العيش.AmiWh	False	NEG	msa	0
1951	عاااااجل أنباء عن هروب (فائقة السيد) من صنعاء بملابس نسائية !! 󾌴󾌴󾌴󾌴󾌴 هههههههههههههههههه ههههههههه  	True	NEG	msa	0
1952	الحمد لله سويت شي مفيد بالعطلة :) https://t.co/ZrX4SJiDot	False	POS	msa	0
1953	حتي لو شالوا إسمه من قوائم الإرهاب , هـو إرهابي وإبن عرص, تأكد لي إن كل اللي شغالين ف مجال الرياضة ولاد وسخة شحاتين معرصين (إلا قلة قليلة) وأقول لهم إنتوا أحرار إنكم تبيعوا كرامتكم أو لباسكم ,لكن ماتتكلموش عن لساننا كـ شعب , البلد دي لو فيها دكــر ,, كان يـلـم الزبـالات دي  	True	NEG	msa	1
1954	💥فعالية💥--💪 نقطة وأعطيك سوأل قوة 💪■■☠من أنمي ون بيس☠ https://t.co/DTMwr4ZDsn	False	NEU	msa	0
1955	اول مرة يطلع ابو التكسي انسان محترم ومارفض يوصلني ...بالعاده التكاسي لازم تاخذ اذنهم وتسالهم وين تحبون تروحون ؟؟   #ازمة_تكاسي	True	NEG	gulf	0
1956	وزير خارجية ( السح السح امبو ) أصبح لاعباً سياسياً على الساحة الاقليمية ويتكلم بإسم العرب ، وهو لم يستطع حماية البنت الصغرى .   القدر	True	NEG	egypt	0
1957	#العين_بالعين هناك فرق بين الجنحة والجناية.اقسى جريمة بالعالم هي جريمة خيانة الاوطان. #جيشنا وطننا.فهل من المعقول ان يُفرج عن خائن لبنان.  	True	NEG	msa	0
1958	"قبل11سنة كنت الوحيد الذي يرتدي الجنز بين الاصدقاءوكانوا يصفونني بـ""الخكري""بعد كل هذه السنوات اصبحت مقل في لبسه وهم اصبحوا ينامون به.!"	False	NEG	msa	0
1959	ببكي يهبل  https://t.co/w4MqP53WQc	False	POS	msa	0
1960	2- الولاء في السفارة الايرانية كما يحدث اليوم مع تيار المستقبل وحلفائه في السفارة السعودية.   #شحاده	True	NEG	msa	0
1961	جيل بيتهم الاخر انه بيضيع ارواح ابناءه اللي ماتوا في الحرب وجيل بيتهم الاخر انه بيضيع ارواح ابناءه اللي ماتوا في الثورة #مصر  	False	NEU	egypt	0
1962	بعد اعتزال شرين عبدالوهاب الفن عم بفكر اذا بتحب نبعثها لعند فضل شاكر الى مخيم عين الحلوة هيك بيسلوا بعضهم #مسخرّة#	True	NEG	msa	0
1963	ما اقدر اتخطى للحين قاعده هنا https://t.co/aT2yqpwVUB	False	NEG	msa	0
1964	لمواجهة الابتزاز .. على العائلة القيام بأمرين:🔸️ التوعية للأبناء من الجنسين.🔸️ متابعة الأبناء خصوصاً في استخدامهم للإنترنت.المجد .. نحو وعي أمني	False	POS	msa	0
1965	مش بتقلدوا الأجانب في قصة الشعر و المنطلون المقطع والموضة ؟ طب حاولوا تقلدوهم في نظافة شوارعهم وبيوتهم ف إختيار ألفاظهم ف أمانتهم ف إحترامهم للآخرين ف رفضهم للغلط ف ضميرهم الصاحي . أعتقد الأشياء إللي قولتها تساعد ف بنـاء المجتمع ,, ومش المنطلون ابو وسط ساقط ( البنطلون)  	True	NEG	msa	1
1966	من يعبر عن رأيه يضرب والي يبوق الكويت وثرواتها ينرز ويصير ولد الكويت المدلل!!   الزمن	False	NEG	msa	0
1967	تويتر مليان حمير وخرفان وعاملين نفسهم بيفهموا يابني انت حمار ومريض روح يابني ربنا يشفيك ويعافيك بس كان المفروض يعالجوك من وانت في ابتدائي  	True	NEG	egypt	1
1968	عادل الملحم : يشرح لنا سبب تردي أوضاع #النصرللمتابعه سناب الإيطالي 🇮🇹 :https://t.co/zGj0z2URcR https://t.co/SpLKuLJRfb	False	NEU	msa	0
1969	#عهد_التميمي اوف اوف..رجعنا للعواطف المهرية. في كتار أسرى وأسيرات بيستحقوا هيك احتفاء..  	False	NEG	msa	0
1970	#فهههههههههد_غشششششششاااااام_الببببصمممممانالصمد،bFK	False	NEU	msa	0
1971	الحمدلله مو قاصرني شي و اني اتقلب في أنعم الله، بس لما يكون رصيد بطاقتي صفر وراتبي متأخر تطلع اغراض كثيره احس اني محتاجه اشتريها الحيين و ضروووري، ولا في الحقيقه لما ينزل ابدأ ابذّره ع اللي يسوى واللي م يسوى 🙂	False	POS	msa	0
1972	اهه وربي ذوقي حلو الفساتين مره مره حلوه 🥺🥺🥺	False	POS	gulf	0
1973	من شوقي ودي اول ما ألمحك احضنك بالقوة لِقلبي💜	False	POS	msa	0
1974	يعني بعد فترة يمديني اطق لي أرض؟!! يا سلااااام، بطق لي ثنتين، وحدة ببني لي فيها بيت ووحدة مواقف للبيت :/   #JtkomAlrsoom	False	NEU	egypt	0
1975	ازداد غباء يوم عن يوم	True	NEG	msa	0
1976	ولما البينكز ياخذون السوتي &gt;&gt;&gt;&gt;&gt; https://t.co/p4aediSyOj	False	NEU	gulf	0
1977	لعلي أتساعل هل سيظهر الرئيس العام لرعاية الشباب ليعد الشارع الرياضي بأن المنتخب السعودي سيحقق كأس أسيا عام2020:)..! #السعودية	False	NEG	msa	0
1978	خالد العبدالجليل....انا منه اخذ واحد من هالمعلقين و اكفخك فيه على راسك يا جليل الحيا #قلة ذوق 	True	NEG	msa	1
1979	م لقى له قيمه بين الرجال،جمع له كم بنت وصار رجالهم	True	NEG	msa	0
1980	هُناك ٢٦ تعريف لمفهوم الحُرية، كان رقم ١٢ بينهم ينصُّ على : هُروبك من الناس لنفسك .	False	NEU	msa	0
1981	كان رجل مسن منحني الضهر يسير في الطريق قال شاب بسخريه ً..بكم القوس ياعم؟ قال ان طال الله عمرك سياتيك بلاثمن   #حكم	True	NEG	msa	0
1982	الْبَاقِيَاتِ الصَّالِحَاتِ :  سُبْحَانَ اللَّهِ ، وَالْحَمْدُ لِلَّهِوَلَا إِلَهَ إِلَّا اللَّهُ ، وَاللَّهُ أَكْبَرُوَلَا حَوْلَ وَلَا قُوَّةَ  إِلَّا بِاللَّهِ	False	POS	msa	0
1983	مره حضرت عرس في ابوظبي.سلمت باطلع من العرس حلف علي المعرس قال لا بنكمل العرس في البيتلحقتهم بالسياره جينا عند بيوتهم الا مظبطين المكان برا البيت وبدت ام علايه المعرس وابوه ينقطون وعم المعرس(ابوالعروس)ينقط   والنسوان فوق السطح يصورون #تعجبت من الوضع السالفه صدق والله	True	NEG	msa	0
1984	بخصوص شعر جيمين الأزرق!! يجنننن https://t.co/9XEoq3pGrm	False	POS	gulf	0
1985	طفش(:	False	NEG	gulf	0
1986	ALL the good news productsكٌوبـٌون خَـصم 🛍️- نـون MKP- سـنتَـر بـوينت CB344- فوغـا كـلوسيت KR8- سـيفـي S33- كـٌود سيتـي مـاكس MF85- موقـع السـيف MH126- مذركيـر M43- ستايـلي PJ- مـمزورلـد BF3- نَـمشـي ALL7- انـاس اونـاس XD- مامـاز انـد بابـاز M1- اديـداس WWJyd	False	NEU	msa	0
1987	اللهمّ اجبر خاطري جبراً أنت وليّه ♥️.	False	POS	msa	0
1988	العفو الرئاسى تستعد للقائمة الخامسة , في هذه الظروف العصيبة ,, ألـجــأ إلي كلمة معينة .. ولكن ,, إحترامآ لمشاعر حبايبي ,, مش هاقولها  	False	NEU	msa	0
1989	الجو ناقصه تكرمنا بسكوتك ..	False	NEG	msa	0
1990	الاسباب والظروف مختلفة.. بس الصورة دي تعلمك ان الكرة مش مجرد موهبة..#محمد_إبراهيم#صالح_جمعة https://t.co/6LZtTeSnIx	False	NEG	msa	0
1991	يا الله السلام على اسمك. بس شوف تغريدات وليد جنبلاط بحسو راح يرشح زيت ! مبلش معو الالزهايمر بكير. ما انتو ناهبينو سوى للبلد. من ١٩٩٢ ل هلق مين افلسنا غير انت وشريكك؟؟	True	NEG	levant	1
1992	بس في السودان : الوحدة يكون اسمة حلو وظابط تلقاها شينه ووسخانه وتلقا وحدة مزة وكسارة لكن اسما تقول معرسة ابو لهب ☻  	True	NEG	egypt	0
1993	بالضبط لنكم ملكات عرفتي كيف و حلاوة مغلفة و جوهرة نادرة يعني طينتكم غير عن باقي نساء العالم  	True	NEG	msa	0
1994	اختي اشتركت من عروض جمعه المجد واحس فرحانه معها😂😭تذكرت اول مااشتركنا كم يوم وبيوصلها الرسيفر💙 #بيت_المجد	False	POS	msa	0
1995	فوضى أفكاري اعتمت بصري ..اصبحت لا اعلم كيف كان امسي ..استيقظ لا اعلم كيف خلدت للنوم بالامس ..استيقظ لا اعلم ماذا سافعل اليوم .. فقدت الاحساس بالوقت .. فقدت الاحساس بنفسي وماحولي ..هل استحق الحياة؟هل استحق ان اتنفس؟بشائر .. رفقاً بحالك قليلاً.	False	NEG	msa	0
1996	يضحكوني المشاهير بدعايات سناب يتكلمون وهم يلهثون يحاولون يلحقون قبل نسوي سكب  	True	NEU	gulf	0
1997	تُرتَكب افضع الجرائم بتاريخ البشرية يوميا في #سوريا ونحن لا(نحس)الا في انفسنا ويقودنا(الاعلام الفاسد)خلف(البرامج)الهابطه!!  	False	NEG	msa	0
1998	كنت فاكر إن الكنترول فيديو في كأس العالم هايكون مُـنصف ,, طلع دعـــدور خالص أوي وبيقبل أي نوع من أنواع الكريديت كارد  	False	NEG	egypt	0
1999	#قدر ، في مسرحية بشت المدير، طارق العلي يقول: بخور اب 3 آلاف؟ وين قاعدين. عزيزي طارق. وصل البخور 3 ملايين شتحجي ؟	True	NEG	gulf	1
2000	لَمْ تعُد حبّات المُسكّن تُجْدي نَفْعاً، الصُداع فِي القلْبِ هَذه المرة . . 💔!	False	NEG	msa	0
2001	كُن اعمى.. عندما ترى مالا يروق لكYs0jh	False	NEU	msa	0
2002	حلمت الليله انت بعيد عن عيني🤷🏻‍♀️💔.	False	NEG	msa	0
2003	ﺑﻤﺎ ﺍﻥ #مرسى ﺳﻠﻄﺎﺗﺔ ﻣﻄﻠﻘﺔ ﻭﻻ ﻳﺠﻮﺯ ﺍﻻﻋﺘﺮﺍﺽ ﻋﻠﻴﻬﺎ ﻣﺶ ﻣﻤﻜﻦ ﻛﺪﻩ ﻳﺴﺤﺐ ﺑﻄﻮﻟﺔ ﺍﻓﺮﻳﻘﻴﺎ ﻣﻦ ﺍﻻﻫﻠﻰ ﻭﻳﺪﻳﻬﺎ ﻟﻠﺰﻣﺎﻟﻚ   #مصر	False	NEG	msa	0
2004	و العرب سكتوا عا مجزرة حماة بالسبعينيات و سكتوا عا كل التدمير بلبنان و هني بيرموا كل المسؤولية عا الغرب و بيرجعوا بيحكوا بالانتداب  	True	NEG	msa	0
2005	اداء بتس قرب	False	NEU	gulf	0
2006	لو فضلت تشتم مُعارضيك مش هتستفيد غير إنهم يعنِدوا، افهموا ده كويس .. شعب إبن وسخه.   وكده.	True	NEG	msa	1
2007	"مابال والدينا يظهرون استياءهما من بعض الصفات السيئه لدينا؟ ما أنا إلا مزيج من جيناتكما معا ولكن ب ""ستائل"" جديد. ولتعش الديمقراطيه!  "	True	NEG	msa	0
2008	صار الغلط شي طبيعي والصح هو المستهجن!!اذا حكي الواحد كلمة طيبة بحق حدا بيصير مسيح شوخ ومكولك وناطر شي واذا حكينا على بعض بعض بالعاطل منلاقي ألف مؤيد..  	False	NEG	levant	0
2009	الله يهديكم مسخره ما قد شفت سعوديات   و#مكبوتات كذا مرررره اوڤرررر الله يعينكم ع السحبات	False	NEG	msa	0
2010	سلب العقلفرض الطاعةالغشاوةالمحبةالقبولالربطالتفريقالوقف والمنعالتهييجللتواصل واتساب00212770949283	False	NEU	msa	0
2011	الرد اللي معتمده بقالي فترة لأي حد بيسألني عامل ايه؟!-بقوله: ادينا بنقدف 🚣🚣🚣	True	NEG	msa	0
2012	مفترض من إدارة تويتر أن تضيف أيقونة لتقبيل الكتوف والأيدي قبل الرد على تفريدة لصاحب سموملكي فهذا من الخصوصية #السعودية #فكرة  	False	NEU	msa	0
2013	“ شكرا للملحقية على التسهيلات التي يقدمونها لنا من أجل أن نتمكن من مبايعة الأمير نايف و كذا #priorities #ta6beel”	False	POS	msa	0
2014	ذا بويز يجننون حبيتهم	False	POS	gulf	0
2015	وجهت رسالة مهمة للمواطنينالصحة برام الله تنفي ما ورد في بيان مزور حول فرض الإغلاق الشاملhttps://t.co/Ns5jaSXaCj https://t.co/ydeLgqK3C7	False	NEU	msa	0
2016	" “ عاجل: بشار الأسد يأمر بإغلاق المساجد في التراويح وتعليق لوحة تقول مغلق للصلاة""   #Syria” اه يا ديني"""	True	NEG	msa	0
2017	و الشعب فداء عيسىو البحرين ارض اسلام❤️	False	POS	gulf	0
2018	#هل تعلم...أنّه تمّ اكتشاف فصيلة جديدة من الحيوانات في لبنان تدعى المحايدين #Politics  	True	NEG	msa	0
2019	ﺍﻛﺜﺮ ﻣﻦ %80 ﻣﻦ ﺧﻴﺎﻻﺗﻨﺎ ﺍﻹﻳﺠﺎﺑﻴﻪ ﻭ ﺍﻟﺴﻠﺒﻴﻪ ﻣﻦ ﺍﻟﻤﺴﺘﺤﻴﻞ ﺣﺪﻭﺛﻬﺎ ﻋﻠﻰ ﺍﺭﺽ ﺍﻟﻮﺍﻗﻊ :3 :3	False	NEG	msa	0
2020	هههههههههههههههههههههههه ياعم قول ياباااااســط ,, دول أخــدوا فلوس م الإعــلانــات تكفيهم و زيــادة ,, أومال #إتحاد_الكرة_المصري_كله_معرصين .بيتكلم بقلب جـامـد إزاي ؟؟ إللي هاينطق من اللاعيبة الإتحاد هايغضب عليه و يفشخه. #التعريص_تـاج_علي_رؤوس_الفاسدين  	True	NEG	egypt	1
2021	ماهو المواطن العربيه مفعول به - والفاعل ضمير مستتر تقديره هم - وفي إعراب آخر - الفاعل ضمير بلا ضمير  	True	NEG	msa	0
2022	جدول الصف الثامنالاسبوع العاشر https://t.co/EhJ0rC1UP5	False	NEU	msa	0
2023	وش تتوقعون يأدون بانقتان 👀احس بلاك سوان موجودة 🥶	False	NEU	gulf	0
2024	واجهتها صحفية ذات مرة بسؤال كيف ستقنع الشعب الامريكي بقدرتها على الحكم اذا كانت قد فشلت في اقناع زوجها بأنوثتها  	True	NEG	msa	0
2025	#الاهلي_ضمك_دوووري_المحترررفينالمتشائم لا يرى من الحياة سوى ظلها.tLddD	True	NEG	msa	0
2026	أرواحنا تتَعافى بِقرْب من نحبّ 💕💕	False	POS	msa	0
2027	#الهلال_مكوش_علي_الكلابشركم بشرى هم في الطريق المنحدره بس الواجب نقول امين يارب العالمين كملو واتفقو على ان الخان حقهم مسحور 😂بقيادة زكيه ومياده 😜 تابعو للأخر ابو صقر https://t.co/9GSj09WkcS	False	POS	gulf	0
2028	#MMA2020 تكفون اسمعوا صراخهم 😭😭😭😭😭😭😭😭😭😭😭😭😭😭😭😭😭😭😭 https://t.co/ozUopN9Ytw	False	NEG	gulf	0
2029	من قوّة لهفتي جيتني حتى بأحلامي	False	POS	gulf	0
2030	تفاصيل جريمة قتل اكتشفها الأمن بعد مرور سبع سنوات #صحيفة_الراي #عاجل #الأردن https://t.co/1offKWG4pc	False	NEU	msa	0
2031	#prt تقرير عن المرتزقة المدعومين من الاستعمار الانكلوامريكي ضد محور الممانعة والقائد هتلر  	False	NEG	msa	0
2032	يارب  يارب سخرلي من يساعدني ويوفر لي ملابس شتويه لبنتي لو مستعمله وكم غرض لها يااارب والله تعبت من اهل النفوس الضعيفه تكفون لو بس رتويت🙏🏻😭 #لاعب_يتمتع_بااخلاق_عاليه	False	POS	msa	0
2033	"حتى الصوفية فيهم الفطرة ، هو عارف إن الصلاة للقبر حرام ،لكن مش عارف حوار الدعا معندوش الكوبيلة بتاع "" لا معبود بحق .. إلخ ""   #تعلم"	False	NEG	msa	1
2034	لاتجَازي اللي يحبك بهِجر وغياب.	False	NEG	msa	0
2035	لازم تتعلم تستغنى بنفس القوة اللي اتمسكت بيها.	False	NEU	msa	0
2036	روعة التصوير https://t.co/i1Ht5zLaDe	False	POS	msa	0
2037	و إني أحبك حباً شاهقاً ،، لآ يخدشه الخصآم بيننآ ولآ تنقصه المسآفآت .لآ يمسه أحد ولآ يعلو فوقه شيء . https://t.co/kM7HoIiqg9	False	POS	msa	0
2038	ههههههههههههههههههههههههههههههههههههههههههههه لو تدقق شوي تعرف ان سبب سعادتنا #النصر سينما ما اروق الا لما اعرف اخبارهم  	False	NEU	msa	0
2039	لو وفد حماس برئاسة هنية عندو شوية احترام للشعب كان رفض الدخول لمصر لحين السماح للعالقين بالعبور على الجانبين. اهالينا بعد يومين سفر ومرمطة ع الحواجز المصرية عشان يروحوا غزة الجيش المصري بيحكيلهم ارجعوا للمطار تاني.  	True	NEG	msa	0
2040	معلومة للتاريخ | جزيرة الشيطان بتاعة عادل امام ويسرا هي هي الجزيرة اللي وقع فيها توم هانكس في كاست اواي.  	False	NEU	msa	0
2041	الكائنات الزبلكاويه دي ابضن مخلوقات على الارض عارفين ان ناديهم طالع ميتين أمه في كل البطولات و فرحانين بالكاس ابو سلطانيه  	True	NEG	msa	1
2042	احياناً تحس أنك أسف من كل قلبك لقلبك.	False	NEU	msa	0
2043	شو صعب تحاول تركز عشغلة معينة بس .... وانت  تحاول تركز تنشغل بعدم التركيز بشغلة عدا هالشغلة المعينة بس النتيجة فقدان التركيز بسبب التركيز ععدم التركيز عن اي شي عدا الشغلة المعينة ....يفهمها من مر بها صعبة جداا 😕👌.......	False	NEG	msa	0
2044	ملجتج قربت؟ توهقتي بالتجهيزات مالج الا mk.eventskw 😝	False	NEG	gulf	0
2045	اللهم جملني بالقول الحسن ولا تجعلني وجعاً لأحد، يارب أعطني بقدر نيتي فأني لا أنوي بأحدٍ إلا خيراً.	False	POS	msa	0
2046	"الحب لا ""يلخبط"" حياتك ..الحب يرتبها ..#صباح_الخير  متأخر"	False	NEG	msa	0
2047	اكتر فيديو موتني من الضحك في موضوع المظاهرات دا المخبر الي كان شايل هتّيف و فضل ماشي بيه لحد البوكس  	False	NEG	msa	0
2048	نظراً لمستوى برشلونة المتواضع قرر مورينهو إشراك تشيندو ، فاريا و كارنكا في الكلاسيكو القادم  	False	NEG	msa	0
2049	عطيت لمو الاغنيه اللي اسمعها قبل مانام واول ماقوم	False	POS	gulf	0
2050	فجر السعيد أنتي قبيحة , حتي لو كتي جميلة الجميلات ,, نجــلاء فتحي ستظل جميلة ,, مهما العمر بها فـــات ,, نجلاء فتحي لها مكانة في قلوبنا كلنا , أما أنتي يا فُـجــر ,, سيظل قبحك ماحييتي  	True	NEG	msa	0
2051	#سُخـرية وَ حين نكون أدلة وَ براهين إفلاس العالم وَ بِداخلنا رغبة صلاة بأن لا ينتهي العالم ....! سيد الجياع	False	NEU	msa	0
2052	اعوذ بالله من الطفش الي يخليني اتعرف على ناس اتورط فيهم بعدين	True	NEG	msa	0
2053	الحفل خرا خرا ماش اذا جوا تكست نادوني	False	NEG	egypt	0
2054	كنت اقول المفارق بيننا مستحيلفكرةٍ مرّت في بالي و همّلتهالين ما طحت في درب الفراق الطويلوصارت اشياء واجد ما تخيّلتها..	False	NEG	msa	0
2055	| ✨إنّ النَّظر إليّكَ طمَأنِينة، فكيّف العِناق.	False	POS	msa	0
2056	الجيش بيضرب من الجو لازم فعلا جيش مصر يتخلص من سكان تل ابيب والشعب الصهيوني 	False	NEU	msa	0
2057	انتم ملائكة مافي عندكم فساد ولا تروحو تفسدون بلاد الاخرين. روح شوف كم سعودي في لبنان و مصر و تركيا يفسدون وبعدين تعال تكلم ع الحضرمي حسبي الله عليك و ع امثالك فاكرين انفسكم شعب الله المختار  	True	NEG	msa	1
2058	اكتشفت اني مرة مرتبة لدرجة اني ما اتعب وانا ادور شي ابد .. ابد.. مجرد اني أرمش ألقاه تخيلوا :)  	False	POS	msa	0
2059	صدقني هي بس ساعة زمن ويلاقي بديل يضحك معاه.	False	NEG	msa	0
2060	يعني بدل ما كنت المفروض تحضر شنطتك عشان تسافر المغرب ، دلوقتي هاتحضر نفسك عشان تدخل العمليات   القدر	False	NEG	msa	0
2061	#بدر_الداهومبعد ساعات ويعلن أنه الأول علي الدائره بدون فرعي وبدون خدمات للناخبين لكن الشعب واعي ويعرف يختار القوي الأمين وبأذن الله نشوف مثله بكل الدوائر	False	POS	msa	0
2062	"عاجلا"" أم آجلا، يؤدي الخطأ في التفكير إلي الخطأ في السلوك ٠#جوليان هكسلي"	False	NEU	msa	0
2063	اكسسسسترا سباااايسييي #MMA2020 https://t.co/Az7dUA16BW	False	NEU	gulf	0
2064	يمر الوقت سريعا علينا ونحن في الانتظار. نقابل كل هذه النسخ من ذواتنا في كل مرة يضربنا هذا الإحساس الغريب بأننا كبرنا فجأة أو أننا علقنا في رغبتنا في أن نكون شيئا لا يمكن إلا فيما سيأتي..	False	NEG	msa	0
2065	وتسببوا ايضا بتفجير مفاعل تشيرنوبل والحرب العالمية الأولى و الثانية ودمروا ابراج نيويورك و باعوا فلسطين وقبل كل ذلك حرضوا قابيل قبل كل ذلك على قتل هابيل!  	True	NEG	msa	0
2066	احبكم قد هالدنيا العوده	False	POS	msa	0
2067	صراحة كانت النبرة جدية أكتر من اللزوم. من الذكاء توصيل موضوع جاد بطريقة ساخرة بنتشر أفضل وبيخلي الناس تفكر أكثر  	False	POS	msa	0
2068	القرضاوى يحذر المصـريين من الخروج عن الحاكم لان فيه اثم كبير .. ده على اساس ان مبارك كان مدرب الشرقية للدخان بروح امك  	True	NEG	msa	1
2069	يتحدثون في وضع الآليات والقيود وهم بالآصل ليس لهم حد القوامه على من في بيوتهم ..  	False	NEG	msa	0
2070	خيرةُ الله.. خيرٌ من أمانينا 🤍	False	NEU	msa	0
2071	يضحكك😭😭	False	POS	msa	0
2072	عرررر لباساشوووووون😍😍😍😍	False	NEU	egypt	0
2073	أقصر قصة نجاح- انا من طرف فلان وانتهى الموضوع و الباقين لفو حشيش بشهداتهم #لبنان_الثقافة  	False	NEG	levant	1
2074	ماهي من خوارم الرجوله انك اذا انحشرت بموقف ترجع وتدخل وتحاول عشر مرات الموافف كثيرره غيره	False	NEG	gulf	0
2075	كل التل يونجون وروني تحمست بشوف التحفه	False	NEG	msa	0
2076	يا أخي شعبنا مليان، كلن عنده ايفون وجالكسي وغيره، وهذا هم سووا لنا حافز.. وش تبي بعد؟  	False	NEU	gulf	0
2077	يارب يتحقق كل اللي اريده❤️	False	POS	msa	0
2078	ياشين من تعلم الثقلوصار على حبيبه يتغلىيحسب منه مافي مثيلغلطان فيه مثلك وأحلىياعزتي لك يوم انك خليلماهقيت ان لدروبنا فرقى.	False	NEG	msa	0
2079	اشكالهم تموت😳😳😳😳	False	NEG	msa	0
2080	اهداف التون بالشوط الاول اكثر من نقاط الهلال في اسيا ههههههههههههههههههههههههههههههههههههههههه #النصر #حقيقة  	False	NEG	msa	0
2081	مافيه احد يعطي اقساط بدون غش	False	NEG	msa	0
2082	الله ياخذ سناب انا مدري هو كان معلق ولا انا غبيه، كنت منزله ستوري وردت علي وحده ومدري كيف شفتها بنت خالي تركت الي هي معلقه عليه وهاوشتها ان ليه ماجيتي امس😭😭 وهي ردت علي برياكشن منصدم وقلت لها انه بالغللط يارب تصدق وربي الي اررسل بالبدايه كانت بنت خالي كيف صارت هي مدري😭😭	True	NEG	gulf	0
2083	قايز من ذولا ححللووييننن	False	NEG	msa	0
2084	لما اذاكر الصفحه ساعه واجي ابص فيها بعد عشر دقائق https://t.co/OzzObqMQJ9	False	NEG	msa	0
2085	باليز الجاد بس يدخل خاص بأرصافه وصورهه #مبادل_الرياض #مبادل_جدة	False	NEU	msa	0
2086	حبايب ترى كنت ناويه امس ادخل المئويه الجديد ومادخلت دخلوني اليوم	False	NEG	msa	0
2087	#البحرين 🇧🇭:وزير الخارجية بمملكة #البحرين 🇧🇭 يجتمع مع وزير خارجية سلطنة #عمان 🇴🇲 .#خليجنا_واحد	False	NEU	msa	0
2088	سؤال بس يا جماعة هو انا ممكن اسمع عمرو دياب مثلا و انا بشرب نسكافيه او ماسمعش اغاني خالص؟ ولا لازم اسمع فيروز ؟!  	True	NEU	egypt	0
2089	محليين في الدائره الرابعه دخول قوي جدا للمرشح #سلطان_جدعان_الشمري بعد نجاحه في التشاوريه https://t.co/7t50REfnSB	False	NEG	msa	0
2090	بانقتان تاني 😭😭😭😭😭😭😭😭😭	False	POS	msa	0
2091	#محمد_بن_سلمانالله يحفظك ❤️🤲🏻	False	POS	msa	0
2092	هى الناس الاوساخ اللى بيتريقوا على البلد. عاوزه اعرف ناقصهم ايه الحمد لله كل حاجة متوفرة الطفح اللى بتطفحوه وماشين فى امان وفى شباب زى الورد بيموتوا عشان انت تعيش وتقعد النت تشتم النت اللى تلاقي امك دفعلك الاشتراك اتوكسوا واتلموا  	True	NEG	msa	1
2093	يونجون😭😭😭😭😭😭😭😭😭😭😭😭😭😭😭😭😭😭😵😭😵😭😭😭😭😭😭😭😭😭😭😭😭	False	NEU	msa	0
2094	"صديقة سيف ""الإسـرائـيـــــلـيــــة"" تخشى محاكمته في #ليبيا ... و قالك ""ثوار الناطو""!!   #Saif"	True	NEU	msa	0
2095	كرة ثلج تتدحرج و تكبر : لبنان بلا مخاتير بعد ٢ أيار في جبل لبنان و الا تمديد.	False	NEG	levant	0
2096	"مو قادر أنام، بس قاعد افكر داخل ال ""بيضة"" خلاص عرفت معناتها، كاليماروووووو شكرًا لكم خيو على توعية القشرة و انكسارها #Bahrain  "	True	NEG	msa	0
2097	دليل على قوة و صلابة هذا المجلس واعضاءه هناك استجواب قائم حاليا في مجلس الامة لوزير التجارة و التايم لاين مو صوبه و محد يدري عنه  	False	POS	msa	0
2098	#صالح_ذيابببب_المطيريحاجات انتهت ما راح ترجع.. وحاجات حتى لو رجعت مستحِيل ترجع نفس ما كانت.CEz	False	NEG	msa	0
2099	لا رجعت عشان أتأكد من انه الرأسماليه ماشيه بالبلد تمام ..فيه نية ماستر بس اتطمن انه ما راح يجون يساريين ..  	False	NEG	msa	0
2100	فتح معبر (سرمين- سراقب): ترميم العجز الاقتصادي لـ دمشق ومصدرُ دخلٍ إضافي لـ «تحرير الشام»https://t.co/COI9NwioR8	False	NEU	msa	0
2101	اليوم العالمي للتطوع.إعداد / رائدة النشاط : خيرية الحارثي#تعليم_جدة https://t.co/9sgQaMbxj6	False	NEU	msa	0
2102	قال الإمام علي بن أبي طالب(ع):بِكَثْرَةِ التَّكَبُّرِ يَكُونُ التَّلَفُالمصدر : غرر الحكم ودرر الكلم	False	NEU	msa	0
2103	المدهش إنه عمل Favourite لردي..تقريباً الحكماء وذوي العقل الراجح في #مصر ماسمعوش عن ال   قبل كده #PT	True	NEG	egypt	0
2104	استاد جابر. دوار الجوازات. مدخل الزهراء من على طريق المطار. صيانة شارع الأقصى السنوية. انجازات جبارة تحسب لبلادي #Kuwait  	False	POS	msa	0
2105	حتى الحين ماني متصور ان النتيجه ( ٧ ) على البرازيل لا وكنت لابس بدله برازيليه ولاشفت المباراه كل مامر من عندي واحد… يقولي مبروك	False	NEU	msa	0
2106	مقاعد الدرجة السياحية في الخطوط السعودية وسيعة لدرجة اني اقدر اتمدد وانام   	False	POS	gulf	0
2107	الله يرحمه ويسكنه الجنه .. #لكن تدرون فيه نواب يبون يسمون شارع باسم الغير المرحوم .. محمد المهري !!!! عبدالله فهاد . ماجد المطيري ناصر الدوسري . وغيرهم من لجنه المرافق ..  	False	NEU	gulf	0
2108	فازززززو مره ثانيه😭😭😭😭💕💕💕	False	POS	msa	0
2109	"ابو سروال وفنيله المتزوج لين جاء يتسحب ويقول لزوجته خويي بيسافر برى وأنا بخاويه وشو ؟؟ ""خايف يضيع يالدليله"" ツ #سحقاً  "	True	NEG	msa	0
2110	اللهم إنى أَستودِعُكَ نفسىفإن قبضتنى إليك فاقبضنى على لا إله إلا الله محمد رسولُ الله	False	NEU	msa	0
2111	السيسى | هب الشعب كله فى 30 يونيه ليقول كلمته انه لا مكان لخائن بيننا ----------------------------- احنا عمرنا مقلنا ان مرسى ونظامه حكمه زو السيطرة المحدودة على الدولة وقتها عميل او خائن احنا فعلا بننا عميل يحكم الان	False	NEG	egypt	1
2112	مجلس وزراء مصر يلغي جمعية الإخوان... وفجأة بعد القرار لم يعد في مصر شيء إسمه إخوان :))  	False	POS	msa	0
2113	#كلنا_ااالدلمانيطول بالك وتذكر إنك مريت بالأصعب وعديت، وتأكد كل حاجه صعبه تزور أقدارك لها حكمه إنك تصير أقوى وتتحمل الجاي.EgIY	False	POS	msa	0
2114	تهربين من الاين وانتِ ال متى تهربين من البرد ..وانتِ الشتاكيف و الكيف في كل ناصيةٍ ..تحتريكعبدالله العساف#مساء_الخيرᅠ	False	POS	msa	0
2115	كل ايامنا انتصارات و القدس فى عيونناافتتاحيه   ١١٧قال تعالي : بَرَاءةٌ مِّنَ اللّهِ وَرَسُولِهِ إِلَى الَّذِينَ عَاهَدتُّم مِّنَ الْمُشْرِكِينَسورة التوبة الاية رقم 1اصرخوا و ستجدون من يصرخ معكمالله أكبر الموت لأمريكاالموت لإسرائيلاللعنة على اليهودالنصر للإسلام	False	POS	msa	0
2116	ده مش الحسين .. ده شارع الهرم ..! ده مش شارع المعز .. ده شارع جامعه الدول ..! ده مش رمضان .. دي رأس السنه  	True	NEU	egypt	0
2117	"“ “ عاجل: بشار الأسد يأمر بإغلاق المساجد في التراويح وتعليق لوحة تقول ""مغلق للصلاة""   #Syria” اه يا ديني"	True	NEG	msa	0
2118	وكلُّ أمرٍ له وقتٌ وتدبيرُ..	False	NEU	msa	0
2119	لبنان بلد عربي  صحيح الحكي لهون ، بس سألنا حالنا اذا العرب بعدن عرب أصلا !! لبنان بلد عربي ذو سيادة يا شحّادين يا دعاة الإستقلال  	True	NEG	msa	1
2120	البرادعي نازل بكره إن شاء الله يا ما انت كريم يا رب..طبعاً بقى هو الأب الروحي للثورة والسبب ان الناس نزلت حاليا بعد ما ترش بالمياه  	False	POS	msa	0
2121	مساء الخير للعموم م عدا صاحبة البورش الي ازعجتني البارح بالبوري عند الاشاره وتسوي انها درباويه ..! #السمراء_الحزينه #السعودية	False	NEU	gulf	0
2122	سيد جميل كاظم: نعلم ان الزلزال المفتعل هو لتطفيشنا من الحوار، ولكننا نؤكد ان مواقفنا ثابتة ولن يغيرها زلزال هنا وهزة ارضية هناك  	False	NEG	msa	0
2123	الطب يصنع البكارة الآن، ويزيل أثر الحمل… ولكنه لا يحسم الشك، ولا يمنع الخلاف.  	False	NEU	msa	0
2124	يا جماعههههه هذااا يونجون سولو دانس ولااا ايششششششش 😭😭😭😭😭	False	NEU	gulf	0
2125	لي دايماً الحاجات ال نحن بنهرب منها وبنحاول ننساها ولمن ننساها بترجع تاني؟! 💔 https://t.co/3nZaAXHup1	False	NEG	egypt	0
2126	صادقه انتي تنقهرين من الممتازات صدقت النظرية اجل اللي الدكاترة والاساتذة مايتمنون احد يجيب A+ — لا بالعكس انبسط مره لما يجيبون فل مارك وودي اعطيهم كلهم فل مارك بس بعض الطالبات عليهم اسئله سخيفه ومو مره ولا مرتين الي يسألون! اضطر ا… https://t.co/gfUkSDGLQm	False	POS	gulf	0
2127	الله في عون العبد ماكان العبد في عون اخيه https://t.co/31KXrdpVsj	False	NEU	msa	0
2128	كن على يقين .. ألح بالدعاء .. فالإستجابة آتية ♥️🌸	False	POS	msa	0
2129	مافي ولد يطلع يتمشى مع اختو.خافي الله   #saudi للأسف احنا الواحد يستحي من اسم اختو مو يطلع معاها.كيف يصير شكلو قدام الناس	False	NEG	msa	0
2130	نداء لحامل الوثائق التى تدين النظام الحالى ياريت تنشرها أحسن تكمكم وساعتها هيبقى مكانها الزبالة . #انشر_يالا #هشام_جنينة  	True	NEG	msa	0
2131	#دستور زيرو يعني انك تعمل دستور توافقي ومحدش يعترض عليه والاستفتاء يبقي 99.9999% نعم #مصر	True	NEG	msa	0
2132	أكاونتات الخرفان كترت أوي ,, أنا شخصيآ أما باشوف أكاونت منهم ,, علي طول ,, بالجزمة وأدهـس أمــه ,, بلا رحمة ,, #الخرفان_خرفان  	True	NEG	msa	1
2133	التوقيت الريمى للخناقه على تيشيرت الدفعه لدفعة خاميه #بيطرى_المنصوره #يوميات_طبيب_بيطرى .. كل سنة وانتم طيبين  	False	NEG	msa	0
2134	صبحته عند المساء فقال لي:ماذا الصباح؟ وظن ذاك مزاحاًفأجبته: إشراق وجهك غرنيحتى تبينت المساء صباحاًمساء الخير حبيبتي💙❤☕	False	POS	msa	0
2135	اخبار هامه ينشرها الاعلام المصري يقولون قبضوا على ٣حوثيين وحمساويه وايرانيين في سيناء ( كيف ؟ مدري !!!	False	NEG	msa	0
2136	اللي انت كسرته فيا صعب حد يصلحه استهترت بمشاعري وكل حاجه مع الاسف:))	False	NEG	egypt	0
2137	الحين ليش محد يبي يتعرف علي ؟ يحزن الموضوع👈🏻👉🏻😔	False	NEG	msa	0
2138	ناس تبيعك بالظن. وناس تشتريك بعيوبك. https://t.co/qo8fvHjeUt	False	NEU	egypt	0
2139	يمان شو بتحكي؟ شو هي المسخرة؟! إنت بتكذبي كتير! أنا مو بحب القذافي وبس..... بموت فيه!  	True	NEG	levant	0
2140	صباح الخير يشباب	False	POS	msa	0
2141	ان شاء الله نوصل ليوم يكون فيه السرطان مجرد برج🖤.	False	POS	msa	0
2142	الآداب الكلاسيكية هي الآداب التي يتمنى الجميع أن يكونوا قد قرأوها، ولكن قلائل هم الذين يقرأونها فعلاً. (برناردشو)   #ملحمة_جلجامش	False	NEU	msa	0
2143	ستايل دوبي جوي https://t.co/lPBfvUlzNm	False	NEU	msa	0
2144	تبدع العاهرة حينما تتحدث عن (الشرف) .. ويبدع الحقير عندما يتحدث عن (الرجولة) !!   #منقول	False	NEG	msa	0
2145	اخر شي كنت اتوقعه انو اهرب من أحزاني بالمذاكرة. 😭😂	False	NEU	msa	0
2146	ألا يؤلمك ظهرك من حمل قلبٍ بهذا الحجم؟.	False	NEU	msa	0
2147	#خريجات_جامعيات_قديمات_عاطلات سمارا تمارا نارا والعالم فريد كل يوم مغامرات في مدينة النسيم هههههههههه  	False	NEG	msa	0
2148	شو ماكو واحد بالتايم فارغ شنو هل دب الخوف في قلوبكم ؟!	True	NEG	gulf	0
2149	#الاهلي_ضمك_دوووري_المحترررفينالمتشائم لا يرى من الحياة سوى ظلها.VGRsd	False	NEU	msa	0
2150	المشكلة لا تكمن في أني شخص حزين بشكل دائم المشكلة هي أني فقدت السيطرة ولم أعد أستطيع إزاحة هذا الحزن والملل بعيدًا عني.	False	NEG	msa	0
2151	التشكيلة اذا جانا ميسي: كورتوا/فيلبي/تيري/زوما/ازبي/ماتيتش/سيسك/صلاح(اهم واحد)/اوسكار/هزارد/ميسي.  	False	NEU	msa	0
2152	الي يعطيني روابط حصريه بعطيك 7  روابط #ميقا	False	NEU	msa	0
2153	يهودي يتبرع بحذائه لفقراء مصر  وشرفاء مصر يُعزٓلوا من مناصبهم لحمايتهم أموال الفقراء #استخفاف	True	NEG	msa	1
2154	عاجل 1 / محمد علي الحوثي يعود إلى مقر إقامته في سوق عنس بعد إعلان تشكيل مجلس رئاسي جديد لإدارة البلاد 󾌴 ههههههههههتهههههههه	False	NEG	msa	0
2155	انا خايفه	False	NEG	egypt	0
2156	لما اشوفكم لابسين دشاديش و مغترين هالشي ماراح يخليني اصوتلكم يعني توني ادري الغترة مصدر تجميع الأصوات   #gust	True	NEG	gulf	0
2157	. المعطش يكلمنا عن النجاح وهو ما فيه شيخ او تاجر ما اشحذه فلوس وعطايا .   البشر	True	NEG	msa	1
2158	  من تصريحات هولاند | عاجل | العثور على جثة بدون باسبور وهولاند يصرح: مش أخلاق إرهابيين دي !	True	NEG	egypt	0
2159	في ظل هذا الحزن من المضحك ان تقرا بان البنك المستهدف هو بنك ايراني وان احدهم يقول ان تفجيره من قبل الشيعة لاتهام داعش   #البحرين	True	NEG	msa	0
2160	"امر ترسيم الموظفين اصحاب بند الأجر اليومي له سنتان ولم ينفذ، حيث ""ساهر"" نفذ خلال ايام. الفرق : عطاء و أخذ  "	False	NEG	msa	0
2161	ذكريات المدرسهفي الحصه الاخيره؟الأستاذ يشرح والطلاب كل واحد يجهز شنطته مثل المطلقات😂😂😂😂😂😂😂😂	False	NEG	msa	0
2162	🔴 الامن النيابية: جرائم الابتزاز الالكتروني في ارتفاع مستمر و70% من ضحاياها النساء	False	NEU	msa	0
2163	عيبه يحب الكذب والصدق عيبيفي مثل قلبي وين بالله يحصل؟ https://t.co/SrzkVoqX4W	False	NEG	msa	0
2164	بلا قانون جذب بلا بطيخ ، اللي يبيك بيجيك و رزقك مكتوب لك...خلو عنكم البربسه يا هُطف...	False	NEG	msa	0
2165	الاولي بشروني عن الوضع عندكم	False	NEG	msa	0
2166	فلا ديمقرطية ابدا بدون وجود القوى الديمقراطية	False	NEU	msa	0
2167	"مقزز..! كُنت أراهـا أنت حين راقصتُها حين قبلتُها.."" للأسف لا أتحمل لمس الذكور حتى لِـ طرف أصبعي...!  "	True	NEG	msa	0
2168	يمة سمعتها تقول شوقا ولا من الشوق؟!	False	NEG	gulf	0
2169	يزم هظول جراباتي ما بفرط فيهم يزم اقلك يوخذو بغداد و نفط الخليج بس الا جراباتي   قال عيد	False	POS	msa	1
2170	المشجع النصراوي يسأل هلالي متى كانت اخر بطولة لكم بآسيا يكون الجواب كانت بعد ما اخذتو اخر بطولة بعشر سنوات غير الاربعه يعني14سنه  .	True	NEG	msa	0
2171	العثور على كوالا في منزل عائلة استراليةhttps://t.co/EKYQV97yZf#منوعات#قناة_ليبيا https://t.co/Q6pOJ7AcJl	False	NEU	msa	0
2172	ماشي منه اعلانات للبهرجه فقط .. رحنا صالتكم ف صحار قالوا ما توصلكم السرعات الجديدة ولا القديمه بعد ف كفى  	False	NEG	egypt	0
2173	وزيرة الصناعة والتجارة تطل علينا بانجاز جديد للحكومة في عهدها بأن اصبح السقف السعري لكيلو القطايف في رمضان دينار بدلاً من 1.10 !!	True	NEU	msa	0
2174	#اوامر_ملكيه ، #القطاع_الخاص رواتب الاغلب ماتتعدى ٥٠٠٠ وخذ الغلاء والضرايب ولكن وقت البدل والزيادة مالك شيء . .	True	NEG	msa	0
2175	اليوم كنت أبحث وأتواصل مع فرق تطوعيه وصادف إن اليوم #يوم_التطوع_السعودي_والعالمي 🤍🤍🤍	False	POS	msa	0
2176	المفروض إن المونـديال ده ,, اللاعب بيقدم فيه أحسن ماعنده ,, عشان يرفع قيمته التسوقية وربنا يفتحها عليه ,, واحد زي عبداللـه السعيد ده مايساواش 3 تعريفة في نظري . مش 30 مليون والكلام التهجيص ده. #إتحاد_الكرة_المصري_كله_معرصين #الفساد_تاج_علي_رؤوس_المعرصين	True	NEG	msa	1
2177	قال لك ايش احنا بنصنع نووي اذا الطبينة حقنا صنعت نووي يا ترمب ليش هي وني لا ؟ كأن ترمب متزوج ثنتين .. عادكم ما صنعتو أتفه الاشيا بتصنعو نووي ؟ و بعدين من بيهدد انه بيصنع نووي علني الا الحمير يا عادل الجبير ؟؟   انتم كارثة حلت ع المسلمين والله	True	NEG	msa	1
2178	طول ما الإرهابي عندنا في مصر / بيلاقي يـاكل بط و حمام محشي بيتقابل مع أسرته في خلوة شرعية بيطلع في الفضائيات محاط برعاية لايلاقيها المواطن العادي ( مخافة من حقوق الإنسان ) فـ الحقيقة ناقص يـنـكـحـنـا إحنا كمان ,, والبركة ف #القضاء_الشاخخ مش هانقضي علي الإرهاب بالتعريص  	True	NEG	egypt	1
2179	الملحدين في جهنم https://t.co/WbI9rEB3mA	False	NEU	msa	0
2180	اللي تطلب منه حبيبته يلغي متابعتي يلغيها فهمتو وبلا كثرة كلام لاني مسجلة خطر  	True	NEG	egypt	0
2181	صحيت على صوت المطر❤️	False	POS	msa	0
2182	تعرضت  انا واسرتي لهجوم من قطيع من القرود الشرسه  في منتزه السوده  ولو لطف الله وتواجد دوره من حماه البيئه كان العلم عند الله ماذا يحصل  لذالك اناشيد إدارة المنتزهات  بطردها من المنتزهات وحمايه المتنزهين من خطرها لانها أصبحت تشكل خطر كبير على الأسر والاطفال	False	NEG	msa	0
2183	على درب الوداع يمُوت حلم اثنين .: وبيقى الوجع طول العمُر مع واحد .	False	NEG	msa	0
2184	#مررررررزوووق_فاااااااالح_الحححححبييييينيالرؤوف،lbe	False	NEU	msa	0
2185	تتوقعون سوسن الشاعر تطلع وتقول سكب الزيت كان عبارة عن حفلة شواء كان مخطط لها قبل شهرين؟ #Bahrain  	True	NEU	msa	0
2186	دقيقه ليه مارشحوا توايس؟	False	NEU	msa	0
2187	- بيت شعري يمثّل إحساسك الآن.؟	False	NEU	msa	0
2188	- عندما تكره شخص.- فمن الرقيِّ ألّا تجعل الجميع يكرهُه من خلال حديثك السيئ عنه.- دع غيرك يخوض التجربة.- فقد يكون الخلل منك !	False	NEG	msa	0
2189	"تريد من حكام اكبر مخزن للبترول ادانة اسرائيل وهم الذين شُيد ملكهم على وثيقة""الموافقة على منح فلسطين للمساكين اليهود""  "	True	NEG	msa	0
2190	ولان المنطق ف كورة القدم بيتعرض لانتكاسه قوية ف الكرة الذهبية تروح ل كريستيانو اللى ف استفتاء المدريديين نفسهم صوتو ل ازيكو كاحسن لاعب الموسم الماضي  	False	NEG	msa	0
2191	كاني مافهم يعني	False	NEG	msa	0
2192	مو طبيعي كيف مركزه بالكومنتات أكثر من الحفل نفسه وربي يضحكون😭😭	False	POS	gulf	0
2193	"#عائض_القرني_يحذر_من_الإلحاد لما يبقى باسم يوسف مُغرى ولازم يتنقب و ربنا و الرسول بيشتموا ""   "" يبقى ننضم إلى صدر الإلحاد .."	False	NEU	egypt	1
2194	صغير مبسوط🥺 https://t.co/OBwvvLV2jj	False	POS	msa	0
2195	تدمع عيوني من الضيق وأكتمها.	False	NEG	msa	0
2196	ما مشيت ... الا وأنا عندي قناعه من تردّى بالوصل صعب .. يتسنّع .	False	NEG	msa	0
2197	اول مره اشوف كلاب لولو و جيرمن بتتحط ف ملاهى علشان العيال الثغيره يتصورو معاها و يركبوها .. زمان كان بيبقى حصان #المعموره  	False	NEG	egypt	1
2198	“ ماردونا: كأنني اشاهد نفسي مع نابولي عندما اشاهد وليد علي يداعب الكرة.. #kuwait  ” خير ان شاء الله 	False	NEG	msa	0
2199	اعلان سيتم عرض برنامج القلطه و شاعر المليون في ساحة القراده  #راح انطق   الزمن	False	NEG	msa	0
2200	محافظة الجيزة تنفي تغطية المحافظ أنفه أثناء افتتاح منظومة النظافة الجديدة بإمبابة :)  	False	NEU	msa	0
2201	يلااااا قسمو #اليمن يا دول العار !! من يشتي عدن و من يشتي حضرموت و من يشتي مأرب و شبوة ؟؟ اصلاً معنا شعب يستحق ان يقع فتافييت لانهم عادهم كل طرف يا طبال لسيد و لأسياد !!  	True	NEG	gulf	1
2202	#امنيتك_في_تغريدهأقصى أمنياتي انو الناس الغالين يبقون بخير ...💙	False	POS	egypt	0
2203	#فيتو | #السعودية: إقامة دولة فلسطينية مستقلة السبيل الوحيد للتطبيع مع #إسرائيلhttps://t.co/VZBNlniz1t	False	NEU	msa	0
2204	عزيزي المشجع النصراوي الذكي :شعار الشباب يوزع مجاناً مع وجبة بروستد وتتابع #النصر_الشباب تفوز وتتعشى وش تبي أكثر من كذا :).! #النصر  	True	NEU	egypt	0
2205	عالم ظالم	False	NEG	msa	0
2206	ما بين الريف الفرنسي و الميناء الايطالي و الشواطئ الأسبانية و وممكن الاحساء الشقيقة .  	False	NEU	msa	0
2207	فى ناس كدة اول ما تشوفهم فى الكلية بتاعتك تكره عيشتك وتكره الكلية وتكره اللى فيها	False	NEG	egypt	0
2208	اللي متفرجش علي فيديو الواد سامبو فاته كتير   بعيدا عن الموضوع لاني محضرتهوش اصلا بس الاداء بتاعه مسخره	True	POS	msa	0
2209	صندوق وش يبغى!!!	False	NEU	gulf	0
2210	واو البريك دانس	False	POS	msa	0
2211	أكره جميع الدموع الا دموع المزونياليتها كل ليلة تذرف دموعها	False	NEG	msa	0
2212	"“ اليوم الوطني للسعودية ف عام ٢٠١١ عام ""الربيع العربي"" يوم جُمعة! تتوقعوا صُدفة؟ :o   #SaNationalDay” دوبي ربطت !!!"	False	NEU	msa	0
2213	كل الذين حمدوا الله علي حالهم،زادهم الله من خيره،،،      فالزموا   《#الحمد》 https://t.co/QxhEC1PSZC	False	POS	msa	0
2214	منطقة طريق الجديدة في #بيروت مغطاة بالبياض #لبنان https://t.co/7mwFul8l7c	False	NEU	msa	0
2215	نورو عيالي 😔♥️♥️ https://t.co/dhGQvGQwby	False	POS	gulf	0
2216	بتصون بلدك بس لما الموضوع بيتعلق ب شيرين الوطنية عندكن بس اذا شيرين حكيت عن النيل   #وطنجية	False	NEU	msa	0
2217	لوقف وحدة من   تفكير الشعب اللبناني: مش إذا صرّخت وعلّيت صوتك صار معك حق، ولا إذا زمّرت وحرقت زمّورك رح يمشي السير.	True	NEG	msa	0
2218	يهبلببوون	False	POS	gulf	0
2219	مشكلتك تهرف بما لا تعرف الحمد لله بأن صك الولاء والوطنية ما ناخذها منك أنت وأشكالك كل واحد يمشي عكس هواكم سويتوا ذنب لإيران  	False	NEG	gulf	0
2220	كما توجه معالي وزير الصحة الشيخ د. باسل الصباح بالشكر  لرجال وزارة الداخلية على الجهود الكبيرة والتعاون المشترك مع وزارة الصحة لضمان تطبيق الاجراءات والاشتراطات الاحترازية والصحية@Drbaselalsabah #انتخابات_مجلس_أمة_2020 https://t.co/gAY6dju3YQ	False	NEU	msa	0
2221	يعيش الإنسان في هذه الحياة وفق قيمٍ مُعيّنةٍ يُطبّقها أو يَسعى للوصول إليها، كما تُعتَبر القيم نوعاً من أنواع المُحدّدات أو الغايات، ويُعدّ الوصول إليها نوعاً من أنواع النّجاح، وعلامةً تُؤشّر على حسن سَيْر العمل في مَراحله السّابقة، أو ما يُطلق عليه بالتغذيّة العكسيّة https://t.co/XSB2XvPrm1	False	NEG	msa	0
2222	الكمام فيه تهويه ما يخنق😛😉 https://t.co/BcsfKOqtwn	False	NEG	gulf	0
2223	شكل الموقع فيه مشكلة ما اشوف فيه رسايل 🙈😂😂😂😂https://t.co/0XQQwcapq3	False	NEG	msa	0
2224	نحن شعب لا نثور ، و اذا ثُرنا لا نطيح بالظالم ، و اذا اطحنا بالظالم نجيب اللي اظلم منه ! ...   _مريرة _محبطة :/	True	NEG	msa	0
2225	"2_هل يُطلب ممن يسمون انفسهم مفكرين إسلاميين مزيدامن جلدالذات لأجل مسح تلك الصورة النمطية؟هل حقق هؤلاء خدمة للاسلام والمسلمين أم ساهموا بتعزيز تلك الصورة النمطية؟هل أثبت حراكهم الفكري نتيجة""لسنا كذلك""؟أم أثبتوا لمن عمل على صناعة تلك الصورة ""-ألم نقل لكم"" والدليل ما قاله مفكريهم-"	False	NEG	msa	0
2226	مو مستعده لبكرا سمنمنمنمنمنمنمنمنمنمس	False	NEG	msa	0
2227	سبحان الله في ناس مايمشون إلا بعصاة وتكسير راس على الرغم من عوابتهم ولسانهم الطويل، كل آفه الله يسلط عليها آفه   القدر	False	NEG	msa	0
2228	إيران ستعيد محاكمة 3 مُدانين بالإعدام لارتباطهم بأحداث نوفمبر https://t.co/d1r5h0qqNP#انتخابات_مجلس_الأمة_2020 https://t.co/6OsubLXIQR	False	NEU	msa	0
2229	تم نشر صورة للتو https://t.co/u6VmgU7l0i	False	NEU	msa	0
2230	خليك بالرقص بس و اتركي عنك الحقوق و النضال حتى لو فيه بنات يكذبون القصص اللي انكتبتت بواقعنا كثيرة  	True	NEG	msa	0
2231	البعض أجداده أفنوا ارواحهم في سرقة خيرات البلد بعدين يجيك ويسألك من برج عاجي: انت من ولده؟   القدر	True	NEG	msa	0
2232	"ررح تحصلي كثير مثلها "" اذا كذبتي في تغريداتك وألفتي "" وفوق التأليف   من الموتى.. :) تري احترمتك لابعد درجه.. :)"	False	NEG	levant	0
2233	#مرررررررزووووق_فاااااااالح_الحببببيننننيالمنتقم،rH2	False	NEU	msa	0
2234	مقتل أبو حفص الشهري .. أمير القاعدة في باكستان ، أحس بالفخر وأنا أشوف زعماء الإجرام القاعدي بكل مكان سعوديين .. تركنا بصمتنا بشيء  	False	NEU	msa	0
2235	قريب الروح ولـو داره بعيده 😩	False	POS	msa	0
2236	بابا الفاتيكان: الاحتفال بالكريسماس بدعة وتهنئة المسيحيين فيه حرام بإجماع أهل العلم  	False	NEG	msa	0
2237	#رسالة_لكل_مدخن_ومدخنه عادي الناس الي حولكم يستمتعوا بريحتكم الجميلة وبياض اسنانكم ونفسيتكم المرتاحة   -.-	True	NEG	msa	0
2238	نتنياهو هو من كتب البيان الختامي للمؤتمر الختامي لذلك لم يذكر اسرائيل و تهجم على حزب الله و ايران  	False	NEG	msa	0
2239	قال تعالي(قد بدت البغضاء من أَفواههم وما تخفي صدورهم أَكبر)اسأل الله جل جلاله العظيم أن ينتقم منكم ويعاملكم بعدله لا بعفوه ولطفه. اللهم انهم لايعجزونك اللهم لاترفع لهم رايه.ظلمه عنصريون.يامجيب ياسميع  وحسبنا الله ونعم الوكيل#انتخابات_مجلس_الأمة_2020 @MarzouqAlghanim https://t.co/SHl1SE8zz9	False	NEU	msa	0
2240	  لكن الاستعمار قبل الثروة النفطيه من اجل النفط اما الاستعمار الحالي فهو من اجل رفع راية الظلم والاستعباد بين الاخوة في نفس الوطن	False	NEG	msa	0
2241	يازين طلعة البر وياحلو مهبّة تبعد النفس الحزينة عن حزنها	False	POS	msa	0
2242	🔸الناخبون بعد دخولهم المدرسةينتظرون دورهم للتصويت•#انتخابات_مجلس_امه_2020 https://t.co/gxzO3KSwPA	False	NEU	msa	0
2243	وما أرجو بجيلة غير أنى أؤمل أجرها يوم الحسابسعد بن أبي وقاص رضي الله عنه	False	POS	msa	0
2244	مش المفروض برضه ,, الحكومة تكون مهتمة بتوفير جـحــــش يـكـون مـسـئـول عـن الإعـلام في مصر ؟؟ وسيبك من مرهم أحمد , ده قالب عداد , عاوزين جـحـش بيفهم  	True	NEG	msa	1
2245	الأُنثى التي تجعلك تتعلق بها رغماً عنك هي التي تربي عاطفتك كالطفل تمنحك الدلال كأنك للتو خطوت أولى خطواتك9Vmmu	False	POS	msa	0
2246	بريك دانس بلو اور😭😭😭😭	False	NEU	msa	0
2247	يقول الرجل في المرأة ما يريد!! لكن المرأة تفعل في الرجل ما تريد!! هي هي هي   القدر!!!	False	NEG	msa	0
2248	يحب و يكره؟ تخيل انا اخلق اجهزة ايفون و كل واحد به تطبيقات مختلفة أنا حملتها عليه بنفسي و بالآخر أفضل جهاز على آخر و أحب هذا الجهاز و أكره ذلك الآخر!  	False	NEU	msa	0
2249	من الغيب ان تحب انسان ولا يردك بالحلال انما قصه وتنتهي ثم يا اخذ انسان غيرك ف ينصدم بعد الامتلاك..   القدر	False	NEG	msa	0
2250	العيوووون😭❤️❤️❤️❤️ https://t.co/RCiTqLBsDk	False	POS	msa	0
2251	أخيراً عادت برامج الفضائيات اليمنية السياسية السمجة وعاد المــــــــــــــرح #Yemen   #Sanaa	True	NEG	msa	0
2252	#طارق_الخطيب والله العظيم شي كتير هيك انت بميل والبيئة ب ميل انت بميل والنفايات ب ميل انت بميل والكسارات ب ميل انت بميل والتلوث ب ميل  	True	NEU	egypt	0
2253	"إنّو هالأجهزة شو شغلتها؟ وشو عّم تعمل كل هالوقت؟ عّم تلعب ليخة، مثلاً، وبدها مسلحين يحموها.. احسن ما الارهاب يأخذهم ""على حين غرة""   ٢/٢"	True	NEG	gulf	0
2254	ساد توايس مقاطعين ذا الحفل من سنتين😔	False	NEG	gulf	0
2255	خلص🥺	False	NEU	msa	0
2256	لكل اللي قالوا ١١.١١.١١ يوم عادي انا اقول لأ!! المنتخب فاز اليوم و هذا شي مو عادي ههههه	True	POS	gulf	0
2257	بوما😭😭😭😭😭😭😭	True	NEG	msa	0
2258	ولسة الناس قاعدة و مش حاسة بحاجة :) يلا يا شفيق خلص الكلام دول عالم بقر و مجرمين #Tahrir #Egypt  	True	NEG	egypt	1
2259	الآن..دكاترة الأسنان يوصون بأكل الجالكسي حيث تُعشق الشوكولاته.. معلومة من اختبار اليوم..وشكرا #pedo   #dent09	True	NEU	msa	0
2260	وش احلى من صدى كلمة حبيبـي .. ❤️	False	POS	msa	0
2261	تحصلوا على فضايح غطت ع يد النزهان ولا زالوا يكرسونها لإبعاد الشبهه، وما يد دلهوم ببعيده. وحكمها مرشح للنهائي  	False	NEG	msa	0
2262	النصر معيون !! جديدة 🤔،،وعلى ايش !! على 25 بطولة في 66 سنة 😁#النصر_مسحور #سبك https://t.co/BoyDD6Mo23	False	NEG	gulf	0
2263	الغباء لما اطلع من الاكاونت بالغلط وما ادري شنو الايميل🙂🙂	False	NEG	msa	0
2264	لما فاز سونغديوك علي الجايزه جين قام علي طول قال موه ( اسم ابن سونغديوك ) لقد فاز والدك بجائزه !!،😭😭 https://t.co/ihpc6Aixmw	False	NEU	gulf	0
2265	منظر جميل لما تقوم من النوم عشان تشوف العيال و هي رايحة المدراس و تدخل تنام تاني   القدر	False	NEG	msa	0
2266	شيكلي على ماما برقر💛💛 https://t.co/j6ot1oKBxk	False	NEU	gulf	0
2267	احبهم😭😭❤️❤️❤️❤️ https://t.co/PfFIOOB0ia	False	POS	msa	0
2268	حسام و إبراهيم يطالبون بحل النادي الأهلي ومنعه من المشاركة الكروية لانفراده بالدوري ومنعه الانتقال السلمي لللقب #Egypt  	False	NEG	msa	0
2269	LMAO “  خبر عاجل من قناة البحرين: الغواصات ايرانية تظهر من النافوره والدبابات والمدرعات كانو في الخيام لا #BTV #bahrain  ”	False	NEU	msa	0
2270	جاري شفط الجوائز.....	False	NEG	msa	0
2271	سامح شكرى يتوجه إلى إسرائيل فى زيارة مهمة لتنشيط عملية السلام. هي عمبية السلام جرالها حاجة كفى الله الشر  	True	NEU	egypt	0
2272	انا لو محل المدرب البلجيكي ما كنت طلعت لوكاكا، لانو كان نهى موضوع من هداف المونديال من هسا وعلي معلول هاد ايش، ماشاء الله كان احسن لاعب بلجيكي بالمباراة  	False	NEG	msa	0
2273	إذا طافتك اللغة وانت على الهايوي لا مانع من التوقف والرجوع إلى الخلف - كل شيء ولا تتعطل ... #bahrain #driving  	False	NEG	msa	0
2274	واقعنا الساخر وكأنه يقول فلسطين سيحررها السنه في حالة تشيُع اليهود وسوف يحررها الشيعه في حالة تٓسٓنُن اليهود   #معا_لدعم_فلسطين	True	NEG	msa	0
2275	واضح اهتمامك الوطني وحبك لابناء شعبك.اهنيك على اخلاقك الاسلاميه العاليه وين بتكون السعوديه لولا وجودك وامثالك؟ اكيد بالقمه  	False	POS	egypt	0
2276	سيناريو إصطناع الأخطاء التحكيمية وأنها جزء من اللعبة سيناريو فاشل من المهنا وعصابته ،رفقاًبعقولنا ياجماعة;-).. ! #النصر   #حزن	False	NEG	msa	0
2277	لا اخفي عليك قلقي من خسارتكأريد ان احبك دون خوف	False	NEG	msa	0
2278	اي اربأ و استنكر و اتخوّف و أدين و اللذي منو، و بعدين بفجّر و بغتال اللي بدّي   و #حيونة	False	NEG	levant	0
2279	#فرق_كبير في الواتس اب : متدين - في تويتر : مثقف - في البلاك بيري : رومنسي - في الواقع : لاتعليق  	False	NEU	msa	0
2280	سمعناها ف الأغاني زمان ما اتقولشي ايه اديتنا مصر قول هاندي ايه لمصر اتريهه كان بتدي درس واحنا فاكرنها بتغني  	True	NEG	msa	0
2281	عزيزي العارف والباحث وصاحب الأفكار العميقة والمدروسة والعلمية المنهجية .. مكانك في مراكز الأبحاث العالمية ، فلا تضيع وقتك في تويتر !  	False	NEG	msa	0
2282	#النصر_الفيصلي فريق مسخرة بداية المباراة في المركز الثامن وفي نهاية الشوط الاول مركزة السادس . وفي نهاية المباراة يرجع الثامن .  	True	NEG	msa	0
2283	الجو قلبوالنوه بداتحضره الزعانف وبدل الغطس https://t.co/xmZeRgMUqA	False	NEU	msa	0
2284	مادام بنعمل ل وزير حفله لما يزور منطقه او نائب انته انتخبته وعملته وشاف حاله على الناس وبعدهم بعملوله قمه او رئيس بلده .. احنا مش بخير . لمتى بدنا نظل نعمل من المسؤول آلهه تعبد .  	False	NEG	msa	1
2285	عزيزي مهاوش ، ممكن تعطيني دروس في التربية الوطنية و الخدمات الجليلة؟ يوم اليمعه يناسبك؟ بساحه من هالساحات الطيبة  	False	NEU	levant	0
2286	أحيانا الطريق إلى الله يبدأ بشخص يكسر قلبك أو صديق يخيب ظنك حتى تيأس فيما عند البشر وتلجأ لله وحده، فيغنيك عن العالمين.	False	POS	msa	0
2287	اللهم امطر على قبور موتانا من سحائب رحمتك ، اللهم كما سقيت الارض بمطرك اسقِ قبورهم بعفوك واسكنهم في جنتك يارب العالمين.	False	POS	msa	0
2288	نادينا بتطهير #ماسبيرو آلاف المرات لما صوتنا إندبح , يعني لما مبني أسطوري زي ده يطلع منه كل يـوم فضيحة تـعـرنـا ,, مش ده برضـه يلفت نظر حضراتكم ؟ والا إنتم واخدين علي الفضايح؟ أو مشاركين فيها ؟ الأسطي المسئول عن ماسبيرو أخبارك إيه؟؟ متضامن والا ؟؟  	True	NEG	msa	1
2289	"نيكولاس كريستوف| اندهشت عندما عرفت من تصريح الحكومة البحرينية بأنني لم اعتقل بل أنني ""سعيت لطلب الحماية من الشرطة""   #5"	False	NEG	msa	0
2290	نطول بالنومة عشان ما نقوم نذاكر 😞	False	NEG	msa	0
2291	قبل شوية كنت في محل أوكسجين ابغى افصل سكرب.. قالي بالقليل يخلص بعد شهر ونص..! ويييييييين  	False	NEG	gulf	0
2292	مرحوم يا شيخٍ يشيل الصعيباتكلن فقدك عيال واخوان وخلانيبكيك مجلس فيه جود ومرواتيابو الكرم للطيب والمجد عنوان	False	NEG	msa	0
2293	"مع خوفه من سقوط #صنعاء بيد المقاومة محمد علي الحوثي يكتب على جدران قصر الرئاسة:اذا طال الزمان ولم تروني فهذه ذكرياتي فذكروني""  "	False	NEU	msa	0
2294	يا جماعة حرام يعني نبوظ للاخوان الانتخابات... مين هيصرف بدل الهدايا واللحمة اللي وزعوها على الناس؟ دي محتاجة ميزانية جديدة  	True	NEG	egypt	1
2295	هذا غير انك بتحرم انديتهم منهم وبتفرضهم فرض على ضعوف اسبانيا تطوير المنتخب ماهو كذا يا صديقي  	False	NEG	msa	0
2296	"كل التكنولوجيا الموجودة في هالزمن ولسه يوتيوب ما عندهم ""ريبلاي"" اوتوماتيكي للفيديو  "	False	NEG	msa	0
2297	#سعودين_بدون_رواتب_٣_اشهر بس ثلاثة أشهر شوفوا بعض الدول الأفريقية مايستلموا رواتب إلا في السنة مرة واحدة فقط	False	NEG	msa	0
2298	الـحـمـد للـه ,, كــده أعضــاء الناس اللي رفعت القضية علي جـوهرة الراقصة هـاتـهــداااااااااااا جـوهرة لبست نفس بدلة الرقص ولبست تحتها شــورت و الحمد للــه هدوا أعضائكم بـأة ,,  	False	NEG	msa	1
2299	اثناء مرحلة التصميم Vs بعد التنفيذ 🌿. https://t.co/SCRLItD0d9	False	NEU	msa	0
2300	الناس الي وهي بتنيك بتصور دي ناس مريضه	True	NEG	msa	0
2301	"قتلنا عالم الإنترنت ، ربما نتحدث صمتا أكثر. لم نعد كما كنا "" نتسامر "". أصبح حديثنا مكتوب محفوظ لا ننساه أبدا فحروفنا تشهد علينا  "	False	NEG	msa	0
2302	ثلاثة أدعية لٱ تنساها اللهم إني اسألك حسن الخاتمةاللهم ارزقني توبةً نصوحاً قبل الموتاللهم يا مقلب القلوب ثبت قلبي على دينك🌺	False	NEG	msa	0
2303	فضائيات24: ايران تريد الهيمنة على الجميع	False	NEU	msa	0
2304	فاشل في عمله، وفاشل في علاقاته الإنسانية .. ويقدم دورات تدريبية في تطوير الذات والتفكيرالناقد !   #بياعين_الحكي	True	NEG	egypt	1
2305	لا تهتم بمن يتجاهلك، أهتم بمن يتجاهل الناس لإجلك.#كلنا_ااالدلمانيoOKY2	False	POS	msa	0
2306	طب بالنسبة للنور اللي قطع .... اشتم مييييييين #احنا_متراقبين الله يخربيت الاخوان الارهابييين  	True	NEG	msa	1
2307	#توفيق_عكاشة المدعي بانه مفجر الثورات لن تجد من يصدقه في هجومه علي الزعيم جمال عبدالناصر غير #الاخوان اللي شافوا سيدنا جبريل في رابعة  	True	NEG	msa	1
2308	كلاب السيسي بتنبح اهو اخص عليكي يا شيرين كده برضو معقول تحيي دولة عربية وجمهورك فيها؟ مرة تانية لازم تحيي اسرائيل وشعبها علشان ما تزعليش منك السياسة المصرية واللهي انتوا  	True	NEG	egypt	1
2309	كم وددت أن أكون طيار في سلاح الجو، لن أفقد الأمل مادام في استطاعتي شراء طيارة حربية. #ThereIsHope  	False	POS	msa	0
2310	بث هاني كاان مرهه يجنن توي عدته احب البثوث العغوية الي كذا😭👏.. https://t.co/wuUjkIPjCw	False	POS	msa	0
2311	#فيديو| في قبضة رجال الأمن. #السعودية#تم_القبضhttps://t.co/gpUuDoQ9Cu	False	NEG	msa	0
2312	#الاهلي_ضمك_دوووري_المحترررفينساعاتنا في الحب لها أجنحة، ولها في الفراق مخالب.B7At4	False	POS	msa	0
2313	#الاهلي_ضمك_دوووري_المحترررفينالحياة في نظر الطفلة الصغيرة صياح وبكاء وفي نظر الفتاة اعتناء بالمظهر وفي نظر المرأة زواج وفي نظر الزوجة تجربة قاسية.uApUH	False	NEG	msa	0
2314	لو تغيب سنين إنت من نصيبي❤️	False	POS	msa	0
2315	لو إستطعت أن تربت بأصابعك على خدها مجاملا أو مواسيا ، فسوف تبدو بقية الأمور واضحة في الأفق الغامض.   #فلسفة_زايده	False	NEU	msa	0
2316	محاولات هدم الدوله كان من ضمنها ان سوكه واسراء وشوكان وعلاء علوكه واشرف كخه يبقوا رموز للبلد دى... وبدعم دولى  	True	NEG	msa	0
2317	؛.الضحگ بمثابة الهدنه التيتربت ع گتف الحياة ,،	False	NEU	msa	0
2318	المشكله مع مجلس الشورى ان كل واحد رصيده ينافس الثاني ويتناقشون عن حياة واحد طفران راتبه ما يوصل ٨ الاف !!   #2018 #رؤية_السعودية_2030	True	NEG	gulf	0
2319	اول حاجه اصحى اشوفها و ده احلى صباح ده https://t.co/P2dDPDDOId	False	POS	msa	0
2320	دا انا مكنتش بكح ولا عندي مشكلة في حاسة الشم وقت ما كان عندي كوفيد ..دلوقتي حرفيا مش حاسة بريحة اي حاجة وبكح..ما انا طول الوقت عندي برد ومحصلش حاجة زي كدا قبل كدا😂!	False	NEG	egypt	0
2321	مسااء الخخيير🤍🤍	False	POS	msa	0
2322	محمد قالي متذاكريش وعيشي حياتك هي حياة واحدة اللي هنعيشها ف قضيها نوم وسرمحه ، وبصراحة أنا مُطيعه وبحب محمد وهسمع كلامه 😂♥️	False	POS	msa	0
2323	وجع قمت ولقيت اخوي بوجهي	False	NEG	gulf	0
2324	الجائزه الثانيه تستينيتين	False	POS	msa	0
2325	لن ينسانا الله، سيُؤتينا من الغيب أحلاه.كود خصم شقردي على اول طلب_مرسول_هنقرستيشن_وصل_جاهز_كاريدج_نعناع_هت_دومينوز_ليتل_سيزرز_مايسترو_كوبون_تمت_أرامكس_فزع_ازهلها_والم_ذاشفز_شدة_كريم_ناو_نقوة_طلبات_تويو_فود بوي_زاد_سبرنت_داعم ديليفري_اوبر ايتس https://t.co/NNDqmrdfid	False	NEU	msa	0
2326	ليش تتخرج من جانعة محترمة وبمعدل عالي وتحرجهم وتخليهم يطلعون بترقيعات مثل انك ماتعرف تشرح وهم مايعرفونك يا عطيشان؟! الله يهديك بس!  	False	NEG	msa	0
2327	التويته اللى فاتت بتدل على قد ايه الواحد بقى يفكر زى الموظفين ياللهول   القدر	True	NEU	egypt	1
2328	الله يصبرني ع الكرنج..	False	NEG	gulf	0
2329	#اااالدكتور_ددددوووويم_المويززززريالنساء يصيبهن أربعة أضعاف الصداع الذي يصيب الرجالRzEcP	False	NEG	msa	0
2330	#مررررررزوووق_فاااااااالح_الحححححبييييينيالحكم،y5D	False	NEU	msa	0
2331	 قناة أم بي سي الشيخ الفاضل مكياجه الـدين // مايـحتـاج مكيـاجك وجه منّــور ،،من الَـرحمن سبحأاانه	False	POS	msa	0
2332	إلى رحمة اللهناصر بن محمد أحمد الملحم.وسيصلى عليه عصر اليوم السبت ١٤٤٢/٤/٢٠هـبالمقبرة الجنوبية.#ناصر_محمد_الملحم	False	NEU	msa	0
2333	انتفاضة المزارعين في الهند! https://t.co/3H0OWmpDm5	False	NEU	msa	0
2334	"و لن يستقيم أمرها إلا في حين دخول منافس جديد و هذا أمر للأسف لن يحصل أبداً, حتى دو ليست منافسة لإتصالات..إتصالات ""خايسه"" .. و شكراً  "	False	NEG	msa	0
2335	#طاهر_محمد_طاهر مفاجأة #الأهلي أمام #الطلائع بنهائي #كأس_مصرالتفاصيل 👈👈 https://t.co/Lhci5Ymf4P https://t.co/5NdkVU4rkt	False	NEU	msa	0
2336	عطوا نيوزون جوائزكم	False	NEG	msa	0
2337	#Polytechnic التعليم بلغة الغرب والعياذ. بالله! اللغة الاجنبية الغربية الكافرة  	True	NEG	msa	0
2338	الإخوان أشرار لا يمكن أبدا أن يتطوروا لديهم جينات تمنعم من قبول الحياة، وعليه يجب التخلص منهم فردا فردا  	False	NEG	msa	0
2339	افففف انبسططتتتت 😭😭😭😭 https://t.co/TRq4j9U63n	False	NEG	msa	0
2340	حربشينا جوزيبي و ماركو طبطبائينو و السيد جيولياني هايفسكوني نواب تسببووا بإنهيار الإقتصاد الإيطالي .. فهل من متعظ ؟؟   #kuwait #q8	False	NEG	msa	0
2341	يلتقي فريق #الأهلي مساء السبت مع طلائع الجيش في نهائي بطولة كأس مصر لعام 2020 في إطار مساعيه لتحقيق إنجاز تاريخي في الكرة المصرية#عينك_على_العالم https://t.co/KyXkKKNXuK	False	NEU	msa	0
2342	اللهم هون علينا حمل الحياةِ وثقلها	False	NEG	msa	0
2343	حوثي حلم أنه طيب ومسالم .. قام من النوم مفزوع وقال : أعوذ بالله إيش الكابوس هذا هههههههههههههههههههههههههههههههههههههه  	True	NEG	gulf	0
2344	إذا رُميت من خلف فتأكد أنك في المقدمة قال ساخرا: غير صحيح! يجوز أنهم تقدموا عليك، ثم كمنوا لك.  	False	NEG	msa	0
2345	ويلان ياااويلان تكفففووون لاتخلوووونه@JazaaAlqahs 🇰🇼🇰🇼🇰🇼👏👏👏👏 https://t.co/YSCadtCFNe	False	NEG	gulf	0
2346	سالب دلوع خاص. #معصيتي_رIحتي	False	NEU	gulf	0
2347	لأنو ما في الا نائب واحد للمستقبل حينجح ب صيدا ... فؤاد السنيورة غداً سيعلن أنه لن يترشح للانتخابات .. #بالناقص اصلاً بضل يقبض اذا كان نائب او ما كان ..  	False	NEG	levant	0
2348	اتوقع انه اليوم حلو https://t.co/x7skHcNjOM	False	POS	msa	0
2349	انت بس لو فيك خير اعبر حدود السعوديه يالمزدوج حدك للحدود ويرجعونك يطقطقون عليك  	False	NEG	gulf	0
2350	تعبنا من كل الكلام والتنظير. مافي طائفية والديرة كلها ديمقراطية والكل بخير والحمدلله  	False	NEG	msa	0
2351	وأعرف أشخاص تزوجوا وهم لايريدون بعض وغير متجانسين ولامتطابقين ومازالوا يجاملون بعضهمم بعض ويتجرعون الالم والعاقبه عليهم والفاعل غيرهم  	True	NEG	msa	0
2352	#انا_نازل_25_يناير_2013 عشان عمرو اديب اقنعني في التليفزيون بالنزول ... واحمد من غمرة برده أثر فيا اوي مع الاستاذة لميس ..	False	NEU	egypt	0
2353	مشكلة تحتاج لحل من سنوات ، فيأتي المسؤول إلهام لا يشق له غبار فيستكشفها وبعد سنوات من اللجان والدراسة تنتهي بعدم توفر السيولة .  	False	NEG	msa	0
2354	#سؤال_لولبي, هـو مش كل مسئول يترشح لمنصب ,يتم عمل التحريات اللازمة والدقيقة عـنـه؟ أيوة , صح, طب السادة المرتشين دول من ضمن إللي تم التحري عنهم؟ أيوة صح , يكونشي العيب في إللي بيقـدم التقارير عن المسئولين؟ بتقول إييييه !! ماتشوفوا شغلكم ,مش إنتوا الحكومة وبتعرفوا كل حاجة  	True	NEG	egypt	1
2355	كمية الصواريخ والشماريخ اللي طلعت اليومين اللي فاتوا دول تتنافي عن وجود #ثورة الجياع   !!	True	NEG	msa	0
2356	كتير من الألـعـــاب الـفـــرديــة , حصــد اللاعبين فيها علي ميداليات ذهبية وفضية وبرونزية ورفعوا إسم مصر عااااااااالـــيـــآ ,, بــدون زيــارة الفنانين ولا رفـع شـعـــار (( خـمــــ5ـــــــسـة أمـــواه )) #إتحاد_الكرة_المصري_كله_معرصين #الفساد_تاج_علي_رؤوس_المعرصين	True	NEG	msa	0
2357	يعور كنت ابغا ايتيز يفوزون فيها لانهم مو مرشحين بكل شي بس ستل فخوره فيهم ومبسوطه مره ان بتس اخذذووهاااا  https://t.co/DXmw2dRErE	False	POS	gulf	0
2358	سيدني أول فريق يحقق كأس أسيا بدون أي هجمة ,أم الطقطقة ياشيخ ههههههههههههه #الهلال_سيدني   #طقطقه_على_الهلال	True	NEG	msa	1
2359	“الأهرام” تبلغ الإنتربول ضد عماد أديب لتهربه من سداد 16 مليونًا. طب ماتاخدوهم من أخــوه .. آآآدي إللي عاملين وطنييين ,, الطبقة دي ماتعملش حاجة ببلاااااااش ..	True	NEG	msa	1
2360	#الاهلي_ضمك_دوووري_المحترررفيندوام الحب في مراعاة الأدب.4AKpb	False	POS	msa	0
2361	ادعمنا بريتويت طال عمرك اكثر جملة كتابة في تويتر... لازم يكون في جمعيات خيرية مختصة بالريتويت  	False	NEG	msa	0
2362	يعني المشكل كوم وهالكم واحد اللي من يومين بلشو يحضرو باسكت وعم بحاضرو وينظرو كوم تاني..ياحبيبتي خليكي بالسياسة واتركيلنا اللعبة  	False	NEG	levant	1
2363	*قال وهب بن منبه: إنما الدنيا والآخرة كرجل له امرأتان، إن أرضى إحداهما؛أسخط الأخرى.💛	False	NEU	msa	0
2364	اشدعوة الكويت كلها قد القريات   على كل الوضع منتشر ف الخليج عامة بس اللي يفرق عندنا انو الدكاترة بيغيبون بالدور	True	NEU	egypt	0
2365	"أكتر حاجة لفتت نظرى فى النطق بالحكم النهارده , الخطبة الجميلة اللى قالها القاضى حسسنى قد ايه البلد لسة فيه نااااس .. #تييت ""     """	True	NEG	msa	0
2366	هُنِآلكَ ألمْ يِجعَلُنا نِأسِفْ فِعِلَاً لّـ مْن أهّدِينَهُمْ الحُبْ فّـ أهّدُونآ الفُرآقْ ، فِقطَ-	False	NEG	msa	0
2367	من ذكـائهـا ,, #رئيسة_كرواتيا قالت في حالة فـــوز بلـدهـا بـ كـأس الـعـالـم , ســوف تـمـنـح كراوتيا مليون تأشيرة سياحية مجانـآ .. شوف الناس دي بتعمل إيـه عشان بلدها , إحنا عندنا المسئولين بيسرقوا الآثـار و يبيعوها , أوووم السايح لما يجي يتفرج علينا بـدلا من الآثـار,  	False	NEG	msa	1
2368	بنات مو كشخه صبغ اظافر اسود مطقمه ويا الجنسيه 🧏🏻‍♀️	False	NEG	gulf	0
2369	انا مبسوط ان ريال مدريد كسب اكتر ما انا مبسوط ان احنا عملنا ثورة على مبارك #للاسف  	False	NEG	msa	0
2370	#انتخابات_مجلس_الامه_2020اختاروا صح لان ماعاد عندنا جبد تتحمل تحلطمكم ونقدكم اربع سنين جايهوشي طبيعي الزحمة ياليت تبطلون نقد وتنتظرون شوي	False	NEG	msa	0
2371	اليوم حلمي غريب شوي حلمت اني بحديقه وتهاوشت مع ناس وفجأه الشلهوب مدري من وين طلع وسرق جوالي	False	NEU	gulf	0
2372	فوضت الجيش لمكافحة الارهاب يبقى دم اللى ماتو فرابعه فرقبتك ... مفوضتش الجبش لمكافحة الإرهاب يبقى دم الجنود اللى ماتو فسينا فرقبتك  	False	NEU	msa	1
2373	احصل عليه قبل الجميع🎁 كول قل كل KUL 💎 BF87🎁 كود خصم هاي بيبي بوبي 💎 AAH87🎁 كوبون ون زليون زيليون 💎 Z179🎁 موقع مامزورلد ممزورلد 💎 YES45🎁 ريفا فاشون ريفافاشون 💎 BUY72🎁 قسيمة شراء اوناس اناس 💎 NN147السعودية KSA الامارات الكويت دبي 526695744 https://t.co/PYRePjEWNv	False	NEU	gulf	0
2374	Centrepoint the good news productsكوبـونات خَـصم 🤩* سـنتر بـوينت CB344- كوبـٌون فوغـا كـلوسيت KR8* 6 سـتريت KKK- مامـاز و بابـاز M1* كـٌود سيتـي مـاكس MF85- موقـع جـولي شُـيك OK5* انـاس اونـاس XD- ستايـلي اسـتايـلي PJ* اديـداس WW- نُمشـي ALL7- مـذركير M43sFO	False	NEU	msa	0
2375	“ عااااجل: النائب العام يأمر بفتح تحقيق فورى فى اعتداء الامن على المتظاهرين فى التحرير” Really? You don't say!!  	False	NEU	msa	0
2376	عالمة صينية تحذر: فيروسات أخرى من أسرة كورونا تحملها الخفافيش قد تنتقل لناhttps://t.co/veTbT5V83i#عاجل https://t.co/AL4A0b9JaX	False	NEU	msa	0
2377	ريال مدريد وزيدان ذبحو أنفسهم بالكلاسيكو حتى يلحقوا بالبرسا اول خسارة يكون لهم هذا انجاز بعدها بهدلة من اشبيلية . نفوز على برشلونة ونتبهدل من اشبيلية عادي  #بلاكرامة	False	NEG	msa	0
2378	"كلام قوي منطقي و مفحم. أتوقع أن ينهار ""تائبا"" في أي لحظة. أكره أن أتخيل أين سنكون دون أمثالك.  "	False	NEG	msa	0
2379	عند الوفاة الميت فقط هو الخاسر، انا البقية فسيحزنون قليلاً ثم سيتفقون متى وكيف سنصنع الطعام! #سُخريه	False	NEG	msa	0
2380	هذا روحي شوفو كيف مبسوط https://t.co/qNvHybHhAh	False	POS	msa	0
2381	عنجد انو هيدا ليه مفكر حالو هالقد كبير؟ آه،نسيت،هو من جماعة محور المقاومة. ضرط الزمان على الانذال فَعَلّاهم.  	True	NEG	msa	1
2382	أى حد حبيته وفضلته على ربنا لازم يضيع منك ف يوم :) ويوم ما تهتدى، وتفضل ربنا ع أى حد، يقوم ربنا مرجعهولك تانى !!   #القدر	False	NEU	msa	0
2383	اليوم جلدت اولادي .. ماعندكم عروض خصومات اي شئ #طقطقه   تتوقعون اجلد اولادي علشان عروضكم	False	NEG	msa	0
2384	#المستقلة | سمو رئيس #مجلس_الوزراء يدلي بصوته في #انتخابات_مجلس_الأمة_2020 https://t.co/W9ogolSPRR	False	NEU	msa	0
2385	ما خاب ظني و لاملّ الامل من رجاه يا حظ ! أبي صدفه تعين الصبر و الجلَد شف   هـ الزمان و مُجريات الحياه..العام جابت عطر!واليوم جابت ولد!!	False	POS	msa	0
2386	تحية لكل الشباب الى طالبت بتطهير الداخلية والنهاردة رفعوهم زى الأبطال وبيدو الفرصة للإعلاميين انهم يقولوا ان الداخلية جهاز عظيم  	False	POS	egypt	0
2387	في ظل إغلاق صفحات الطلبة من قبل الجامعات الفلسطينية . هل هذا يعني أن التعليم حكرا على الأغنياء فقط؟#طالب_مش_دينار	False	NEG	msa	0
2388	اومق شانكس خاين	True	NEG	msa	0
2389	مافيش فايدة ,,, الـريــــال غـلـــب الـــرجــــــال ,, عاجل.. رسميا .. الأسيوطي يعلن بيع النادي وتغيير إسمه إلى ( نادي الأهرام سبورت )  	False	NEG	msa	0
2390	ساعات الواحد يبقي عايز يقول لحد 'منك لله'، و ميهونش عليه فيلاقي نفسه بيقوله 'ربنا يسامحك علي غباوتك'..   #القدر :)	True	NEU	egypt	0
2391	السنه اللي فاتت تشايونق عطتنا اقوا ستايل واكلت الحفل وكانت الملكه جايه تعيد هالشي السنه هاذي شايفين شعرها ستايلها كلشيي😭😭😭😭😭😭😭😭	False	NEG	msa	0
2392	بس هذا افضل سبت بحياتي &lt;٤٤٤ https://t.co/XavDuvjpGW	False	POS	msa	0
2393	لازم تعملوا سد تحت جسر جل الديب كرمال تجيب مي للمسيحية 🤣@Gebran_Bassil	False	NEG	gulf	0
2394	الواحد زعلان من ماتش الاهلي اتغلبه لما بافكر ان دة احساس الزمالكاوية تقريباً طول الوقت باستغرب من قوة احتمالهم !! #الزمالك_يا_جماعة  	True	NEG	egypt	0
2395	علاقات سطحيه ، حياه صحيه .	False	NEG	msa	0
2396	الفريق سامى عنان قدر يعرف اللى محدش عرفه..ألوان و مقاسات ملابسهم الداخلية :D   #fb	True	NEG	msa	0
2397	أغنيه تمورو ذي تفوووز حتى أدارها حلو	False	POS	msa	0
2398	مورينيو وقتها قال الحكم اراد مباراة متكافئة لكي يتعادل ميلان يجب أن نلعب بسبعة لاعبيين ف فريقي يفوز بتسعة   ههه	False	NEG	msa	0
2399	أهم اختصارات تنسيق النصوص في الأوفيس:حفظ=Ctrl+Sإغلاق=Ctrl+Wقص=Ctrl+Xنسخ=Ctrl+Cلصق=Ctrl+Vتحديد الكل=Ctrl+Aغامق=Ctrl+Bمائل=Ctrl+Iتسطير=Ctrl+Uتصغير=Ctrl+[تكبير=Ctrl+]توسيط=Ctrl+Eمحاذاة لليسار=Ctrl+Lمحاذاة لليمين=Ctrl+Rتراجع=Ctrl+Zإعادة=Ctrl+Yتكبير/تصغير=Alt+W، Q	False	NEU	msa	0
2400	بالعقل كده لو كنت ف البلكونه بشرب سجاره وكباية شاي ودخلت وشوفت المنظر بتاع لاعيبة البرازيل وألمانيا ده هعرف ازاي بقا مين اللي كسب؟!  	False	NEU	egypt	1
2401	#سعودية_تعمل_سائقة_حافلة الله يحفظها و يرزقها !! ما شاء الله لان ميزانيتنا ما تكفي !¡  	False	POS	msa	0
2402	اف	False	NEG	msa	0
2403	زوارق حربية تتبع للحرس الثوري الإيراني ، تقترب من حاملة الطائرات الأمريكية نيميتيز، في مياه الخليج العربي 👀https://t.co/Gajw2WuYtO	False	NEU	msa	0
2404	عقابا ليك يا علاء.. مش انت اللى كسبته   عالم جميلة. المفروض كنا لبسناهم شفيق و ابقى صلح الثلاجة فى السجن	False	NEG	msa	1
2405	#مررررررزوووق_فاااااااالح_الحححححبييييينيالمعيد،WPf	False	NEU	gulf	0
2406	ياإلهي أشعر بجنون العشق يسري في جسدي أتخيلها كمخدة تزينت لي وقالت : هيت لك .. !! ورفضت بشده وقلت : لا لا مش ممكن #دانيت_الباتلي  	False	NEG	msa	0
2407	محماس واقف جدامي	False	POS	msa	0
2408	🟣مـن الخـ📬ـاص🎀 بنات ايش ممكن تجيب العروس هدية لعريسها في حفلة الملكة🤍🤍#المدينة_المنورة	False	NEU	msa	0
2409	إخص عليك إخـــص ص ص ص ص أنا كنت فاكرك مـــلاك ,, طلعت حـــرامي ,, وبـجـح كـمــان ,, عيب أوي لما تسرق مجهود غير عشان شوية إعجاب و لايكات ,, إيه يا شـخص المسخرة دي ؟؟ ده إنت طلعت عــرررة أوي ههههههههههههههههه طيب غير في الكلام , إعمل أبستلوف إس من تحت ههههههههههه   #موجهة	True	NEG	egypt	1
2410	حركات جرايد مثلابو كلبية انها لما تدخل قضية تفحيط ويلقون انه شاف فيلم بيقولون شوفوا الافلام وش تسوي على الناس  	True	NEG	msa	0
2411	عناوين عجبتني من معرض الكتاب: عالج نفسك بالعسل، كيف تتعامل مع الناس، مكياج السينما و المسرح  	False	POS	egypt	0
2412	عدم إحتساب هدف #ميسي في مرمى فالنسيا فضيحه كرويه يعاقب عليها إتحاد الفيفا بكبره ،   #برشلونه_فالنسيا	False	NEG	msa	0
2413	غريب أن تبحث مذيعة مثلك عن كلمة من مسؤول فيها سيرة إسرائيل و أنت المكتب الإقتصادي لا يبعد عن الفندق الذي تسكنيه سوى كيلو مترات قليلة،  	False	NEG	msa	1
2414	"هل تعلمون ان كل منا يعيش أحداث مسلسله الخاص الفرق الوحيد بيننا وبين مسلسلات التلفاز ان""طاقم العمل والمشاهدين والممثلين "" كلهم ""نفسك""  "	False	NEG	msa	0
2415	قريباً : هل تؤيد أن تتنّفس المرأة السعودية الأكسجين؟ لجواب : (لا لأن فيه اختلاط مع أكسجين الرجل)  	True	NEG	msa	0
2416	https://t.co/FQm4TtKehyحقيقي اي حد بيكره الواحد في شكله او جسمه او اي حاجة فيه ف انا مش بقول غير حسبي الله وانا عارفة يا انون اني مش واو ولا اني جميلة يعني ف مكنش لازم تقولي بس شكرا يا قمر 💖💖	False	NEG	egypt	0
2417	استاذي هلال هذا الشخص التافه لا يستفزنا بقدر ما هو يضحكنا ويسلينا والله انه  . هههههههههه	True	NEG	msa	0
2418	والله لو يكون بطل أولمبي محترف فالرمايهماأسويها لو يدفع لي فلوس 😳 https://t.co/jcmkySfrWt	False	NEG	gulf	0
2419	للأسف تعليقات البعض السخيفة والسلبية تدل على تدني مستوى صاحبها الفكري والعلمي  	False	NEG	msa	0
2420	أخبار الواقع إيران تعلن عن صاروخ كمين2. والسعودية المسخرة تعلن عن افتتاح اول سينما وعرض فلم هوليودي   ههههههههه	True	NEG	msa	0
2421	طز فيها وبأبوها وبجريدتها وباعتذارها.. هذه نتاج الواسطة والمحسوبيات خبلة تسافر على حساب المجتهد الكفء   #شيماء_عبدالمنعم	True	NEG	msa	1
2422	صباح الخير https://t.co/CQ8hT6wn62	False	POS	msa	0
2423	الكوتش يقول ليس لدينا مبرر لسوء الطالع ههههههههههههههههههههههههههههههههههههههههههههههههههههههههههههههههههههههه #الهلال #النصر  	False	NEG	msa	0
2424	الكلمات الحنونة ترمم الأرواح المنكسرةوتضمد شقوق الوجع فالجمال لا يكون بأمتلاك وجه جميل..بل يكون بأمتلاك عقلاً جميلاً ، قلباً حنوناً روحاً طيبة فكن جميل الخلق تهواك القلوب💕🐥🍒✨.	False	NEU	msa	0
2425	خفضت سرعتي الى 50 في شارع 90 بعد أن لمحت كاميرا ساهر. اليوم وصلني على بريدي شيك بقيمة 300 و ملاحظة أنه سيتضاعف ان لم أصرفه #Saudi	True	NEU	gulf	0
2426	الله وحده يعلم أني حاولت 💔	False	POS	msa	0
2427	اللهم نور دروب العباد الصالحين والساعيين لنجاح من ترضى عليهم بفضلك وقدرتك يا كريم يا رحيم يا جبار اللهم امين ✅#انتخابات_مجلس_الامه_2020	False	POS	msa	0
2428	لإني أحب النوادر أخترتك	False	POS	msa	0
2429	٤٠٠٠!!!!!!! ل محاضرة ساعتين!!!! ما فيه ولا شخص بالعالم مين ما كان ولا حتى نعومي تشوميسكي يطلب المبلغ هذا لمحاضرة ساعتين!  !	True	NEG	msa	0
2430	اداء تومورو مره حلو حبيت	False	POS	gulf	0
2431	الحين بيسوي بلوك وبيروح يتبكبك واذا مسح دموعه بيرجع يفك لانو بيشتاق لدعسنا عليهه وربي انو  	False	NEG	msa	0
2432	لموا  ....تفاصيل النعشلة قد يشقع لكم الوقت ويلتئم كل شئ  .📌نص	False	POS	msa	0
2433	مستوطنون يؤدون طقوساً تلمودية عند باب الأسباط في القدس https://t.co/QOSoGmCS15	False	NEU	msa	0
2434	لعلمك , أي حــد يـقـرأ تـاريـخ المنطقة العربية ,, ( مـاعــدا مـصـر وللـه الحـمـد وبلا فخر ) هايعمل إللي عمله ترامب وإسرائيل ,, إن شاللـه مليون مــرة ,, وسيبك من صواريخ حماس , في مصر الأطفال عندنا بيلعبوا بيها  	False	POS	msa	1
2435	وأرجو تكونوا استفدتم معانا بحلقة خاتم سليمان اليوم !! #KhatemSuleiman #RamadanDrama  	False	POS	msa	0
2436	عند علاج قضية في بلادي تشكل لجنة لدراسة الموضوع لكن المشكلة ان عدد اللجان التي تشكلت اكثر من عدد القضايا نفسها!  	True	NEG	msa	0
2437	ياا ساااتررر	False	NEG	egypt	0
2438	ملكتتي  https://t.co/tX74k1Fvyl	False	NEU	msa	0
2439	لا لا ايش هذا بفقد عقلي https://t.co/mwdykvXwDM	True	NEG	msa	0
2440	الله لا يبلانا تخيل ما يشتغل عندك الدايركت مسج ههههههههه تحس ان حسابك بتويتر خايس  #طقطه	True	NEG	gulf	0
2441	يهبللللل https://t.co/frBKFQqmTD	False	POS	msa	0
2442	اللهُم إنا نسألك راحة المتقين ، وسعادة المؤمنين ، ودعاء الصالحين ، وأجرالصابرين ، وأن تغفرلنا ولوالدينا ولجميع المسلمين .❤️اللهم صيباً نافعاً ❤	False	POS	msa	0
2443	الجو رايق والسماء ممتلئ غيم والنفس فيها من الأماني گثيره 🤍. https://t.co/ICkCFWbeRy	False	POS	msa	0
2444	تبلكت ديم	False	NEG	msa	0
2445	بينما شيوخنا بيدعوا لهدم الكنائس، بيعملوا مؤتمر اسلامي في بلد مسيحي وزعلانين انهم منعوهم من دخول فرنسا!  	False	NEG	egypt	1
2446	حتى الحاجات اللى كنت بخاف اخسرها بقيت اتنازل عنها	False	NEG	egypt	0
2447	إتــحـــاد الـكـــورة بيـقـول لكم : أنــا مــاحـــدش يـتــوقـعــنــي .. .... #إتحاد_الكرة_المصري_كله_معرصين #الفساد_تاج_علي_رؤوس_المعرصين  	True	NEG	egypt	0
2448	فجر السعيد أنتي قبيحة , حتي لو كـنـتي جميلة الجميلات ,, نجــلاء فتحي ستظل جميلة ,, مهما العمر بها فـــات ,, نجلاء فتحي لها مكانة في قلوبنا كلنا , أما أنتي يا فُـجــر ,, سيظل قبحك ماحييتي  	False	NEG	msa	0
2449	حكم ثلاثين سنة، بل يقال : أربعين سنة… وزاد عشرين سنة بعد أن غير البرلمان والجيش والدستور لصالحه، فتخشب الكرسي ولم يتخشب #الرئيس.  	True	NEG	msa	0
2450	إلقاء الشيخ العريفي المحاضرة على النساء شر لابد منه. فلو لم يفعلها هو لتغيرت المحاضرة إلى عنوان آخر قد يكون فيه ضرر أو معصية.  	False	NEU	msa	0
2451	*للبيع ارض ( حي طيبة / مخطط خالد ب ) - خلف القلزم سابقاً رقمها ؟؟؟ مساحتها ٧٥٠م على شارع ٣٢ تجاري عليها تصريح خرائط عمارة مع خمسة معارض الشارع مصرح تجاري المطلوب ١.٨٠٠.٠٠٠	False	NEU	msa	0
2452	"هو يحبكِ وانتِي مغرمة بِ آخر والآخر يموتُ هياما بِ خائنه والخائنه تبگي من حبيبها قهراً , و الحُب يضحگ بِ   ..!"""	True	NEU	msa	0
2453	كاتب ينتقد في السياسة، الاقتصاد، الرياضة، المجتمع، رجال الدين، والفن ليس بكاتب … هذا اسمه الـ “سوبر مان”   #شخابيط	False	NEG	msa	1
2454	#مررررررزوووق_فاااااااالح_الحححححبييييينيالرؤوف،AIr	False	NEG	msa	0
2455	"""ورميتُ سهم الحبِّ أقصدُ قلبها فأصاب سهمي عينها فاعورَّتِ"""	True	NEG	msa	0
2456	الحياه الزوجيه اسهل ابسط مما نتصور اي امرأه بتقدر تكسب زوجها اسمعوها يابنات ومبدأ ديكين في البيت ما بنفع 👌👇 https://t.co/BRpmGJtQ1G	False	POS	msa	0
2457	“لا تهوى مُر أحد ، إلا مُر القهوة ☕❤.”	False	POS	msa	0
2458	"ودي أعيش لحالي بس احتاج شخص يقول لي كم أنا رائع  "" #خلنتسيمج #الراتب_مايكفي_الحاجة"	False	NEG	gulf	0
2459	والاحبُ لغير قلبٍ أَحبُك أن لا تُحب 😎👋🏻	False	POS	msa	0
2460	المشكلة الطبيب يشوف نفسه دكتور تراها بكالوريوس طب ياحلو- هذا المفروض كل اصحاب المستشفيات يستقبلونه فى المطار بالورد  	True	NEG	msa	0
2461	المُفَقِعون تجاوزوا الحدود السعودية شمالاً بحثاً عن الفقع والمُفَقَعِين كروياً سيتجاوزن فقاعتهم التدريبية بعد مباراة #النصر_الهلال  	False	POS	msa	0
2462	ياحبيب قلبي وعافيته.	False	POS	msa	0
2463	إيييييييييييييييييييييييييييييييييييييييييييييييييه كمية الفاسدين والمرتشين والحرامية إللي في البلد دي ؟؟ اللـه يكون في عـــون السيسي بجــد ,  	True	NEG	msa	0
2464	كاني شفت بيدوق	False	NEU	gulf	0
2465	هالحين يغرد ياسر القحطاني ويقول خذوا نفس عميق فأنتم جمهور الهلال :)..! #الهلال_الأهلي_نهائي_ولي_العهد  	False	NEG	msa	0
2466	عفكرة، حتى إيام ما كان في حالات مالاريا وكوليرا بتاريخ لبنان -متل هلأ يعني- كان يبقى في رئيس للبلد!  	False	NEG	msa	0
2467	لسه سامع جزء من خطاب الراجل اللى اسر قائد الاسطول السادس ده القذافى احتاج 42 سنه عشان يوصل للى انت وصلتله	False	NEU	egypt	0
2468	للأسف مشاهير مواقع التواصل الاجتماعي أصبحوا واجهة لمجتمعنا ويمثلوننا في العديد من المحافل !! #هزلت  	True	NEG	msa	0
2469	"الانتخابات البرلمانية في سوريا ستعقد في ١٣ نيسان وبلبنان مددو النواب لحالن عشان ""الاوضاع الامنية"" ما بتسمح"	False	NEU	levant	0
2470	تأمل نرسيس سحنته البهيةفي مياه إحدى البحيرات فسقط ومات غرقاًفنبتت زهرةالنرجس في مكانه وفي وطني كل يوم نسقط في حفرة فينبت لنا مطب:).!  	False	NEG	msa	0
2471	لا أبدا ! فعلا .. غرضه يسيء لسمعة البلد اللي هي سيئة أصلا الحمد لله و الشكر !!  	True	NEG	msa	0
2472	بهمةٍ عالية وطموح إلى عنان السماءنفخر بأبدع بقدراتك أن فريقنا مكون من متطوعين ، بذلوا جهدهم وساعدوا غيرهم وسعوا لتطوير محتوى مميز  💫#اليوم_العالمي_للتطوع https://t.co/leHmJemwIw	False	POS	msa	0
2473	رحلت عنه فقال لها بكل #ثقة : لن تجدي مثلي ..!! فأجابته بكل   : وهل تظن بأنّي تركتك لـ أبحث عن #رجل مثلك ..!؟	True	NEG	msa	0
2474	ساعات كتير بحس إن أحمد شفيق متلخبط بين إنتخابات الرئاسه وإنتخابات نادي الجزيره  	True	NEG	msa	0
2475	ما انت لحالك من يومين بلشت نباح اي اي انا غيران منكن لأن عندكن بول بعير ونحنا ما عنا للأسف ولأنو كمان الرسول(ص) حلل انو تشربوا وما حللنا النا طيب ليش   هع	True	NEG	msa	1
2476	يتجاوزو حدودهم يقتلون وينهبون وتكتب الصحف عنهم ويتناولهم الاعلام بصورةمهذبه ولانستطيع ان نحاكمهم الا بسؤال واحد من اين لك هذا!!   القدر	True	NEG	msa	0
2477	اصلا نجران أفضل من البرسا، والأهلي ما يتقارن بريال وخمام. غلطان الي تركها وشاهد الكلاسيكو  	False	NEG	msa	0
2478	ع فكرة أنا كمان سعات باخد الكرسين اللي جمب السواق ف الميكروباص مش حوار يعني... https://t.co/3hIEkX7sJ5	False	NEU	msa	0
2479	#الاهلي_ضمك_دوووري_المحترررفينالتفاؤل يمنحك هدوء الأعصاب في أحرج الأوقات. لا بد أن يشرق الضوء في آخر النفق.E4hRq	False	POS	msa	0
2480	المرأة التي تنفخ براطمها أما كان لها أن تقف أمام المرآة لترى حجم المعاناة التي ستخلقها لزوجها :)..! #السعودية   #حقيقة	True	NEU	msa	0
2481	احس في ان في موضوع شوي يكتبون تعليق دراسه في المبرز غير شامله الهفوف او عكس  	False	NEG	msa	0
2482	لاتضحك مني  اذا لم افهم امور جيلكم هذا فعندما كنت انت لاتفهم #الحياة كنت اضحك لك محبا وفرحا ولا استهزئ بك	True	NEG	msa	0
2483	أداء ذا بويز يجنننن	False	POS	levant	0
2484	العمر قصير والقدر مكتوب ف تبتسم😐	False	NEG	msa	0
2485	وينه حبيبي احجيلي الله يخليك🎶	False	POS	gulf	0
2486	يبدو أن حكم مباراة #الهلال_الشعله لايعلم أن الهلال هو من يرتدي الأبيض والشعلة من يرتدي الأزرق :)..! #النصر  	True	NEU	msa	0
2487	ضروري يكون عندك خطة بديلة لطلبك، لما تكون في مطعم وتتفاجأ بعدم توفر طلبك الاساسي. تفاديا لأي شرقي/روج تجي طايره من ورا  	False	NEG	msa	0
2488	حاب اشكر #وزير_العمل على #قرار_رفع_الرسوم لأنه اظهر حّب التجار للمواطنين عندما ابدوا تخوفّهم من رفع الأسعار على المواطن الغلبان  	False	NEU	egypt	0
2489	ليستة الفشلة : حمدين >> مرشح سابق . حازم >> دواسة وكلاف مواشي سابق ( سجين حالي ) وبرضه فاشل البراز عي >> حمار سابق , فاشل هـارب #الخروف_مرسي >> إستبن سـابق باقي الخرفان >> هربانين ,,   و الخرفان جـابوا ورا	True	NEG	msa	1
2490	الحروب الجديدة روسيا وامريكا بيحاربوا بعض بس مش علي ارض امريكا ولا علي ارض روسيا ... لا دا في ارض محايدة (( سوريا )) مباراة كرة قدم  	True	NEG	msa	0
2491	سويتي ايزون تستحقون أكثر :((	False	POS	msa	0
2492	يطلق حرمته عشان يرضي صاحبه..وش وضع المزهريه الي كل شي يقدمه لاصحابه يجيب طاري مصيرها؟!!!  	False	NEG	egypt	0
2493	"كان في المدرسة يتبرع ب ""خرجيته"" لمساعدة اخوانه في الخليج ليتحرروا من الاستعمار قبل الثورة النفطية. العروبة كانت غير #PT   #syria"	False	NEU	msa	0
2494	موهوم.. قلل شوية من التغريدات.. لأنها على ما يبدو سببت لك #بارانويا وجنون العظمة   :P	False	NEG	msa	0
2495	مظاهرات في مخيم اليرموك بدمشق بعد صلاة الجمعة ... fuck this, here goes my weekend....  	False	NEU	msa	0
2496	"ترا كلمة ""خليّك معاي""حُب أكثر من كونها طلب."	False	POS	msa	0
2497	ليبرالية يعنى أمك تخلع الحجاب و عسكرية يعنى ابوك اللى يلبسه و اسلامية يعنى كلنا هنلبسه (حاجة تانية مش الحجاب) #liberaljokes   	True	NEG	msa	0
2498	إإإإإنـت ,, بتـاكل فراخ ؟ لأ , أووووومـــاااك , بتاكل فــراخ؟؟ لأ , أأأبـوووك ,, بياكل فــراخ ؟؟ لأ ,, تـبــأة مــش مـن مـسـتـوايــا ..  	True	NEG	msa	1
2499	المشكلة لازم تحط نغمة خاصة لشركة الشحن لأنها أهم خطوة في الحياة... لأنك ربما ما ترد على المكالمة وشركة الشحن لديها أمور أهم وأكبر منك وشحنتك كعميل...  	False	NEG	msa	0
2500	أؤمَن بأنكِ أنقى الصُدف وأحبهَا إليّ💙.	False	POS	msa	0
2501	كم مرة لازم أقول لك ما اريد أكلمك؟ عنيد بكل معنى الكلمة. روح يابه شوفلك أبناء الزرقاء ناقصات الدين جماعتك   #مريض #مرض_لندن	False	NEG	gulf	1
2502	“ هل صحيح بأن سعد الحارثي سيقيم محاضرة في مقر نادي النصر بعنوان (المنصة كما رأيتها)؟؟ أفتوني مأجورين..  ” لووووووول	True	NEG	msa	0
2503	-لا أحد يستحق أن يعرفك بعُمق.	False	NEG	msa	0
2504	رسالة للاخوان انتم مش هترحمونا من مظاهراتكم الحاشدة بتاعت كل جمعة دي مرسي مش راجع والله  	False	NEG	msa	0
2505	٢٠٠٩ الاتحاد حقق الدوري ومنافسه #الهلال ٢٠١٣حققه الفتح من الهلال ٢٠١٤حققه النصر ومن الهلال ٢٠١٦حققه الاهلي ومن الهلال   #الأهلي_الهلال	False	POS	msa	0
2506	الي يسوون عزايم السبت الا لعنة الله عليكم	True	NEG	msa	0
2507	ويُعطينا الله ما نحب ولو بعد حين🌾	False	POS	msa	0
2508	#ستامونيات مشكلتنا الـحـقـيـقـيـة إننا بـ نــواجــه المشـاكل بـ جــنـب ( بالمواربـة ) ,, بمعني مش الــوش فـ الــوش, ولذلك إتعودنا وأصبحنا محترفين في اللــف والـدوران. والعملية فـ النملية  	True	NEG	egypt	0
2509	هذي اللي ما ودك انها تعلمت على البوربوينت https://t.co/d9Lkg8gIXi	False	NEG	msa	0
2510	الله على ما يفرج كربتك قادروالله له الحكم في دبرة مخاليقه	False	POS	msa	0
2511	انا كل الوقت عّم فكر بشغلة وحدة : وين أهل الضيعة معقول هول بس أهل الضيعة؟ طب وين الثوار اصحابن من غير ضيع؟ ... يعني اخر شي طلعت حارة الضبع (باب الحارة) فيها ناس اكتر من ضيعة ربيع و نسرين او معقول كانو كلن مع وسام عم يزينو الساحة للعرس الأولاني وبعد ما رجعو عنجد شي  	False	NEG	levant	0
2512	حــد يعرف كام صـبـاع بيلعب في إيـران ؟؟ طب بـلااااش دي ,, حـد يعرف عنوان مصنع الكراسي الإيراني أو الحارة المزنوقة ؟؟ طب بلااااش دي حـد معاه رقم تليفون الواد عاشور إللي بينزل سكينة الكحربا؟ طب بلاااش دي حـد فيكم يعرف طائر النهضة الإيراني شكله إيه؟ #إيران_بتولع  	True	NEG	egypt	0
2513	أول مره امتحن الساعه ٥:٣٠ المغرب 🙂	True	NEG	msa	0
2514	#NewProfilePic المكان الأكثر رعبا في العالم 😷💉 https://t.co/lYjmryRMzz	False	NEG	msa	0
2515	مين كان يصدق في يناير 2011 إن مصر وتونس هيلعبوا في نفس شهر ثورتهم بعد 6 سنين قدام علاء وجمال مبارك في المدرجات !!   القدر	False	NEG	msa	1
2516	((الاسرائيليين ))مصدومين ومجروحين يا عيني لرفض اللاعب المصري مصافحه لاعبهم يلا سوا نصلي وندعي دموعهم تجف وجرجهم يلتئم  	True	NEG	msa	0
2517	#الجهات_المعنية_تسدد_عن_كبار_الشخصيات بعد 5 سنوات الولد لأبوه : ايش تتمنى أصير بالمستقبل الأب : شخصية كبيرة ي ولدي   #بس_اقول	False	NEU	msa	0
2518	  حكام الإمارات ونظامها،وصلت لبيروت والسفير الإماراتي يكرم وزير الداخلية اللبنانية نهاد المشنوق..يرد المشنوق بتحية أجمل منها..أنا من المبعدين من الإمارات دون سبب وغيري كتير يا ريت المشنوق يسأل السفير لماذا يتم إبعاد اللبنانيون الشيعة.. بيكفي   من الكلاب الإماراتيين...	True	NEG	msa	0
2519	إذا أراد الله شيئًا تعطلت قوانين الطبيعة،فحينئذٍ؛ البحر لا يغرق، والنار لا تحرق، والجبل لا يعصم، والحوت لا يهضم، والعذراء تلِد.. لا تقل مستحيل.	False	POS	msa	0
2520	ابشر بعزك وأرقى سنووووووود✅#عودة_الرويعي #وتبقى_الكويت #عوده_الرويعي_بين_ارضه_وجمهوره	False	POS	msa	0
2521	متنكدين .. متجمعين .. بكل أشكالنا وألوانا قآعدين نرجع تانى نموت بعض ....ليه لا ؟؟  	False	NEG	msa	0
2522	"رأيت اليوم "" اربيلوا "" على الدكة وعلامات الحزن والغضب على وجهه .... يا حرام بعده متأثر بمسبة ميسي هههههه  "	True	NEU	gulf	1
2523	تعميم شو يا أخي. ما عم نسمع ثقافتهم الوطنية الحريصة عل البلد كل يوم من كبيرهم لصغيرهم.  	False	NEU	levant	0
2524	#محروقيين من يومنا واللـه وفروتنا مشعللة , ونمأمأ في أي حـتـة وأيامنا مـأنـدلـة يا خروف مأمأ شوية و هــز اللـيية ديـة #نشيد_الخرفان_الرسمي  	True	NEG	egypt	1
2525	جميل جميل جميل جميلل وربي هذا الانسان مثالي مثالللييييي https://t.co/JUDZWYfUKB	False	POS	msa	0
2526	من الآن وصاعداً قد قررت ان اتجه للخير بقدر المستطاع، لا لشيء ولكن لكي انقص من أشرار الدنيا واحداً!!  	True	NEG	msa	0
2527	اجل تقول لي ما تهمكم خساراة الكلاسيكو؟ والفرق كان +١٠ وصار +٧ كم الفرق الحين ؟ #برشلونة_فالنسيا	False	NEG	msa	0
2528	عناصر #ريال_بيتيس خنقت لاعبي #ريال_مدريد الضغط العالي يجبر الخصم على ارتكاب الأخطاء .. كاسيميرو وكارفخال أبطال مسلسل الأخطاء الدفاعية المتكررة  	False	NEG	msa	0
2529	#انتخابات_مجلس_الامه_2020يكتبون فقره شطولها عن العنصريه والامانه..اخر شي يكتبون اسم مرشح من قبيلتهم🤣	False	NEU	msa	0
2530	عندما تخرج سيارتك من الورشةوبعدها بدقائق تسقط في حفرة فإنك لاتكتفي بلعن الأمانة بل قدتتخطى كل الخطوط الحمراءوتلعن نفسك :).!   #السعودية	True	NEG	msa	0
2531	  بتوع ضرايب الكورسات...بيقولوا للعيال متخافوش احنا جايين عشان مصلحتكم...ابهاتكم اللي مبلغين	False	NEG	msa	0
2532	صح هو معملش اى حاجة...هو لو كان عمل اى حاجة فى عشتة مكنتش الناس هتبقى عايزاه يغور :D  	False	NEG	egypt	1
2533	اليوم قعدت أشوف استورياتكم لأول مره ووالله حبيتها وختمتها كلها. https://t.co/K13LdrtwK3	False	POS	gulf	0
2534	لازم ضميري يصحصح ويستوعب ان الفاينلز بعد بكره🥰	False	NEU	egypt	0
2535	مخنوووقققههه بدمووووعععييييييي https://t.co/hhVgJE1A2e	False	NEG	gulf	0
2536	يعني الخرفان ولاد الوسخة والنشطاء ولاد الأوسخ, يسفهوا من كل حاجة بيعملها وعملها السيسي والجيش , وعاوزينا نسكت ؟؟ كل مرشح داخل الإنتخابات بيسفه من كل حاجة , إحنا كمان نـسـفـه من إللي جاب أبوه و نـهـزأ أمــه, وماحدش يقوللي عيب ولا مش عيب , دي دولة مصر ,, مش عزبة !!  	False	NEG	msa	1
2537	- يارب الأقدار السَعيدة التي تُلازم خطانا🕊💙	False	POS	msa	0
2538	التنفس بالتقسيط يحمى الاوردة من التضخم #شماتة.   وظاهرة القسوة في التعبير مؤشر احتقان مزمن	True	NEG	msa	0
2539	الرعاية الصحية بالكويت ولا عليها. مافيه احسن منها... والدليل الاغلبية من الي يروحون العلاج بالخارج رايحين سياحة مو علاج. #Kuwait  	False	POS	gulf	0
2540	اعلان ديمو من كتر ما هوه زباله خله الشعب كلو يتكلم عنو !! اعلان فاشل صاحيح !!  	False	NEG	egypt	1
2541	  نكتة أطفال تحاكي الواقع المرير.. ديناصور طلب من ديناصوره( صورتها) قالت هذا اللي خلانا ننقرض.....(؟) #نويميس	False	POS	msa	0
2542	مآحب عِلم قآلوا ويقول ويقول إذا ماهو منطقي ومقنع أآكثر من كونه لأن الفلآن المشهور العآلم قآله !  	False	NEG	msa	0
2543	تخيل كده لما مشكلة الصرف في إسكندريه تتحل،ويبقى الشارع مبلول كده عادي و مفيش برك مياه ولا طينه و لا أي حاجه خالص !!! إيه الملل ده  	True	NEU	egypt	0
2544	عمرو مصطفى: ﺍﻋﻼﻥ ﺑﻴﺒﺴﻲ ﺑﺘﺎﻉ ﺩﻧﻴﺎ ﺳﻤﻴﺮ ﻏﺎﻧم ﻣﺨﻄﻂ ﺻﻬﻴﻮﻧﻰ ﻟﺘﻘﺴﻴﻢ ﻣﺼﺮ ﻝ3 ﺍﺟﺰﺍء   #copied #7omar	False	NEG	egypt	0
2545	الأعمال المؤجلة وتأجيل الأعمال كلاهما يأخذان حيزاً كبيراً من إنجازاتي اليومية، دعواتكم أن أحقق بجهودي هذه إهدافي .   #بوح	False	NEU	msa	0
2546	راسي بينفجر	False	NEG	msa	0
2547	"#صالح_ذيابببب_المطيريولا بعيدًا عن أحد""8Zf"	False	NEU	msa	0
2548	سيناريو مساج 🔥🔥مين تبين يمسجك دادي اخوك خالك عمكاختاري وتعالي خاص او kik a7eeeeeh#معصيتي_راحتيٍٍ #كتابي #فويس	False	NEU	msa	0
2549	لا تزعلووونه كل الاحلام ضدهلا تبلشونه مع مفسرت الاحلامخلووه يحلم وافعلوا ما يريدهلعل يستوعب حكايات الافلاميا كم من العالم فقد من يعدهعزه وجاهه طلعت كلها اوهامأبو سلطان#الطموح #جدة_الأن	False	POS	msa	0
2550	اسا بنفهم انو كل يللي عم يصير طلع (صيبة عين) الله يحمينا جميع بكرا الشباب رح يعبوا الدني بالخرز الازرق…. علاج العين، بالقرآن الكريم، مش بالخرزة الزرقا. عم يتألقوا الشباب بالابداع بالافكار المميزة واللي بتجبلن رييتينغ  	False	NEG	gulf	0
2551	أنا أبطل غيرة ؟أنا بغار على الأغاني اللي بسمعها إذا حدا غيري سمعها🙂💔.	False	NEU	egypt	0
2552	لا معجب لا حاقد لا حبيب لا هدايه فيكم شي ؟	False	NEU	msa	0
2553	أحب هذه الأغنية .انا أحب الشمس تدق للمشرقة دوما بفنها وجمالها #سميرة_سعيد @SamiraSaid https://t.co/fm24r8t0zp	False	POS	msa	0
2554	ملاحظة : المقعد الرابع الذي سيمنح لاندية اسبانيا ،ايطاليا ،المانيا ،انجلترا سيكون حسب النتائج التاريخية في البطولة بآخر 5 سنوات .	False	POS	msa	0
2555	حكمة اليوم:قل خيراً او انطم	True	NEG	msa	0
2556	Riva the good news productsكٌوبـٌون خَـصم 🛍️- نـون MKP- سـنتًـر بـوينت CB550- فوغـا كـلوسيت KR8- اتـش انـد ام W5432- كـٌود سيتـي مـاكس MF85- اديـداس WW- مـذركير M43- جـولي شـيك SA8- ستايـلي PJ- مـمزورلـد BF3- نَمشـي ALL7- انـاس اونـاس XD- مامـاز و بابـاز M1jNq	False	NEU	msa	0
2557	  :ماكان ينبغي لنعاس ان يغلبني في الوقت الذي فتحت فيه دروجك المهمله !!! منار إبراهيم	False	NEU	msa	0
2558	مميزات جوال عزوم السعودي ومكونات العلبة https://t.co/M4E8Bdeji9	False	POS	msa	0
2559	#قوات_المقاومة_الجنوبية تحرر المناطق في الساحل الغربي .. والشرعية تهنئ عبدالرحمن الحجري قائد مقاومة تهامة بالنصر والتحرير .  	False	POS	msa	0
2560	يا كسول منك لـه .. إنـت مـنـتـظـر إن السيسي يكرمـش لك ورقتين بـ 100 ج , ويحطهم في جيبك ويقول تعالي خـد غيرهم بكرة؟؟ لا يا حبيب مـامـا , السيسي بيفتح لك مليون مجال للشغل , إرفع إنت بس البنطلون علي وسطك زي الرجالة وشمر اكمامك وروح إشتغل , علي الأقل تبطل تاخد مصروف م الحاجة	True	NEG	msa	1
2561	"  اخترعوا ديناً جديداً سمّوه ""الإنسانية""، ثم طفقوا يوزعون الإنسانية و ينزعونها عن ""الإنسان"" كما يشتهون!"	True	NEG	msa	0
2562	اووه طلع عندكم أكاونت تويتر. خسارة تجربتي الممتعة معاكم ماسويتلها منشن لكم.  	False	NEG	gulf	0
2563	اختارو مود البطولة القادمة 🔥🔥	False	NEU	msa	0
2564	لا والله قول لهم #مغتربين وبفضلهم انشاءالله مش راجعين واميد مش مسجلين لننتخب #انتخابات_2018	False	NEU	egypt	0
2565	اللهم صيبًا نافعًا.	False	POS	msa	0
2566	#محمد_بن_سلمانكلام من القلب للقلب يارب احسن احوالنا وثبتنا ووفقنا واسعدنا ♥️♥️♥️🌹🌹. https://t.co/xljdsITmHw	False	POS	msa	0
2567	"""كن محسنا حتى وإن لم تلقى احسانا.يكفيك أن الله يحب المحسنين."""	False	POS	msa	0
2568	مساء الآجواء الحلوه💙⛈	False	POS	msa	0
2569	#اااالدكتور_ددددوووويم_المويززززرييعرفون كل شيء إلا عيوبهم ..CxfdN	True	NEG	msa	0
2570	لا أحد يشك بخطورة اللوبي الصهيوني AIPAC ومدى تأثيره داخل اروقة الموسسات  الامريكية وصناعة القرار في البيت الابيض ما يؤرق أكثر مع تزايد الامريكيين من (المهاجرين) الشرق اوسطيين داخل المؤسسات الامريكية والحزب الديمقراطي تحديدًا تأثيرهم السلبي على المشهد السياسي بالمنطقة الأم للأسف	False	NEG	msa	0
2571	ليه	False	NEU	egypt	0
2572	احتاج إلى حبوب مُنعشة للذاكرة! كي أتذكر أخطائي التي اقترفتها من سنين طويلة..والتي يُذكّرني بها الآن من اعتبرته (صديق)  	False	NEU	msa	0
2573	#جده_الان انشاء ايميل ،تسجيل مواعيد في المستشفى   دعوات إكترونيه ،زواج ،مواليد، لجميع مناسباتكم فتح حساب في حافز تواصل دايركت😍🤝.اتمنى تدعموني😔خدمتكم شرفُ لنا ❤️	False	POS	msa	0
2574	#ضرورة_زيادة_مكافآت_الجامعة ليش ؟ أنا أشوف 1000 أوه أقصد 990 تكفي انك تشتري كتب وتسوي مشاريع وتزبطي نفسك بعلبة مكياج مخروشة كل شهر !!	False	NEG	msa	0
2575	أتمنى لو الحياة كانت سهله	False	NEG	msa	0
2576	من الخاص : السلام عليكم انا عندي مشكلة انا بنت جامعية عمري ٢٣ توني مملكة ع ولد عمي وللعلم هو كان راعي بنات بس ترك هالشي بحكم انو بيستقر ويترك .. https://t.co/WJOKNDjTr3	False	NEG	gulf	0
2577	عمرو موسى في تهنئته للمسلمين برمضان ...رمضان في هذا الوقت خطوة للامام ..وعلينا بالصيام فهو مفيد جدا للصحة   #LOL	False	NEU	msa	0
2578	الوطنية عنا بالصور صور بتحرّك مشاعرنا المزيفة وصور منستردّ فيها حقوقنا المهدورة الوطنية تغيير صورنا عالسوشل ميديا وهاشتاغات إستنكار  	True	NEG	msa	0
2579	أَسْتَغْفِرُالله 💕 عدد من ذكر وشكر 🌿 أَسْتَغْفِرُالله 💗 عدد من صلى وكبر . #كلنا_ااالدلماني	False	NEU	msa	0
2580	🌼حبوب تسقيط🌼🌼حبوب سايتوتك🌼🌼حبوب سايتوتيك🌼🌼تنزيل الحمل🌼🌼اسقاط حمل🌼🌸حبوب أجهاض🌸🌼حبوب الاجهاض🌼🌼حبوب اسقاط🌼🌼برشام اجهاض🌼🌼حبوب للاجهاض🌼🌼تنزيل الجنين🌼🌸اجهاض الجنين🌸🌼تواصل مباشر عبر خاص 🌼🌻🌻🌸🌸🌼🌼🍀🍀🌺🌺دكتورة حنـــان https://t.co/lCw45H35x5 https://t.co/LRX0iIFSZt	False	NEU	msa	0
2581	قناة24سعودي السياسية: حماس المضلل الأول بالقضية الفلسطينية	False	NEG	msa	0
2582	#فهههههههههد_غشششششششاااااام_الببببصمممممانالباقي،2Ht	False	NEU	gulf	0
2583	إذا انت لا تهتم لما يقوله الاخرون ،، إذاً انتهيت من المرحلة الاولى للنجاح .. 😉🤩 https://t.co/7dLNzQu6HI	False	NEG	msa	0
2584	انا عايزة أفهم...فى موسم تنسيق وتحويلات وتقديمات...الخ تروح الجامعة لا تلاقى العميد ولا الوكيل ولا رئيس الجامعة كلهم مش موجودين طب اللى محتاج تأشيرة ضرورى يهبب ايه؟!!!  	False	NEG	msa	0
2585	ما اضحك ولا اعصب 😅 https://t.co/r5E99FjkBq	False	NEU	gulf	0
2586	اوووو كارينا تألف اغاني 😋😋 https://t.co/lh3LiGqSmx	False	NEU	msa	0
2587	#شيرين_عبدالوهاب و الله غريب هذا الزمان السيدة حابة تعتزل (الفن) والكل مش راضي هي عاوزة ترضي ربنا والناس عاوزين يرموها للتهلكة  	False	NEG	msa	1
2588	التشكيلة اظاهر 3 دفاع جونز ايفرا رافايل و 4 وسط كاريك بارك فالنسيا ناني و 3 هجوم بربا ويلباك تشيشاريتو و الاحتياط من الرديف	False	NEU	msa	0
2589	سمو رئيس مجلس الوزراء بعد الادلاء بصوته: سعيد لما أشاهده من ترتيبات وتجهيزات صحية تختلف عن ال60 سنة السابقة وذلك في ظل الأزمة الصحية واشتراطاتها والاجراءات المطلوب اتباعها وأشيد بجهود وزارات الصحة والداخلية والعدل والاعلام. https://t.co/DMvqR4IOS7	False	NEU	msa	0
2590	وقت قلت انو صار اتفاقية بين التيار والقوات انو مش ببلاش انتخبو بي الكل في ناس قامت القيامة عليي. جورج عدوان اليوم طلع وحكي عن اتفاقية خطية... اعطينا لنعطيك!  	False	NEG	msa	0
2591	هو كل فاينال بقيت احلم بى مش ممكن يعنى احا	True	NEG	msa	0
2592	صاحبنا الوزير شربل عم يتهمنا انو لقينا شغل بالغربة بالواسطة لاحقنا لهون؟ لا صدق لو عنا واسطة ما اركنا #لبنان للي متلك!   #انتخابات_2018	True	NEG	msa	0
2593	متى ينزل عندنا مطر بس	False	NEG	egypt	0
2594	مواد وأدوات فنية وإعلامية مهمة لكل مصمم وكاتب محتوى للإنخراط في #اليوم_العالمي_للمتطوعين 💙احصل عليها مباشرة من هذا الرابط 👈https://t.co/oGhunuDun1#معًا_نستطيع #اليوم_الدولي_للمتطوعين2020 #اليوم_العالمي_للتطوع  #اليوم_العالمي_للتطوع_2020 https://t.co/8vQg9Rejyj	False	NEU	msa	0
2595	العماني ايصير مغترب في بلاده يبحث عن لقمة عيش يترجى هنديا كان عامل مزرعة (بيدار) يعمل في مزرعته  	False	NEU	msa	0
2596	ياليت من هو عندة بيت بس وسياره بنتلي اخر موديل بس وحساب ميه مليون بس والله ماعاد اتسلف من أحد  	False	NEG	msa	0
2597	ملتني حب و حنيه	False	POS	msa	0
2598	دخلت لغرفتي الصغيرة وأغلقت الباب والنافذة حتى إني لم أشعل الضوء،، توجهت لفراشى واستندت على وسادتي،، رغم ان طقس اليوم هو الأحب لقلبي،،، لكن للأسف لم تعد تستهويني رائحة المطر حين تلامس التراب ولا التفائل الذي كان يرافقه يملأ قلبي،، كل ما يملأ قلبي هو حقد،،، عمن هم حولي 👇👇	True	NEG	msa	0
2599	أكبر أعلامي هلالي شاطح يقول عن رئيس #النصر راعي شطحات ياحبيبي إنت شنبك لحاله شطحة :).!  	False	NEG	gulf	1
2600	الحب كالموت يغير كل شئ بطريقة	False	NEG	msa	0
2601	علطول تذكرت كلام الطبله الفراج أمس لازم تتقبلون وظائف مدير رياضي ومسؤول حمية سالفة مدرس واداري انسوها ! المحزن أن أبناء وبنات البلد جالسين بلا عمل بحجة الاكتفاء ولازم يغيرون من طريقة تفكيرهم ثم يتم جلب الأجنبي مكانهم !   وجنون لايمكن تفسيره #نرفض_استقدام_معلمين_مصريين	False	NEG	msa	0
2602	ياليتني فرّوج ،، أكبر همي أعيش يومي،، وآخرتي يقدموني مشوية في صحن الطازج مع سلطة طحينة  	False	NEG	msa	0
2603	كيف توقف قلبك في ثانيه  https://t.co/HKA2tSPGgY	False	NEG	msa	0
2604	ياجماعة نبي كتب الصادق النيهوم مليت من الpdf وحجزت من صفحة ليا شهر نستني فيهم💔	False	NEG	msa	0
2605	ياقرة عيني، اتصل بي أحد الثقات وقال مارأيك ان نذهب الى واشنطن صد رد 16 ساعة .. مارأيكم؟	False	NEG	msa	0
2606	الساركازم هنا فى مصر بقى مفهومة أن أحنا نقل أدبنا على أى حد و كده ابقى انا ساركاستك مع ان هو المفروض ميطلعش عن إطار الإحترام.  	False	NEU	egypt	0
2607	هل أنتِ ألوان؟ https://t.co/30vSnp42Ej	False	NEU	msa	0
2608	معايا موز ومعايا خوخه :)	False	POS	egypt	0
2609	. أنا لا أتحدث لغة المستعمر.. أنا المستعمر نفسه، لقد أرسلني السلطان القرشي العظيم إلى الولاية المغربية لجمع الجزية  	False	NEU	msa	0
2610	كل شيء هنا بأمريكا بيفكرني بالسعودية ، الناس الرايقه ، الجو الباريسي ، الخضار ، النظام ... ولا كأنك بالسعودية  	False	POS	msa	0
2611	"وجميع العشاق حين يفترقون يدعون الله لقاء يجمعهم صدفة وحين يحدث ذلك اللقاء ""المزعم""يتسابقون على غض البصر لايملكون الجرأه للنظر لبعضهم.!  "	True	NEU	msa	0
2612	احتاج رفقاء سوء هذا العام .اكتبوا سيرتكم الذاتية، وجرائمكم وأنا بختار 🦋 #علموني_كيف_احب	False	NEG	msa	0
2613	محد والله العظيم محدجيمين: https://t.co/GRwkDhFKM2	False	POS	msa	0
2614	هل تعلم النصر يخسر امام الهلال بثلاث مدربين بموسم واحد • ديسلفا • كنفارو • كنيدا   #طقطقه_على_النصر	False	NEU	msa	0
2615	أهواك كلمة لوهي تنقاس بالشوق❤️	False	POS	msa	0
2616	رابح صقر يُغني ويقول : هذي بحرين المحبة مملكة عمري وروحي..!! طيب والمملكة مملكة عمر وروح مدير أعمالك ؟ #بوح #كذب  	True	NEU	egypt	0
2617	تلاقى البنت من دول عامله لاهلها كلهم بلوك من ع الفيس ههههههههههههههههههههههههههههههههههه #مسخـــــــــرة و المصحف	True	NEG	egypt	1
2618	كلك سكر ياباريس نجد https://t.co/4W1pDmYs0p	False	POS	msa	0
2619	السدود بتضر بالبيئه (فقط في لبنان) اما معمل الاتربه بالعكس...بتزيد المساحات الخضرا بلبنان.  	True	NEG	msa	0
2620	"من   القدر انك لو صرخت فى مكان فاضى باعلى صوتك "" #موووورسى"" ... هيرد عليك الصدى ويقولك : ""سى سى سى سى سى"""	False	NEG	msa	1
2621	لتس قو ماين دانسرز	False	NEU	msa	0
2622	سكيز مافي ايتيز مافي فانز مافي توايس مافي يونقي مافي حفلهم فلوب❤️	False	POS	gulf	0
2623	#أردوغان يشن هجوما جديدا على الرئيس الفرنسي #ماكرون، ويصفه بـ #المصيبة التي يجب أن تتخلص منها #فرنسا في أسرع وقت، وذلك عقب قرار الداخلية الفرنسية بمداهمة عدد من المساجد وتفتيشها.إستمروا بـ #مقاطعه_المنتجات_الفرنسيه39 https://t.co/XBhP6ULgjc	False	NEG	msa	0
2624	برءوا العادلي ونظامه من التعذيب وقتل المتظاهرين وقطع الاتصالات لكن تم ادانته بفساد مالي وسخره واخد فيهم عشر سنين  	False	NEG	msa	0
2625	ما شاء الله المطر ❤️الجو تغير في ثواني ، سبحان الله 🌧️	False	POS	msa	0
2626	يا دكتور ... خلص الأسبوع وما تنحى الملك .. ممكن تبطل تنقل عن صحف   مثل ديلي ميل واخواتها...	False	NEG	msa	0
2627	#الهلال_يستمر_كوشه تخيل فريق يجلدني دوري وكأس ويأهلني للسوبر وياخذني لندن ويجلدني مرة ثانيه  	False	NEG	gulf	0
2628	بصرخ صوت جين ل سونقدوك😭😭😭😭😭😭😭😭😭😭😭	False	NEG	msa	0
2629	الصلاة الحقيقة هي التي تقوي نفس الإنسان واستعداداته وتحرره من الجزع والهلع https://t.co/zta9JxBViI	False	POS	msa	0
2630	مايحدث في برنامج #كورة_روتانا ليس إلا فهم خاطئ لـ #حقيقة أن الخال ثالث الوالدين :)..!  	False	NEG	msa	0
2631	"أختي شافت نوق في الغرافة. تعليقها كان كالآتي: ""أوّل مرة أشوف شي جديد في الغرافة.""  -القدر"	True	NEU	gulf	0
2632	"شأنك هو شأنك أنت،في مسرتك وتعاستك""لاقدر الله""،وعليك أن تتحمل نتائج جهودك وأن تقطف ثمارها ،حلوة كانت أم علقم ، وأن لم تكن كذالك فانت بلا شأن، ،،ويقال ذو شأن."	False	NEG	msa	0
2633	أُريد الجُلوس مع شخص مُختل عقلياً ، أتحدث بكُل ما بداخلي فيستمر بالضحك .!حتى يُشعرني بسخف الأشياء التي أرهقتني طيلة هذه الأيام	False	NEG	msa	0
2634	عااااااجل: آخر نتائج لجنة تقصى الحقائق بشأن احداث بورسعيد.... الهدف الثالث للمصرى تسلل!  	True	NEG	msa	0
2635	الريال يواجه إشبيلية اليوم .. https://t.co/GMk3kgNlxe	False	NEU	msa	0
2636	محد:يمين محد:رهف بدون سبب https://t.co/62EkHqCMMR	False	NEU	msa	0
2637	 قناة أم بي سي بالشيخ محمد العريفي لا يَ قناة الفسق ملعون أبو إخراجك عدوة الدين // واهل الدين واعوااانه	True	NEG	msa	1
2638	وما ينبكي عليه من دون أسف... ناس بتشد بهالدراما طلوع وناس عندها هواية الهبوط الى الدرك وبثقة  	False	NEG	msa	0
2639	شوفوا مين من المسئولين المعرصين إللي بياخدوا رشاوي من السوريين في مصر ومقوي قلبهم أوي كـده. أيوة فيه مسئولين معرصين يبيعوا نسوانهم بالفلوس مش بلدهم بس, وشوفوا مين بيسهل لهم عمليات التمليك للمحلات والشقق والجنسية ,, ياحكومة فاشلة لازم وقفة وطنية #أحــا سكتناله دخل بحماره,  	True	NEG	msa	1
2640	يا مطير .. اختيارنا يحدد مستقبلنا غداً ومستقبل أولادنا وأحفادنا.#الدائرة_الرابعة #انتخابات_مجلس_أمة_2020 #الدائرة_الخامسة #مجلس_الأمة #مطير_ملتزمون_بالتشاوريه	False	NEG	msa	0
2641	  من أول ساعة انعقاد لبرطمان السيسي ، لم أتوقف عن الضحك ابدأ ، ولكن في سؤال محيرني جدا . لماذا تم فصل العوكش من المجلس ؟!؟	False	NEG	msa	0
2642	مفيش حد هيحس بيك،  غير الشخص الي قدامك في المرايه ، اضحك دايما وهتلاقيه بيضحك معاك👌	False	POS	egypt	0
2643	بعض جماهير #الاهلي لهم ثلاثه ايام يتكلموا على ان بعض جماهير #الاتحاد لهم ثلاثه ايام فرحانين بالتعادل  	True	NEG	msa	0
2644	مفروض تقوم هيئة الترفيه بعمل تذاكر للتصوير السلفي مع الصاروخ .   #السعودية_العظمى	True	NEU	egypt	0
2645	زمن الفعاليات والعالم الخاص😔 https://t.co/F5W6b7JUXz	False	NEU	msa	0
2646	يضحّك شويا إنو يترشح فيلم للأوسكار من بلد ما فيها سينما اصلًا . #فيلم_وجدة_الى_الأوسكار  	True	NEG	msa	0
2647	وفيات تاربة_اليوم وادي حضرموت  https://t.co/UuoLeX7Pit	False	NEG	msa	0
2648	ساهم تطبيق الإجراءات الاحترازية في رفع الأسعار عندما نلزم الناقل بالفصل بين كل مقعدين ولو كان الركاب من سكان بيت واحد.رحلة الخطوط السعودية بين الرياض والدمام 402 ريال؟!كانت 200-250 ريال قبل #كورونا. صح؟هل الارتفاع مبرر؟	False	NEG	msa	0
2649	يمااه جيمين ازرق !!!!	False	NEU	gulf	0
2650	#مسببات_الفله الحنه الحنه الحنه الحنه الحنه تالي يفل و يتعرف على وحده تحن أكثر من الأولى   القدر	True	NEG	msa	0
2651	لقد تجاوزتك ، لكنه كان إنتصاراً حزيناً للغاية .	False	NEG	msa	0
2652	ليش السبت دايم غثيث وكئيب ؟!	False	NEG	msa	0
2653	شنو ماتدري. اصلا ماكو اي علاقة بين اخبار الانتخابات وشطب مرشحين بالانتخابات   لول	False	NEG	msa	0
2654	انا جبت كافاني مكان خيمنيز الساعه 1 بالظبط ومعرفش عمل كونفرم ولا لأ	False	NEU	msa	0
2655	اكره الناس الأنانية اللي همها نفسها وبس	True	NEG	egypt	0
2656	"الخارجية السعودية تدعو بعض الدول لمنع مواطنيها من الالتحاق بداعش(!) ايه يعني الدواعش آقاى باقر زاده و غلام پور ""مو"" سعوديين أبـدا  "	False	NEU	gulf	0
2657	ظريفة .. شاهدوها .. https://t.co/3PHliJ1Uhm	False	POS	msa	0
2658	والمشكلة الكبرى .ان حفل تدشين مركز التدريب اللي تابع الوقود البيئي ( طلع چذبة إبريل) لا مركز تدريبي ولا بطيخ .. تدربنا بغرفة غير مجهزة ، لا محتوى ولا كتيب تدريب ولا حتى قلم .. والغدا يابوه لنا من مطعم هندي من الفحيحيل .  . #عين_عذاري.	True	NEU	levant	0
2659	وصل لي الآن / الـخـرفـان بيقولوا إن الـسـيـسي لـمـا شـاف إن مافيش حـد ناوي يترشح , فـ طـلـب من سامي عنان وخالد صـوبـع ومرتضي كوارث , الترشيح. علي فكرة , الشتيمة فيهم حلال   جابتنا ورا	True	NEG	egypt	1
2660	انا اشلون اتخطى الازرق؟؟https://t.co/lq6ly3WoSs	False	NEG	msa	0
2661	ماذا لو عاد معتذرا ؟:	False	POS	msa	0
2662	انا قررت اسرق مليار دولار وأجيب فريد الديب محامى ليا واديلوا ١٠٠ مليون يطلعنى براءة وأعيش حياتى بقى..	True	NEG	msa	0
2663	اصعب الاشتياق ان تشتاق لنفسك القديمه لضحكتك القديمه لقلبك القديم ..	False	NEG	msa	0
2664	شكلنا دخليين على ايام سودا الشعب صعد الموضوع و عملوا حملة انلايك لصفحة المجلس العسكري #الإعلان_الدستوري_المكمل #LoL  	False	NEG	egypt	0
2665	حاول تبّرر خطاك .. أنا ودي أسامحك!	False	NEG	msa	0
2666	خناقة واشتباكات فى مسرح البرلمان بين اعضاء المصريين الاحرار واعضاء دعم مصر ... واضح ان الطلب على مشاهدة البرلمان هايبقى مطلب شعبى  	False	NEG	msa	0
2667	خلصصصتتت اخيرا 😤	False	POS	msa	0
2668	مشاكل الاسكان في السعودية تذكرني في الافلام المصرية في فترة التسعينات والثمنينات!   القدر #مونوبلي	False	NEG	msa	0
2669	فى الوقت اللى بيستعد الاهلى انه يلعب فينال افريقيا الزمالك بيستعد انه يلاعب طنطا فى الكاس 	False	NEU	egypt	0
2670	التطبع مشكلة! ليش اقعد اهنيء المسيحين بالميلاد وهم ادرى بدينهم ولا يعترفوا بأعيادنا حتي؟! الوضع مزري جداً!! #أعيادـالميلاد  	False	NEG	msa	0
2671	""" نهاية العتمة نُور ، لذلك كُن عبداً صبور "". Mydz#كلنا_ااالدلماني"	False	POS	msa	0
2672	من سفالة هذا العصر أن الماجنين وأصحاب الخلاعة والمتهتّكين هم من يحدد درجة إيمانك وعلاقتك بالله!  	False	NEG	msa	0
2673	#رؤية_عمان_2040 في الصف الثاني عشر درسنا رؤية عمان ٢٠٢٠ ، و الآن أرى هنا رؤية عمان ٢٠٤٠ ، هل هي مجرد رؤى ؟ #إستهزاء بعقول #الشعب	True	NEG	msa	0
2674	حكومة الدنبوع من جنب باب الحمام اكرمكم الله حق غرفة الدنبوع في الدور الثامن لان علي محسن كان داخل ماقد يصدر بيان من داخل رجع اصدر بيان من خارج وهو لابس للبجامه الوردي والبيان ينص على مباركة قرار ترامب بشأن الاتفاق النووي!!!  	True	NEG	msa	0
2675	#الجرائم_الجنسية في مصر ,, أصبح شكلها غريب جــدآ .. وتسبب الخوف والرعب حتي من أقرب الأقربين .. المفروض #إعدام_المغتصب أي كان وضعه , إعدام إعدام ,, و لا نقض ولا إبرام ولا حتي محامي يدافع عنه, لإنه ببساطة الضحية ماجابتش محامي يدافع عنها .. ياقانون يا طــري !!!!  	True	NEG	msa	1
2676	بلكتني 🤣🤣🤣	False	NEU	levant	0
2677	ههههههههههههههههه الميديا بتنشـر الـغـسـيــل الـوســـخ لـ الـسـيـد الـبـدوي ..!!! طــب إسـتـنـــوا لـمـا يشتري بـدلـة جديدة طب لما يـكُـح ,, هو ف الحقيقة غسيلـه الوسخ كتير ,, ويرجعوا يقولوا لك نظام السيسي كـمـعـي ,, جاك كمع يدخل من نافوخـك يطلع من نافوخك التاني  	True	NEG	msa	1
2678	#الاهلي_ضمك_دوووري_المحترررفينليس ثمة حبال أوسلاسل تشد بقوة أو بسرعة كما يفعل الحب بخيط واحد.Uj4Df	False	POS	msa	0
2679	2/2عاجل .بعد حفر الدوار تم العثووور عًلـّۓ نفق يصل الـبحرين بايران المصدر : قناه البحرين.  . #bahrain	False	NEU	msa	0
2680	منير الماوري يغرد قائلا فرصة المؤتمر الشعبي كبيرة في الحكومة المقبلة لأن المبعوث الدولي يشترط حصة الثلث للنساء.  	False	NEU	msa	0
2681	أنت قصيّده لـ البدر قالها ​:حركت قلبي وأشغفت حبل الوتيّن 💜⠀⠀⠀#حازم https://t.co/x0Mc1C3rsN	False	POS	msa	0
2682	من اراد سعادتي كان من الجرأة مااكون ... فلا يعقل ان اكون من التحرر ما يعجز واكون برفقة ... من البوتقة يضعني ...   #بيشو	False	NEG	msa	0
2683	زوجة العساف يوم طلع للدوام قالت له : وانت جاي جبلنا بأربعهـ مليار خبز #مصخره  #حنتشه	False	NEU	msa	1
2684	يحن قلـــبي للحـــبايب و يشتاقوالشوق يرسم طيفهم في مناميأحبهم و أسهر مــع الحب تـــواقفيهم حديث النفس وأحلى كلامي	False	NEG	msa	0
2685	في واحد سايق امها .. مسويلك تويتة تهنئة للرجال ويمنشن فيها كل من هب ودب نساءً ورجالا .. طيب غير حرف حرفين عشان تزبط  	True	NEU	egypt	0
2686	#غزه_تحت_القصف العبري و #صنعاء_تحت_القصف العربي والعبري يقول الفلسطينيين إرهابيين والعربي يقول اليمنيين إرهابيين  	False	NEG	msa	1
2687	# طبيعي لو انا مكانها بطلب منه أكثر ..ليش يزعل منها (:	False	NEG	msa	0
2688	عيناك مازالت تهزُمني و أنا أدّعي القوه كذبًا|~Bn#كلنا_ااالدلماني	False	POS	msa	0
2689	اشاهد مسرحية لطارق العلي وارى جميع فنون المساخة والقرف والاستحلاب الكوميدي الفاشل للاسف هذة اخر الزمن الفني.  	True	NEG	msa	0
2690	The Dua that certainly will bring change in your life! https://t.co/Qnmi4EXaSa via @YouTubeحسبي الله الذي لا إله إلا هو عليه توكلت وهو رب العرش العظيم هذا آخر سورة التوبة، هذا كلام طيب بس تكراره سبع مرات ضعيفhttps://t.co/LJc2QxG2X9الحكم-على-حديث-من-قال-حين-يصبح-ويمسي-حسبي-الله	False	NEU	msa	0
2691	كفرت بـ إن الحب يبقى على طولوأمنت بـ إن الشوق ملعون خيّر#مساء_الخير	False	NEG	msa	0
2692	أوروبا أووربا أوروبا, مالكم ومال أوروبا؟ هناك ياعزيزي ماتعرفش تغلط , ولو غلطت بتحاسب و تتسجن, سيبك من نغمة حقوق الإنسان و زفت , مافيش حاجة عندهم زي دي , تمشي محترم ف الشارع , مليون واحد هايحترمك هاتغلط ,, مليون واحد هايبلغ عنك ويديك علي قفاك. القانون هو الفرق بينا وبينهم  	False	NEG	msa	1
2693	الرياييل ما تلاقين فيهم الزين، وإذا اذا اذا اذااااا لقيتي واحد زين تلاقينج متزوجه اخوه...   القدر	False	NEG	gulf	0
2694	"خيب ظنّي وفاجئني بصوتك ولو لمّرة أو حتى أن تكتب لي رسالة قصيرة .. تُخبرني فيها بأن الوقت بدوني "" لا شيء "" ."	False	NEG	msa	0
2695	هههههههههههه ده إحنا قدامنا شوية أيــام رهــــــريــــــــــــط و هـــري علي الـخــروف #هشام_جنينه . وها نـسـمـع مـأمــأة أوريجنال أصلي   و هشام جنينة جــاب ورا	True	NEG	msa	1
2696	اللي عندي بالانستا سؤال شلون متحمليني؟ https://t.co/JUlEyChicd	False	NEU	gulf	0
2697	ما انا واخد بالى .. صحيح انت تقصدى ايه بالسياره قاصدك العربية يعنى     	False	NEU	egypt	0
2698	كان المطرر حلووو بس كنت نايمه 🙂💔#الدمام_الان	False	POS	msa	0
2699	إتكلمنا و إتكلم العالم كله عن محمد صــلاح كتييييييير ,,, المعرصين ولاد الوسخة ,, وجعهم الموضوع أوي جدآ خالص , أووووم إيــه يطلعوا لنا بصور المعرص الإرهابي أبو قليطة ( تريكة سابقآ ) , وأخباره تملا الصحف و الدنيا بحالها ,, علي فكرة , فيه كريم للحرقان , ده غير كريم للتسلخات  	True	NEG	msa	1
2700	طلاب الجامعة فوادهم يشوفوا فيفي عبده !! ( كيه نقمعهم ، مازين كذاك ) بخلي كل مسارح عمان ونجيب لهم فيفي عبده للجامعه . يستاهلوا   #هزلت	True	NEG	egypt	1
2701	#نجلاء_فتحي_حبيبتنا , فجر السعيد جـزمــتـنـــا .. و مـــوتــي بـغـيـظــك يا وحـــشـــة يا بوتكس  	True	NEG	egypt	0
2702	شاهدت قبل قليل مشهد تمثيلي تقول فية الممثلة ( نظامهم قرويّ مايعرفون إنجليزي! ) إذا التمثيل رسالة ما هي رسالة هذه و أشباهها! #ضحك  	False	NEG	msa	0
2703	لا أستطيع أن أخبرهم من أنت لكني أجزم بأن أوصفك بحرفنة عالية .•	False	POS	msa	0
2704	  القدر أن تجد #الجبناء يحكمون والجحيم هنا وتجدأن حياتهم طويلة والذي يحث على #الالحاد هذا والسادي والفيتشي يجتمعون	True	NEG	msa	0
2705	مسا الخير.	False	POS	msa	0
2706	ديرتي اليوم في عيني خيالحضنها غيم وفي سوالفها مطر 🌧#الجوف #دومة_الجندل https://t.co/c4dCuaXhFn	False	NEG	msa	0
2707	اتدري #أيها_المبهم ، لستَ علی وفاق معي ، عليک الإنصياع وإلا افقدتک عروبتک ..!! « وكأن العروبه باقيه !! »  	True	NEU	msa	0
2708	السعوديون يسألون صباح اليوم عن تردد (إخـباريتهم) وفي العصر يُـلغون التردد ويعودون كما كانوا #بوح  	True	NEU	msa	0
2709	انت متخيل يامان يعني ايه تخلي playback speed 0.75 علشان تعرف تواكب كم المعلومات الي بيتقال	False	NEU	egypt	0
2710	بيقولولك من عرق جبينه طلع مساري هالإنسان..طيب كيف هذا وكيف ملايينُه..ما مرة شايفينُه عرقان! مُش صحيح الهوي غلّاب!؟ #زياد_الرحباني  	True	NEG	msa	0
2711	تشيلسي نصيحه .. نزّلوا هازارد وااوسكار .. ولو بغيتوا خلوا توريس وتيري يلعبون بالجينز ،، #إستهزاء	True	NEG	egypt	0
2712	البحرين ارخبيل من الجزر ولكنها بلا سواحل !!   .. ما يبغون يشوفونكم مستانسين ومفرفشين فهمتون	True	NEG	msa	0
2713	إن الأمر لا يقتصر على أن تحب وحسب، بل أن تطمئن، حب بلا اطمئنان ليس حب ، .بل مجرد جسر لتمضية وقت، نسيان الفشل، أو انتصار لخيبة قلب👍🏻 #علموني_كيف_احب	True	NEG	msa	0
2714	صباح الخير، ياتري الحياة من غير صداع عامله ازاي؟	False	NEG	egypt	0
2715	وعلي محسن كل يوم يقابل لي سفيرة او نائبة سفير او مندوبة ... حد يقول لهذا الاسلامي عالاقل يقابل سفراء؟؟ :P  #YEMEN   	False	NEG	msa	1
2716	رسم بالدرل!!!! دي جديدة 😃😃 https://t.co/Eo8Fn6BnAs	False	NEG	egypt	0
2717	""" خبر عاجل شوهد اليوم في احد شوارع خيطان غسيل وتلميع الكلب (أعزكم الله) للظهور في قناة حي الطرب ،، #سٌخريه"	True	NEG	msa	0
2718	مافي سالب من الخميس مره	False	NEG	gulf	0
2719	مجلس التعاون الخليجي يعرب عن اعتذاره وأسفه لدعم الإسلام السياسي في العقود الماضية.  	False	NEG	msa	0
2720	يلاااااا جويوون خرء عليك	False	NEG	gulf	0
2721	بدون تطبيل مزايا وعيوب بلايستيشن 5 [ هل يستحق الشراء ؟ ] ps5 PlayStation 5https://t.co/ukIZkg87fO	False	NEU	msa	0
2722	#حرق_هجوم_العمالقةفانز ايرين اول ما يطلع ايرين بالحلقة الخامسة : https://t.co/8i8M7Z0Q7x	False	NEU	gulf	0
2723	بيكهيون فازز اليوم وييشينغ امس وجوائز من كل مكان	False	POS	msa	0
2724	#نقابه_الحلاقين او الصحافين بكل بجاحه بطالب #السيسى بالتدخل لافراج عن الـ 2 الصحفين اللى النيابه العامه صدرت امر بضبطهم واحضارهم	True	NEU	egypt	0
2725	حشفاً وسوء كيل من وين مايطقها المواطن عوجا من وزارة صحة لمجلس شورى إلى أصغر فرد ياخي حتى عمال النظافة ماعاد ينظف إلا تبخششه  	True	NEG	msa	0
2726	فوق هذّا الحب أحبك وبعد أكثر كثير❤️.	False	POS	msa	0
2727	ياحلوك بس  https://t.co/U9Gd2J5J1O	False	POS	msa	0
2728	الطيور باللعبة : احنا بنروح بقى 🌚 https://t.co/pBHUKzUG0V	False	NEG	msa	0
2729	ساره ياليت تنزلينه كلامي لصاحبة هذي الرسالة ( فيني خوف وشاطرة وكويسة ووو... انا كنت مثلك ونفس الشي الدكتورة كانت… — الله يجيرك من العثور ويمكن لك مايسرك وتتمنينه ياربأحبك أكثر ولو حاضرين للحلوين❤️ https://t.co/5mJHYcVLz5	False	POS	gulf	0
2730	قمة الفشلة لما طالب جامعة سنة أولى يحكي لطالب سنة رابعة او تالتة عن الدكتور استاذ وعن المحاضرة حصة وعن البريك فسحة  	False	NEG	egypt	0
2731	حتى لما تبي تغير جوك ع النت تلقاه معفن	False	NEG	gulf	0
2732	أجبن فئة هناك في #البحرين هي #العمايم_الخايسة فعند سماع خبر سقوط الجنسية توعّدوا النظام وفي الليل خافوا وتراجعوا.   انتون!	False	NEG	gulf	1
2733	- أحنا كمصريين بنصدر #علماء للخارج 󾮜󾮜 - وبنستورد #رقاصات علشان الشعب يتبسط 󾌴󾌴󾌴 شعب   󾌴󾌴	True	NEG	msa	1
2734	نصرف الكثير من طاقتنا في الانتقاد والسخريه .. ونحترف مهنة اصطياد الأخطاء .. ونتساءل لماذا لم نتطور بعد!   #عرب	False	NEG	msa	0
2735	خايفه لأن حسسسسابك رسمي؟؟؟حطي نقطة ف الخاص واجيك اريحك بكل سرية وبدون  متابعه يلا تعالي خاص      .  #معصيتي_راحتيٌ #سكُس_كتابي #كتابي  #معصيتيي_راحتي #فويس #معصيتي_رحتي #معصيتي__رIحتي #معصيتي_رحتي	False	NEG	gulf	0
2736	إذا هالإيام شفت بني آدم بهالبلد ماشي ومبتسم... اتصل بمكافحة المخدرات؛ وعلى مسؤوليتي.. #FB  	True	NEG	msa	0
2737	اوباما المخنث يقول اسرائيل يحق له يدافع عن شعبه من حزب الله وحماس وايران والان يقول يتدخل في بلادالعرب   الخليج موتوووووو	False	NEG	msa	0
2738	تأمل العدد الكبير من العدادات والشاشات !!  تخيل أن الطيور لديهم جزء بسيط في المخ بحجم بذرة البطيخ ويتم  فيها عمل كل هذه الحسابات المعقدة !! السرعة ، الارتفاع ، الحمولة ، الوزن ، الاتجاهات ، البوصلة ، التوقيتات،رادارات للبحث عن الغذاء والهرب من الأعداء ،عدادات الهبوط والإقلاع... https://t.co/D7FQfFjIMJ	False	NEU	msa	0
2739	كزهرة عبّاد الشمس،دائمًا مُشرِقة تتبع شمسُها وكأنها لا ترى من الحياة سوى الأمل 🌻🌼 https://t.co/UKsI0VpxsG	False	POS	msa	0
2740	2ـُـنـًــدمـُـاَ يـُـتـَـكـَـرُر الــخِـطٍــأَ يــصَــٌبــحٌ الاُعـَـتُــزًارَ #سـٌـخــرُيـَـهُ ..	False	NEG	msa	0
2741	حد يعرف هذا الشخص 👇🏼 https://t.co/HEp2z5vryA	False	NEU	msa	0
2742	مش المشكلة اني باخد القرارات الغلط .. المشكلة اني بفكر كويس اوي قبل ما اخدها	False	NEG	egypt	0
2743	فكرت أعلق على إعلان فراخ عمرو خالد فقلت أشوف الإعلان الأول فلقيت الراجل بصراحه سخر من نفسه بطريقه تخلي أي محاوله للسخريه منه عبث  	True	NEG	egypt	1
2744	هات واحده يمين .. واحده شمال ... واحده يمين ... واحده شمال وهكذا ... هاتها من الشبكه يا شناوي󾌰   #ميزو #القمه	False	NEU	egypt	0
2745	اغبى سؤال..... لقد اتهمتم بانكم تدفعون الاموال للناخبين .... شو متوقع يقلك ... ايه عم ندفع ....  	True	NEG	msa	0
2746	#الاهلي_ضمك_دوووري_المحترررفينالجمال بلا فضيلة كالزهرة بلا أريج.TBZAP	False	POS	msa	0
2747	شايفه التايكوك يرقصون😣😂	False	NEG	msa	0
2748	جريدة #الجمهورية تكرم #مرتضى_منصور كأفضل رئيس نادي في ٢٠١٧ . يــاولاد الــــوزة يـــا مـعــرضــــيــن   والحليوة إسمه مرتضي	True	NEG	msa	0
2749	"الجمهور يشيل النادي !! ذكرتني بـ هرجة الشاورما !! المفروض يحطون عند باب ناديكم صندوق ""تبرع"" وكل واحد واللي يقدر عليه  "	True	NEG	egypt	0
2750	الاجتماع الصباحي فيه نسبة الولاد ربع البنات .. يعني البنات انشط.. بس الولاد بتحل الاسأله اكتر! يعني هم اشطر ..   القدر	False	NEG	msa	0
2751	صورة الجنسيه💔	False	NEU	msa	0
2752	ترا مو حلوه لما احاول اسعدك وتكون ردة فعلك بارده ترا اتحطم وما عاد افكر اسعدك مره ثانيه بطل تكون عديم احساس ترا تنعاف والله.	False	POS	gulf	0
2753	خل يسفطون حفلهم النايم محد متابعه	False	NEG	msa	0
2754	هل السيدة التى تتاجر بشرفها او جسدها محترمة؟ ميرهام تتهم طابط الشرطة بهتك عرضها! هوة اشرف ذكى متى يدافع عن غادة ابراهيم.عضوة نقابة  	True	NEU	egypt	0
2755	التايم لاين مليان #غيبة و   و  وإحنا في رمضان وبالعشر الاواخر ! اللهم اهدنا وصفّي قلوبنا وأشغلنا بما ينفعنا .. يا جماعة أمنوا	False	NEG	msa	0
2756	في الريتويت السابق تكتشف ان عبد الناصر هو المؤسس الفعلي لدولة اسرائيل و تجد بعض الناصريين يتهمون مبارك بالخنوع امام اسرائيل  	True	NEG	msa	0
2757	سيادة النائب راح يغسل كليته ,, ضرب وشتم وكسر في المستشفي ,, عشان واحد ماكنش عارف شخصيته وعاوز يمشي الموضوع بالدور , لأ وماكانش عاجبه كمان درجة الغسيل , عاوز غسيل و تشطيف هههههههههههه بس أعتقد هايتنفخ  	True	NEG	egypt	1
2758	#سخَآفة آفعآلْ آلبعضْ لآ تتطلبْ إلآ آلتصفيقْ بِ بطءْ وآبتسَآمةة #سُخريَه - يشعر بـ التميّز	True	NEG	msa	0
2759	هَاي .	False	POS	msa	0
2760	ههههههههههههههههههههههههه شوف الأكــادة ياخي , عملوا أغنـيـة مخصوص للمرشح موسي منصور , كلماتها علي نغمة أغنية شادية ( مصر اليوم ف عيـد ). طب عليا النعمة مانا متكلم, أحب أتفرج علي الأراجوز ,انا ساكت  	True	NEG	msa	1
2761	شي جميل انه يجيك شخص ويحكم عليك بشيء او ان فيك شيء من راسه طبعا بدون اي سبب علما بانك طبيعي ، بعدها تكلمه يسكت ومعد يرد ويسوي زعلان  	True	NEG	gulf	0
2762	على كُل حال، سنُكمِل حياتنا رغم غيابهم !	False	NEG	msa	0
2763	لقد مللت من لعبة الصداقة هذه لقد احببتك	False	NEG	msa	0
2764	اثبتت الدراسات ان الشبوك تقلل من كمية التراب المتطاير خلال العواصف الرملية ، يعني احمدوا ربكم لو ماعندنا شبوك كان اندفنا بالتراب  	False	NEU	egypt	0
2765	تتصارعمعجزءينموقبليلونيغيببينالغيموسماءلاتبدوزرقاءاناصوتحجمهاكبر https://t.co/WgtJFYlAy0	False	NEU	msa	0
2766	فاكرين الواد الخبرة اللي كان فى فيلم التجربة الدانماركية؟؟ الرئيس المؤقت عدلي منصور 	True	NEG	egypt	0
2767	ما أضمر أحدٌ شيئاً إلا ظهر في فلتات لسانه، أو صفحات وجهه   https://t.co/0WbgEpwvus	False	NEU	msa	0
2768	انقذني يارب والله تعبتتتت قلبيييي اهههه https://t.co/9KpsyhyfpT	False	NEG	msa	0
2769	بدات اعتقد ان مايحدث في بريطانيا مؤامرة عرانية (عربية إيرانية) قام بها الجماعة ردًا للصاع بصاعين ! و إلا فماهذه الردود فعل العجيبة  	False	NEG	msa	0
2770	قالك التراس نهضاوى .. ها ها ... يا ريتها كانت جابت كُنغر كان نفع البشريه احسن منك .. #اضحك  	True	NEG	egypt	1
2771	هذا المغني يونس مرة 😭😭😭💕	False	POS	gulf	0
2772	لا تتركو أحداً في نصف الطريق ربما لم يكن طريقه وقد سلكه من أجلك فقط	False	NEG	msa	0
2773	قامت رآئدة النشاط أ/ مشاعل الحربي يوم الإثنين ١٥ / ٤ / ١٤٤٢ هـبعمل ورشة عمل للطالبات بعنوان ✨ الورشة التعريفية لليوم العالمي للتطوع ✨وقد نالت تفاعل الطالبات مع كل الشكر للجهود المبذولة 🌺 #اليوم_العالمي_للتطوع @MOE_RYH_19https://t.co/1CnrpmL4eK	False	NEU	msa	0
2774	بسم الله ما شاء الله البرائات نازلة على #مبارك تقولش ولي من الاولياء الصالحين   #احبسوا_الشعب	True	NEG	msa	0
2775	“هما اللى خدو اعدام من بينهم اللى طفى النور ولحم البوابات ؟؟؟!!!!!!  ” دا اهم متهم المفروض يعنى	True	NEG	msa	0
2776	نستغيث فإذا مطرناقال سفهاء التربية و الإعلام :إجازة لسوء الأحوال الجوية ..و كان الأحق أن يقال : إجازة لسوء البنية التحتية ..  	False	NEG	msa	0
2777	  آمش حدر لين تلقى صفيحهه آهآاا حنآ عنهآا شمآال ‹› ^ هذآ مآ تدري شتسوي معههَ :'( آنآ يوم سمعتهآا قلت لههَ صح لسآانككَ ‹›	False	NEU	gulf	0
2778	! راح احاول بكرة ان شاء الله :/ لأنه مرة التقليد محبك ومتقن،سبحان الله   #sorry I am rude	False	POS	gulf	0
2779	هو اية حكاية ان كل واحد قليل الرباية يطلع يقول المشير حمار!!! .... اعتبروا أبوك يا أخى مش اسلوب خالص مش اسلوب موت بقى  	True	NEG	egypt	1
2780	والله أن أبوي حبيبيّ و سيد أحبابيّ ❤️	False	POS	msa	0
2781	#مرسي بدأ في تنفيذ اول وعوده بالإفراج عن معتقلي الثورة الف مبروك للبطل صفوت الشريف  	True	NEG	msa	0
2782	الكويت تناديالصوت الحر	False	NEU	msa	0
2783	حساب الأخ عبده الحمولى بيدخل للسيدات و الأنسات على الخاص و بيقولهم بنسوار   #تويتر_سنة_١٩٤٠	True	NEG	msa	0
2784	صوّت لكي لا تتذمر لاحقاواذا ما صوّت ، لا تتذمر وتندب حظك بعدين#انتخابات_مجلس_الأمة_2020 #مجلس_الامة_2020	False	NEG	msa	0
2785	ﺳﻼماً على ﻣﻦ أجبرتنا ﺍﻟﺤﻴﺎﺓ على المضي بدونهم ﻭﻫﻢ ﻟﻘﻠﻮﺑﻨﺎ حياة ..	False	POS	msa	0
2786	"#رسمياً : أتفق لاعب دورتموند ماركو رويس الألماني وفريق ليفربول الإنجليزي إتفاق تام مع موافقة إدارة دورتموند على عدم الأنتقال .  """	False	NEU	msa	0
2787	مصيبة كبرى : عندما لا يفرق السياسي بين الخيار الاستراتيجي والخيار باللبن!عندها لا ترى أي فرق بين السُلطة والسَلطة. محمد الرطيان  	True	NEG	msa	0
2788	عزّة الغضب ستقودك إلى ذلّ الاعتذار #حقيقه	False	NEU	msa	0
2789	متخيلين بتس فازوا بثلاث جوائز من أول ساعه من بدأ الحفل -ديسانغ - جائزة البونسانغ - افضل راقص 😭😭😭😭😭💜💜💜💜💜💜💜 https://t.co/XoEbOUK2c1	False	POS	msa	0
2790	 رغد الفيصل بالبديلات لايعتبر شي كان لان البديلات فخراًلهن أنهن محتشمات #العيب لايخرج من إنسان عاقل نسال الله الرضى	False	POS	msa	0
2791	حد يبايتفضل حياه😋😋😋 https://t.co/jByBBVh1J5	False	NEG	msa	0
2792	أحلى افتتاحية❤️ جمال الصوت وبحته https://t.co/vbJdcdDtoF	False	POS	msa	0
2793	اللهم ثبته عند السؤال #سلمان_الريس	False	NEG	msa	0
2794	#اسيا هل تعلم عزيزي الرياضي ان النصر فاز ع الجزيرة الامارتي الذين سبق ان جلدوا الزعيق واخرجوه من اسيا ( العادة السنوية)   #النصر_الجزيره_الاماراتي	True	NEG	msa	0
2795	لماً توقف سؤالك عنهم هتلاقي فجاة مفيش حد جنبك و كأن اللمة كان اساسها انت و بس هتلاقي نفسك واقف تتفرج ع المولد و هو بينفض ابتسامة   ...	False	NEG	msa	0
2796	لا يكبرُ الودُّ بطولِ زمانِ العِشرة ، إنّما بجمالِ المواقفِ وصِدقِ الإهتمام.	False	POS	msa	0
2797	نصيحه https://t.co/8AFJyiLpdf	False	NEU	msa	0
2798	  بيقولك وزير التعليم راح يزور مدارس بورسعيد يوم الاجازة ... لا ومش بس كده دا بعت يجيب العيال من بيوتهم عشان يستقبلوه ...	True	NEU	egypt	1
2799	ياشين الواحد لما يتكلم بموضوع وهو يطبق نظرية دربق دربق دربق الله يعين التوير علي هالنوعيه فا همينك ياتويتر غلط معليش   الغدر	True	NEG	msa	0
2800	قناعة عبود وهو يسمي ابراج الاتصالات ايفل تاور	False	NEG	gulf	0
2801	"انتهى شعور الاستغراب صار كل شيء متوقع ."""	True	NEG	msa	0
2802	ايههههههههههههههه ايه مت https://t.co/e5kZMGZI2x	False	NEG	msa	0
2803	ويبقى الحنين يتغلل داخلنا بنغمات من شوقٍ لمن سكن الروح والقلب ❤️	False	POS	msa	0
2804	يالبى من وصل 3 مليون 💃🏻🎊🎉🎊🎉💗💗#KimSeonHo3Mparty #KimSeonHo https://t.co/eteIJRpmfY	False	POS	msa	0
2805	محافظ العاصمة تفقد سير العملية الانتخابية في عدد من لجان الاقتراع..https://t.co/d87Hn0wBnO	False	NEU	msa	0
2806	أصالة – اشتقت لك https://t.co/7OvmNGpzbG	False	POS	msa	0
2807	ابي اسالج .. الحين إذا سويت فلم خلاعي نفسج ونشرته بصير غني ومشهور وكل الناس تعتبرني قدوه مثلج؟  	False	NEG	gulf	0
2808	اكثر شعوب العالم هروبا وركضاً وراء الاخرين هي الشعوب العربية لكنها وعلى مستوى مسابقات الجري العالمية في مؤخرة الترتيب  	True	NEG	msa	0
2809	شارع مىىلمين المتعصبين https://t.co/YKHq84jB8X	True	NEU	msa	0
2810	قايله حق نص الامارات يدورولي وحده ف جامعة زايد والحين معصبه ليش يسالون من ورايه🧍🏽‍♀️	False	NEG	gulf	0
2811	اللي بيلبس تي شيرت بينك يبقى خول .. لكن اللي يسكت أن البنات تتسحل و يتعمل عليها كشف عذرية ف التحرير ده راجل عادي .. صح؟ #Egypt  	True	NEG	msa	1
2812	يوماً ما https://t.co/8TvcYmJR0Q	False	POS	msa	0
2813	الحين إذا حكم الراية مرأة ( زي مباراة الأرسنال مثلا ) لازم يخلو في كل جهة ثنتين لأن شهادة الرجل تعادل شهادة امرأتين :P  	True	NEG	msa	0
2814	منورين شفت ناس ما توقعت تواجدها https://t.co/LESxh3fNYH	False	POS	msa	0
2815	والله حقهم صراحة! اذا #الخازن وبدو وزيرين!؟! #وقاحة   الله يساعد بدو يشكل وزارة ب١٠٠ حقيبة	False	NEG	levant	0
2816	"بن راشد ( الامارات ) يعين وزيرا لـ""السعادة"" وآخر لـ""التسامح"" اهو وزير السعاده ده لو لقى واحد مكشر لازم يزغزغه ههه   #ارهابيه"	True	NEG	msa	1
2817	#حملة_القضاء_على_الكرش الراجل بحاجتين، قرشه و كرشه. دي حملة للقضاء علي الرجولة.  	True	NEG	msa	1
2818	وناسه يوم يضربك بزر وتستحي تلحقه وفجأه تسمع صوت صفقة رأس بالباب	False	NEG	gulf	0
2819	ما احب أتدخل بالسياسة، بس في مرشحين شعارهم #ReKuwait القصد منها Rewind مثلا؟  	True	NEU	gulf	0
2820	مبروك عليكي الي انتي بعدي هتعرفيه وخلي بالك منه واوعي تزعليه واوعي الكلام يقع منك وتعرفيه انك عرفاه بس علشان تنسيني بيه دانا قلبي ساب جوه قلبك مليون علامه  	False	NEG	msa	0
2821	#الصيفي_مبارك_الصيفي  حضور النساء رجاء	False	NEG	msa	0
2822	احنا الغلطانين ليش نفوز في الديربي ؟ وكمان في البرنابيو ؟ مفروض نخسر ونتهزأ عشان ناخذ حقنا ..  	True	NEG	egypt	0
2823	بس؟ يعني ال٣ مليون اللي نزلوا فعليا غيروا رأيهم؟ رغم ان الانقلاب جميل واليف وناجح وكدة	True	NEG	egypt	0
2824	لو كنا ممن يحتفلون بما يسمى عيد الميلاد لأحتفل نصف الشعب السعودي غداً السبت فهو يوافق واحد رجب (1\7) #السعودية #هههههههه  ”	True	NEG	msa	0
2825	وآنا عليك أغار وان حرك طرف ثوبك مهب واغار من كف الهوى لا شال عطرك وانت لي .. ♥	False	POS	msa	0
2826	اصبح على مصر بجنيه ليه هو انا كنت دفعت ال ١٢ جنيه بتوع سلفني شكراً 󾌴󾌴󾌴   #ماسر	True	NEU	egypt	1
2827	ي حبيبي حبني قبل الكماوي لين طراد الهوى يشفي قليله قبل اشوفك وسط كمامك تلاوي ان فطست ومت مالي فيك حيله  	False	NEG	msa	0
2828	حساب الطعمية احمد ياسر لاعب لخويا اللي انهزمو اليوم 4 _صفر اللي يبيه بكلمة راس يروح له   #الهلال_لوكوموتيف	True	NEG	gulf	0
2829	خذو الجديد: قروب واتسب وسيلة التواصل للإنقلاب،،، انتهى زمن الأجهزة اللاسلكية والمشفرة   #لاقينا_باللفه #مسرحية_الانقلاب	False	NEG	msa	0
2830	هاذي رياضه واحد يتهاوش عشانها... رياضه فاشله بإتحادات فاشله واداراة سيئه وقوانين لايكسرها الا الواسطات والمحسوبيه لمصالح انديتهم ...   و #مهزله	False	NEG	msa	0
2831	يمه يمهههه😭😭😭😭😭 https://t.co/LiH3JL5A4L	False	NEU	msa	0
2832	انترو دانس كيسم اوميقاد ؟؟؟؟؟؟😳😳😳	False	NEU	msa	0
2833	صباح الخير أما بعد فإن مات في صدرك غصن أمس في هذا الصباح سيزرع الله لك بستانا تفائل لتزهر..إنه على ذلك قدير https://t.co/1YAxTLXePz	False	POS	msa	0
2834	#اكفل_وزير_عشان_غلبان وياسلام لما كمان نعمل لهم يـوم الوزير ,, علي غرار يوم اليتيم ويوم الغارمات ويوم المتطلقات ,, وتنزل الإعلانات بجمع التبرعات لهم علي رقم 696969 ,,	False	NEG	msa	1
2835	باجر يصدر امر بغض النظر والعمى المؤقت عن الفرعيات #انتخابات_الصوت تحية اجلال واكرام للمشاركين لزيادة عدد الناخبين   رجل #مقاطع	False	NEG	msa	0
2836	من معركة ذي قار لـ ام المدارسمن مجد ابوشلفا لمجدك يابو صوتبالصيف قيظ.. وبالشتا برد قارسوالمجد .. بالفصلين فينا ومثبوت.اساورة كسرى على افيال فارسردوا على كسرى جنايز بتابوت.واليوم دام الصوت درع ومتارسنارد على الصندوق .. لو دونه الموت#كلنا_الدلماني	False	POS	msa	0
2837	((فَأَمَّا الزَّبَدُ فَيَذْهَبُ جُفَاءً ۖ وَأَمَّا مَا يَنفَعُ النَّاسَ فَيَمْكُثُ فِي الْأَرْضِ))#مقاطعه_اعلانات_هند_القحطاني https://t.co/oGXP71oT6w	False	NEG	msa	0
2838	لحقت على البث من بدايته وشوفتو كامل واحس بالسعاده 😭	False	POS	msa	0
2839	سوبين لطيف	False	POS	msa	0
2840	غلبهم الإحباط ، ليس هذا فحسب ؟ بل أصبحوا يتصيّدون كبوة حالمٍ صغير لم يبلغ في المجد حُلماً ..   عقول	False	NEG	msa	0
2841	يعني أنا اجلس افكر طول يومي معناتة ابذل جهد ذهني ... وهذا يدل على مدى فكري الواسع والتخطيط المستقبلي ،،،،،  	False	NEG	msa	0
2842	 -الأقدار في عصر العولمة وثورة الاتصالات والمجالات المفتوحة تحتدم المعارك علي ارض بلدي دون ان يعرف احد من يحارب من ولا سبب القتال:((	False	NEG	msa	0
2843	#احمد_عيد_سأصلي_من_اجل_الهلال بعد ماكان يجلس مع صمدو والكبش صار يجلس مع بلاتيني وبلاتر:)..!  	True	NEG	gulf	0
2844	حبك بقلبي لا ولا شي يسواه🤍	False	POS	msa	0
2845	Unpopular opinion : كثير بحب الاغاني بصوت #مايا_دياب 😀 اي اغنية 😁	False	POS	msa	0
2846	هذه المصالحة التي ذاع صيتها وسمع عنها  الكثيرأخاف أن يكون  ورائها لعبة قذرة من قبل العصابة الحاكمة في #قطر ومعهم #مجوس_إيران_ ....ولا يستبعد أن يشاركهم #زعيم_الإرهاب_العالمي_أوردغان مع الايام سوف تتكشف آمور كثيرة عن هؤلاء الخونة ومعهم كل العملاء والمرتزقة   #أفهموها	True	NEG	msa	0
2847	إيران ، يابلاد الفُرس يارحيمة بالعرب والمسلمين.. شكرًا لك على #اليوم_العالمي_للقدس لك امتناني فإهتمامك ورحمتك ألجمتا لساني !   ..	False	NEG	msa	0
2848	حسبنا الله ونعم الوكيل شكله مرض وبدأ ينتشر ..عندنا منه ف مصر كتير ..انزل شوف الناس عايشة ازاي وبعدين أتكلم ..   ..!!!!!!؟؟	False	NEG	egypt	1
2849	#كلنا_ااالدلمانيمؤسف جدًا أنك ما لاحظت إلا الجانب السيء مني بينما قلبي المكتظ بك ما عطيته أدنى إهتمام.dv6e	True	NEG	msa	0
2850	": عام 2008 ضرب إعصار ولاية كانساس الأمريكية وفي جامعة الولاية تدمر مبنى وحيد . هذا المبنى كان ""مبنى بحوث الأعاصير""  """	False	NEG	msa	0
2851	نشكر قراركم الحكيم و المدروس بنقل سباق حصن مثير متابع من جمهور كثير على مباراة كرة قدم مملة لا يتابعها احد  	False	NEG	msa	0
2852	#لما_دخلنا_تربية ضحكت جامد جدا من الجماعة بتوع علمي اللي بيحفظوا المسائل وفي الاخر مش بيجي منها حاجه   #انا_مش_علمي	True	NEG	msa	0
2853	كثير من المسلمين يسرقون تغريدات غيرهم على تويتر حيث يعيد إعادة التغريدة باسمه. محمد فعل نفس الشيء.   #الاسلام	False	NEG	msa	0
2854	"يارب لحظات وايام حلوه مثل اللي خلّت فهد المساعد يقول: ""أحسب أيام العمر راحت عليّ، مادريت ان اجمله فيما تبقى""."	False	POS	msa	0
2855	تبا للصحوة اللتي تجعلنا ننام ساعات معدودة ثم نقوم نقاطع نومنا لاجل خطبة احد رجال الدين  	False	NEG	msa	0
2856	ساعات قليله ويحدد فيها مصير الكويت لاربع سنين قادمه#عمار_العجمي ✅	False	NEU	msa	0
2857	جين😭😭😭😭😭 https://t.co/glipydroz5	False	NEU	msa	0
2858	تهت في بحر الشعر و الأغنيات لا معي مينا ولا قلبي رساها جيت ادور في رفوف الذكرياتما لقيت الا من الذكرى صداها	False	NEU	egypt	0
2859	ليفربول .. بعدما كانوا يريدون تسجيل المزيد من الأهداف .. الآن يضيعون الوقت لأجل المحافظه على النقاط الثلاث ..  	True	NEG	msa	0
2860	لما تزيد هموم الانسان تصير مشاعره متبلده فتره ... انا احي نفسي للوصول ل هالمرحله  	True	NEU	msa	0
2861	#معذب_الأطفال_الخمسة اللي يقول في الهاشتاق ياما انجلدنا والمقطع عادي.. واضح ان التعنيف والجلد يفيد شوفوا بلدنا كيف متحضر وراقي!!  	True	NEG	msa	0
2862	#القطيفخلص السباق في هذي  اللفه😂 https://t.co/1yw1dZPa39	False	NEU	gulf	0
2863	"سبحا ن الله هذا الامعة يقول ""انهم يظنون"" ! وكأنه شق عن صدور العباد .. اعتقد ان هذه اخلاق المستشرف  "	True	NEG	msa	0
2864	صورة ال passport من 2011 ومش عارفه مين دي حقيقي	False	NEU	msa	0
2865	سيظهر الحكام العرب في العشر الاواخر ويصرحون بالتلفاز عن القمع والدكتاتوريه الذي يعاني منها شعب سوريا ، وفي اليوم التالي يقمع شعبه  	False	NEG	msa	0
2866	الجرحّ الي مَاتقدر تداويه لا تنّبشه .	False	NEG	msa	0
2867	#الميزانية_التريليونية وما يهم الدواب إن غلا سعر الشعير أو انخفض , أهم شيﺀ الامن والامان  	True	NEG	msa	0
2868	#الاهلي_ضمك_دوووري_المحترررفينيصبح الإنسان عجوزاً حين تحل الأعذار محل الأمل. في قلب كل شتاء ربيع يختلج، ووراء نقاب كل ليل فجر يبتسم.9CTv1	False	NEU	msa	0
2869	اكبر خطأ انوا تضييع فُرص كويسه وتقفل ابواب قبل حتى تشوف جواتها علشان عندك فرصه او باب تظن انوا لك وانوا هو الصح رغم انوا مافي ولا حاجه تدل على انوا هذا بابك او هذي فرصتك ..	False	NEG	msa	0
2870	طالع عكس الاتجاه في الشارع وفوقها يصارخ ويهرن ليش ماعطيته مجال! شهالإنحطاط ولوين بنوصل؟  	False	NEG	gulf	0
2871	تائه أين أذهب بروحي الممزقه أقسم أن الألم يشتد بي وأني على شفا كلمة إما ان تهوي بي أو أن ترفعني لا أعلم كيف وصل بي الحال الى هُنا !	False	NEG	msa	0
2872	😭😭😭😭😭😭😭😭😭😭 تايني https://t.co/BLAItwXumh	False	NEU	msa	0
2873	بعض الشباب في نجد الا من رحم ربي المرجلة بنظرهم انك تلبس ثوب لو شافك لابس جنز قال عنك خكري و...   #الرياض	True	NEG	msa	0
2874	الباسـوورد بتاع ضـمـــيـر الـنـاس ضـــاع نسييوه فيه ناس بتحاول تفرمط وتبدأ من جديد علي نضيف وناس مكسلة تدور وناس كـتــــــــــيـر مرتاحة وبتقول اللـه يرحمه , كان تاعبنا وهو صاحي  	True	NEG	msa	0
2875	اقنعتني صراحه https://t.co/azXFKda71W	False	POS	msa	0
2876	البحرين صادقين و هم في أخبارهم يجيبون درجات الحراراه للمدن حقتهم كلها ٣٩ ما فرقت اصلا كلكم على بعضكم ١٠ كيلو ف ١٠ كيلو !!	True	NEG	msa	0
2877	مباراة بدون معلق ممكن تكون مؤامره علشان الأهلي مايحصل على الدوري #حسن_عبدالقادر  	False	NEU	egypt	0
2878	يتستهزء بالبنات السمينات ويقول ان السعوديات خايسات وركبهم سوداء جاب زوجته المغربيه البدينه السمراء ذات الركب السوداء للعرس اليوم سبحان اللي خلاه ياخذ الي يكره  	True	NEG	msa	0
2879	“ قطيش : لم يكن لدينا الوقت للتنسيق حول الفكرة التي وردتني للتوجه الى السرايا الحكوميWhat a smart move!  	False	NEU	msa	0
2880	وش هالوجهه اللي جامع وايجي وسنقري  https://t.co/jex6YdLXgV	False	NEU	gulf	0
2881	باذن الله  #وليد_الغانم  المقاعد الاولى  #الدائرة_الثالثة https://t.co/rvsufk3WrZ	False	POS	msa	0
2882	محافظ القاهرة يقرر تغيير اسم شارع سليم الأول.. قتل آلاف المصريين وأعدم طومان باي !!!! طب والإرهابيين إللي في السجون؟ والإرهابيين إللي موجودين في مؤسسات الدولة عيني عينك؟ ســايـبـيـنـهـم لــيـــه ؟؟ يا إما يكون عندك دم علي طول ,, أو تخليك مبلط في الخط .  	True	NEG	egypt	1
2883	في هالحياه المثالي ( متصنع ) الوفي ( خبيث ) والصادق ( لعين ) حياتنا غابه .. كن فيها الصياد لا الفريسه  	True	NEG	msa	0
2884	طالبان يخترعان أول طائرة مصرية بدون طيار تعمل بالطاقة الشمسية  ma el zwahri zay el fol 2ho we kawis   #alex #alextweetup	False	NEU	msa	0
2885	المفروض اذاكر بس معنديش طاقة بربع جنيه والله.	False	NEG	msa	0
2886	واللهي ي جماعه ناا متشكرة جدا الناس ال فرحتني  ناا مش عارفه ارد ع الواتس ولا انستاا ولا فيس ولا تويتر متشكره جدااا	False	POS	egypt	0
2887	شيبان حارتنا عباقرة !! بدل م نشرب شاي أخضر بعد الفطور .. يخلونا نصلي المغرب بدون مكيفات ! اسرع طريقة لإحراق السعرات الحرارية !  	True	NEG	msa	1
2888	#خخخخلييييل__اااالصالحمبب كل الرياييل جذابين واستغلاليين اوككككيه ؟dd2Dd	False	NEG	msa	0
2889	وإن سألوني يوماً عن كُل ما هو جميل في حياتي سأكتفي بذكر أمي💙	False	POS	msa	0
2890	قالوا في مشكلة عيش في االسودان ؟؟ العيش دا شنو ؟؟؟ #السودان_ينتفض | #SudanRevolts  	False	NEG	msa	0
2891	من اجمل الدعايات التي رأيتها بالسنيما انه في 2050: نفوز بكاس العالم ناصر المحمد يستقيل من رئاسة الوزراء افتتاح مستشفى جابر #kuwait	False	NEU	msa	0
2892	فريقين صرلن37جلسة،سنةو11شهر بيحضرو الجلسات التزاما بالدستور بس بنفس الوقت هالفريقين قرروا يدعمو مرشحين صرلن37جلسة عمبخالفوا الدستور!	True	NEU	levant	0
2893	ات بوي موجود لجيمين بس لاتقولوه لاي نكره	False	NEG	gulf	0
2894	#justSaying   اذا دبي احتفلوا بالسنة الجديدة بالالعاب النارية ، احنا عندنا مزايين ام رقيبة ..	True	NEU	gulf	0
2895	من نعم ربنا على الواحد اللى لازم نشكره ونحمده عليها انه ماخلناش زمالكاويه , اللهم ديمها علينا نعمه 	False	POS	msa	0
2896	ما مشيت الا وانا عندي قناعه من تردّى بالوصل صعب يتسنع	False	NEG	gulf	0
2897	اللهُم بدل أقدارنا إلى أجملها ، فإنك القادر الذي لا يعجزه شيء ، يارب بِك تطيب الخواطر ، ومن عِندك تتحقق الأمنيات ، يارب إستودعناك أموراً في خواطرنا فحققها لنا يا الله ، يارب درباً لا تضيق به الحياة ، اللهُم كُن لأُمنياتنا مجيباً ولضعفنا سنداً ، ولإنكساراتنا جابراً🌱	False	POS	msa	0
2898	من ناحية أن داعش غير موجودة في ليبيا؟ إيه صحّ! مافيش داعش في ليبيا! داعش تعني دولة الإسلام في العراق والشّام!  	False	NEG	msa	0
2899	متصنع الود أقبح من صريح العِدا	True	NEG	msa	0
2900	فاتِنَ ، حَسنا ، خلاّبَ ، مُثير ، ساحِر ، فتّانَ ، أخّاذَ ، جذّاب ، مُلفتَ ، بَهيّ ، أنِيقَ ، باهِرَ ، مُذهل ، مَليحّ ، مُدهِشَ ، مُغريِ ، مُتألقَ ، مُشرقَ ، بَرّاق ، بَدِيعhttps://t.co/G6QnA9CSC6	False	NEU	msa	0
2901	ي رب فرجً من عندك قريباً يريح نفسي و قلبي🙏🏽	False	POS	msa	0
2902	لما اختلفوا مع دولة شقيقة جرموا التعاطف معاها .. والحين يفتخرون بتعاطفهم مع الصهاينة !   #لا_للتطبيع	False	NEG	msa	1
2903	صدمني عبدالعزيز لمن قلي (صدق من قال الغباء مسيطر عليك) 😰	True	NEG	msa	0
2904	اول مره من شهور اصحي قبل الساعه ٢ الضهر	False	NEG	msa	0
2905	احتاج لقائكَ.	False	POS	msa	0
2906	#يارب جنة تجري من تحتها الأنهار نلتقي فيها بمن سبقونا إليك❤️	False	POS	msa	0
2907	اسم الله عليك! لو قرأت التويت للآخر كنت شفت   نيّال اللي بفكر قبل ما يكتب. عقبالك	True	NEG	msa	0
2908	نسآء بابل كنّ يسحرن الرّجل بالعيون فقط وَ نسآء اليَوم يسحَرن الرّجل بجَسدْ كآمل   ♡̷̷̷̷̷̷̷!	False	NEG	msa	0
2909	عشان جذي ما يبون يزوجون سنه حق شيعه. عشان يعرفون يقولون الولد زين ولا مو زين!  	False	NEG	msa	0
2910	عايذة اراء موضوعية https://t.co/6OJuLK8tdK	False	NEU	msa	0
2911	صبّح الوزير الفلاني معلن عن وليمة لبعض النواب ... تمثيل و استخفاف بالعقول و تغيير للآراء وشراء ذمم رخيصة من النواب.  	False	NEG	msa	0
2912	خلك محضر خير ... في إجازة ؟ يس أور نو ... نبغى نفلها, الحمدلله إحنا مسلمين, أتومتيكيا أحسن ناس  	False	NEU	egypt	0
2913	حــد فيكم يبلغ محسوب , إن في مصر بيكون الـنفــخ قـبـل الـحـبـــس ,, وإبعتوا له رقم تليفون فــــرج يسـأله .. #الخروف_وقع_يا_نعيمة  	True	NEG	egypt	1
2914	مابي اشتكي لحد ف اشتكيت لنفسي صنعت لي مخرجا يريحني ويريح كبريائي	False	NEU	gulf	0
2915	امو تشوفون هيو النمنممم احب التسريحه ذي عليها https://t.co/5MdokclGR1	False	POS	msa	0
2916	احبك انت ياأحلى مساي ❤️ https://t.co/DrraSRi88K	False	POS	msa	0
2917	تخيل فريق يجلدني دوري وكأس ويأهلني لسوبر ويعطيني مدافع وحارس وياخذني لندن ويجلدني مرة ثانيه  	True	NEG	msa	0
2918	الواحد بيكون قااااااااااعـد في حالـه ,, وهوبااااااااا تلاقي وزير من بتوع الحاج مبلولي , يطلع يقولك تصريح , يجيب إنتفاخ , علي طول ,,, أنا ماااااااااالي ,,, رزق وبيجي لحد عندي , أقول للرزق لأ ؟؟  	True	NEG	msa	1
2919	لازم يعطون المواطنين بدل كشخة او على الاقل بانميرا لكل مواطن. مايصير كويتي بديرته ماعنده بورش حرام عليكم!  	True	NEG	gulf	0
2920	جزر البحر الأحمر..#تصويري https://t.co/Y44IVHanhC	False	NEU	msa	0
2921	لم أعد أستطيع الوقوف على قدمي قالهابعدأن أكل ربع ذبيحة ثم مسح بيده على كرشته وكتب في تويتر مغرداً المعدة بيت الداء والحمية رأس الدواء  	False	NEG	msa	1
2922	"هاي من قالهم انه اسمها الأزمه الخليجيه؟ اسمه ""حصار قطر"" هاي اول شي! ثاني شي شفيهم شادين حيلهم احين وصارت قطر فعينهم واو مش فاهمه الحب اللي نازل فالهاشتاق؟ الله يرحم قبل من يقرون قطر حتى لو ماله خص الموضوع بعد يسبون!😅"	True	NEG	msa	0
2923	يا ترى ما فعلت..أفعلت صوابا أم فقد عقلي الصوابا..  أتعبني سؤال نفسي فأرهقت نفسي من نفسي عتابا ..ذهبت عنك لهوا فتقبلني ربي أني عبد إليك آبا..شقى قلبي ببعد عنك و كفى بالبعد لي  عقابا..رجوت منك رحمة و كل ذنب في سعة رحمتك ذابا ..داغستانيات.	False	POS	msa	0
2924	اهم مزايا وسائل التواصل الاجتماعي أن هناك أشخاص يبذلوا الجهد والمال لخدمة وطنهم ومجتمعهم وأشخاص يبذلوا قيمة الجهاز الذي يشتمونهم منه  	True	NEU	msa	0
2925	الناس اللي بتقبض شيكات من أمريكا و إسرائيل، أنا مزنوق حبتين اليومين دول .. محدش عنده سبوبة كدة؟  	False	NEG	msa	1
2926	سواريز يبغى يجلس في ليفربول بينما زوجته تضغط عليه للإنتقال لإسبانيا .. فكر فيها ولقى أحسن حل إنه يعض كيليني وبكذا ينهي الموضوع  	True	NEU	gulf	0
2927	"أعتقد ""العبقري"" يوسف الحسيني بيتكلم بسخريه..معلش لسه عمروأديب علي صغير..بكره يتعلم أصول ال  "	True	NEG	msa	1
2928	“  :شباب فلسطيني بتويتر يطالبون ترسيخ ثقافة المقاطعة بتوقف السلطة الفلسطينية عن شراء الغاز المسيل للدموع من الاحتلال!! #غزة”	False	NEG	msa	0
2929	من الحين افكر كيف راح اهرب من الدوام 😭😭😭 https://t.co/Np67aYOcqe	True	NEG	msa	0
2930	كم اننا مصابين بقصر النظر ، يا سيدي الفاضل نحن نصرف الملايين على ( السياكل) في الخارج و نفتح الحدود مع العدو و نهرب من وجه قضيتنا لكي نملئ سلة هذه السيده لرمضان و فوقهم ثياب العيد  	True	NEG	msa	0
2931	أحدهم يقول :سيارتي متعطلة تحت الكوبري الميت اللي يلقاها ترى الإستمارة في الدرج ماأبيه يذبح لها طلي ولامفرود يسحبها بسطحة وبس:).!  	True	NEU	gulf	0
2932	  خبر عاجل شوهد أضراب من قبل الهنود في منطقة الحساوي وذلك لما عمله سعود الورع برفع سعر المشروب المحلي  عشان راس السنة ،، #سٌخريه	True	NEG	msa	0
2933	اللهم استودعتك نفسي وصحتي فيارب اشفني وعافني وأرح جسدي ولا تحملني مالا طاقه لي به	False	POS	msa	0
2934	لما تسوي submit حال الاسايمنت بدون ما تقراه https://t.co/mSDoB4kvQC	False	NEG	msa	0
2935	انشالله يكون شي زعيم جهبذّي فتحلوا سيرة مناضلنا #جورج_عبدالله للرئيس الفرنسي يلي جايي يتغنّى بالحريّات و بلدوا بلد الانتهاكات  	True	NEG	levant	0
2936	اميتو ميتين الباطل بميتين السكوت عنه ياخ 🤦	False	NEG	msa	0
2937	ارسلت لهم بث نيني ببس ليه ما دخلو؟ https://t.co/uYPPAyuSE4	False	NEU	gulf	0
2938	ستيج بلو اور واو https://t.co/HxxeiGKhvw	False	NEU	gulf	0
2939	نَيّاًجِ سِرَيّهٌ كُـسِــيّ عَمِّهْ كُـسِــيّ. https://t.co/QI2osi2PbT	False	NEU	gulf	0
2940	مو هذا وعدنا بنبقى لبعضنا؟	False	NEG	gulf	0
2941	من يحُبك في أسوأ لحظاتك تحديدًا؟	False	NEU	msa	0
2942	كيف تبحث في مكتبة الكونجرس الأمريكي وتحمل الكتب منها.كيف تبحث في مكتبات الجامعات العالمية.كيف تعثر على المخطوطات في المكتبات العالمية.تعرف على المكتبات الرقمية في التطبيقات .مهارات البحث في الفهارس الآلية للمكتبات المحلية والعالمية.	False	NEU	msa	0
2943	" خبر عاجل شوهد أضراب من قبل الهنود في منطقة الحساوي وذلك لما عمله سعود الورع برفع سعر المشروب المحلي  ،، #سٌخريه"""	True	NEG	msa	0
2944	اكتشفت فايده يديده من اسمي،الامور سهالات وبسرعة خلصت تصويت😆	False	POS	gulf	0
2945	يارب الكليه تموت	False	NEG	egypt	0
2946	لاتوجد سعادة دائمة.!ولا يوجد حزن دائم.!كلها فواصل لمرحل جديدة.!ابتسم لأجملها وتجاهل أتعسها.!ولا يُفسد فعل الخير إلا البحث عن الثناء....!!سبحان الله وبحمده سبحان ربي العظيم	False	POS	msa	0
2947	الى بيحصل دلوقتى فى مصر من خطف جنود وقطع للكهرباء هى مؤامرة مكتملة الاركان لتعطيل مسيرة نادى الزمالك فى الدورى قادمون هههههههه  	True	NEG	msa	0
2948	اميري ليه ١٢ و بعدين مشرحة بالكلية الساعة ١ -_- عفية منو اللي حاط الجدول؟ ابي ابتسم بويهة و اعطي high five	True	NEU	gulf	0
2949	تستمر الحياة والمتخلفين اللي يمشون وراء سيارات الاسعاف من حولنا تستمر الحياة تستمر الحياة   #سلفر	True	NEU	msa	0
2950	لا أستطيع أن أعيش في هاذه الحيات بدونكي أخي العزيز إذا كلامك مثل كتابتك فأني ما ألومها أبد لأنها عافتك ههههههه  	True	NEG	msa	0
2951	#الاهلي_ضمك_دوووري_المحترررفينأحب شيء إلى الإنسان ما منع.Ir5LE	False	POS	msa	0
2952	صباح الخير يا رب الكاس يبات في الجزيرة ❤❤🙏🙏🙏	False	POS	msa	0
2953	*تبكي بصمت* علي الاقل الواحد ينوع يوم يطلع يمشي لجنانه و يوم يمشي للسينما. و بعتالي يجيك حد سلبي ويقولك ليبيا مافيهاش سبل الرفاهية!  	False	NEU	egypt	0
2954	عندك كام سنه — 23 سنه  https://t.co/CTIFTvCPAh	False	NEU	msa	0
2955	▪️▪️نصيحة لكل فتاه :. لاتثقي برجل يطرق باب قلبك الصغير قبل باب منزلك🙂 .... هُناك رجال يسرقون شرفك،  ثم ماذا ؟  : ثم يرحلون 😑 ويتركك في الهم والحزن والمعاصي 💧 اختاه لا تبحثي عن الحب : الحقيقي الا بعد الزواج ✊!؛.         اتركيه لله 💙🌹	True	NEG	msa	0
2956	لمتى نعلمكم سوفت بلوك مو انفولو لحول	False	NEG	gulf	0
2957	محاضرة حمزاوي فرصة ذهبية للمقتنعين أن ثورة مصر مخطط لها من الغرب منذ ١٠ سنوات، خصوصا وانه كان يعمل في مؤسسة كارنيغي يعني عميل خائن.	True	NEG	msa	0
2958	بيبيييييي😭😭😭😭 https://t.co/kdWB4NrjbN	False	POS	msa	0
2959	هو منجد قاعد يقول جين جين جين😭😭 https://t.co/WG5yVzAPL4	False	NEU	gulf	0
2960	اذا كانت هذه هي نوعية المخالفات التي رصدتها هيئة الاشراف على الانتخابات؛ فأنا اقول لكم بكل مسؤولية ان مخالفات افظع مرت على شاشة تلفزيون لبنان واله‍يئة انه الهيئة فاقت ترصد كم دقيقة بهيدا النهار وبس شاشة تلفزيون لبنان  	False	NEG	msa	0
2961	ممكن ابلعك 🥺🥺🥺🥺 https://t.co/9bf5tuUTv5	True	NEG	msa	0
2962	حريق في مول لمدة 16 ساعة متواصلة وعند سؤال مدير الدفاع المدني عن السبب قال : لم نجد أي مدخل متاح للمول #سودان #السودان	False	NEU	msa	0
2963	يقول أحدهم :أنظروا للكويت التي سبقتنا في كونها دولة غرقت في شبر موية!فقلت:الفسادلايعترف بالحدود;-).. ! #السعودية #الكويت  	False	NEG	gulf	0
2964	تمورو حرفيًا اذهلوني ...	False	NEU	msa	0
2965	الدويلة: السعدون ليس الخيار الأمثل لحدس ومملوء بالمثالب مثل غيره من النواب!!!   القدر عندما يقيم السعدون ممن أبرموا الصفقات مع الحكومة	False	NEU	msa	0
2966	السبت حتى للعاطلين يوم فيه كئابه حتى حنا نحس زيّكم ترا اخ	False	NEG	gulf	0
2967	المصريين اللى ماتوا فى #سانت_كاترين دول ارهابيين انتحاريين موتوا نفسهم عشان يهزوا أمن الدولة و يشككوا فى نجاح الحكومة الباهر :)  	True	NEG	msa	0
2968	فَإنی لا أَرَی المَوتَ إلَّا السَّعادَةَ وَ الحَیاة مَعَ الظّالِمینَ إلّا بَرماًبه درستی که من مرگ را جز سعادت نمی بینم و زندگی با ستمکاران را جز محنت نمی دانم.	False	NEG	msa	0
2969	والشي المسخرة هو انو رئيي البلدية مجبور يقدم استقالتو قبل ٦ اشهر تما يستغل منصبو بس انو وزير الداخلية يللي مفروض يراقب نزاهة العملية الانتخابية في يترشح عادي يعني   #انتخابات	True	NEG	egypt	0
2970	ههههههههه هاي الأغنية كارثه وربي كل حلقة تفاجئنا بغنية لك خرب 😂😂😂😂😂😂😂😂😂😂😂😂 https://t.co/DEwh6GscoR	True	POS	msa	1
2971	#ستامونيات من بديهيات الإنسانية الحفاظ علي الجمال والطبيعة وحماية الأطفال والنساء والحفاظ علي الآثـار والمباني الأثرية التي تسطر حضاراتنا التي نفتخر بها, من بديهيات الخرفان : حـرق الأخضر واليابس #مش_هانتخب_شفيق  	True	NEG	msa	0
2972	"ماشالله تبارك الله،الله اكبر،،الشعب يتدافع ويتضارب ويسب قبل الاذان كله عشان يطبقون سنة الرسول في ""تعجيل الفطور"" لله دركم.. ಠ_ಠ  "	True	NEG	msa	0
2973	طيب ضل شي من البارلمنت ابو الليره ونص الي غزى البلاد والا خلصت الكميه #عوني_مطيع   #كفك_على_الدوري	False	NEU	levant	1
2974	في السعوديه كل شئ خيالي،أسعار التذاكر،السيارات، السكن. ياحبيبي الدراسات تشير أن السعوديه ستكون دوله اوروبيه في ٢٠١٥	False	NEG	msa	0
2975	صحف رومانيا : كوزمين بين عين الإمارات وأهلي السعودية .. والقوة لمن فلوسه أكثر .!!. / هكذا قالت ..   صرنا	False	NEU	msa	0
2976	كيف تواجه يوماً محبِطاً كهذا اليوم؟بألّا تغادر فراشك مع أنها قاربت الساعة الثانية عشرة والنصف وأنت مستيقظ منذ الثامنة!	False	NEG	msa	0
2977	السيسى | ارتفع الاحتياط النقدى فى مصر من 15 مليار فى 2013 الى اربعين مليار لاول مره ------------------------- ده بالقروض والسلف طبعا طبعا	False	NEG	msa	0
2978	يارب انك تخلصني كلياً من اي شي يضيق خاطري وتبعد عني كل هالحزن .. وترزقني يالله السعادات الي اتمناها وترضيك يارب العالمين.	False	NEG	msa	0
2979	#عرب دول لاتتقبل رأي معارض لساستها ولاتسمع صوت مواطنيها اصلا ولاتتعايش معهم ولا مع طموحاتهم ولالغه مشتركه بين المواطن وحكومته .. كيف تزعم هذه الدول على المقده بالتعايش خلف الحدود مع الثقافات والاديان الاخرى وهي تلفظ ابنائها !   #أهلا_اهلا_اهلاا	False	NEG	msa	0
2980	اليوم يومي مبسوطه مرررره https://t.co/MyKUpEJC5e	False	POS	gulf	0
2981	ياداخل بين البصلة واشرتها ما ينوبك الا ريحتها .. 🤦🏻‍♂️ https://t.co/VmVOGVvi60	False	NEG	egypt	0
2982	بما انه الجيش داهم المبنى صار فينا ننطر لبكرا لكانت راحت السكرة ونشوف اي فكرة حتجي عراس وزير الداخلية لما طلع صوته الليلة  	False	NEG	msa	0
2983	“ أتا متوقع البنات هم كالتالي : شيعية.. ثورية.. تغريبية.. إصلاحية.. ووحدة متجنسة #JeddahFire #KYeslam”  	False	NEU	msa	0
2984	تخيل كده بوكس امن دولة داخل بضهره على تويتر وبيقفش فى الحسابات اللوزعية اللى شغالة على الفتى والهرى والخوابير اللى شغالين هرى اول ذا تايم و فجأة نفس احساس بوكس الإزالة كله شايل الاكونت وبيجرى بكلامه   اوعى البوكس يا عم الحج	True	NEG	egypt	1
2985	.آلدُّعاء  بِحدِ  ذَاتهِ  مرفآُ  إرتّياح مادُمتَّ تُناَجىِ منّ آنتَّ بٍحَاجه إليه	False	POS	msa	0
2986	قذف منتظرالزيدي الرئيس الأمريكي جورج بوش بالحذاءفي بغداد وقذف مواطن مصري كلب المجوس أحمدي نجاد بذات الحذاء في القاهرة إنه زمن الأحذية  	False	NEU	msa	1
2987	فيه مشكلة كارثية .. واحد قال أنا عندي حلها.. أخد فرصته وفشل.. شفنا حل غيره ونجح وتم شفاء مليون ونصف مريض مصري. واصحابنا البٌعدا لسه واقفين عند التنكيت والتبكيت!!  	False	NEG	msa	1
2988	"عند الوفاة الميت فقط هو الخاسر، اما البقية فسيحزنون قليلاً ثم سيتفقون متى وكيف ""سنصنع الطعام""! #سُخريه"	False	NEU	msa	0
2989	عايزه اهرب من الناس والدنيا انا تعبانه خلاص💔	False	NEG	egypt	0
2990	ياريت كله يقعد في بيته يوم 11 فبراير ومحدش ينزل الاضراب .... الزم بيتك لانها فتنة :)	False	NEU	egypt	0
2991	"يعني كيف تبينا نتطور في الذكاء الاصطناعي وحنا ما اجتهدنا في صناعته؟ المتسوق السعودي لديه حاسة سادسة بإمكانه معرفة شكل وحجم ولون الصندوق قبل وصوله له وتسمى بحاسة ""التعرف الذكي للصناديق"" وميزتها تتطور مع الأيام وتصبح أكثر دقة... بس يبيلك كم طلبية بسيطة...  "	True	NEG	gulf	0
2992	"غالياني : "" يوفي حسم الدوري "" كونتي : "" شكراً غالياني اعلم ان بإعماقك انك يوفنتيني ""  "	False	POS	msa	0
2993	ابويا لاء ٳثنين على موتسيكل ٳيديهم فاضية ، قام ٳدالهم موبايلو، هو متسرقش، هو اتبرع بموبايلو بس.   #fact	True	NEU	egypt	0
2994	فجأة من ارض كنت بتمشي عليها ببطاقتك تنام وتصحي تلاقي نفسك عايزلها باسبور وتأشيرة هههههه   #مرسى_صان_والسيسى_خان	True	NEG	egypt	1
2995	تربكني الذكرى ليا مر طاريهوانسى البشر حولي والاحق خيالهواتعطش بشوفة حبيبا غدى فيههما وضيق اكبر من هموم خالهيا غايبا عني عسى الله يحميهاليا وطت اقدامه دروب عاله	False	NEU	msa	0
2996	وانا احسبهم الحين مايتركون حركاتهم	False	NEG	msa	0
2997	#فههههههههههد_غشششششششاااااااام_الببببببصصصصصمانالمقسط،CyG	False	NEU	msa	0
2998	- لــو كــان الامـــر بيدي لأخفيت انهيار دموعي ولــكن سحقاً لتلكــ العين التي تفضح ما يخفي قلبي 🍁💔	False	NEG	msa	0
2999	َ نِسااء بابل كنّ يسْحرن الرّجل بالعيُون فقط .!! وَ نِسااءْ اليَوم يسْحَرن الرّجل بجَسدْ كاامل .!!  	True	NEG	msa	0
